user_id,experiment_group,experiment_week,experiment_day,user_type,device,checkout_conversion,aov_idr,payment_failure,session_duration_sec
1936,control,2,11,returning,mobile,1,145890.52,0,161.7
6495,treatment,1,4,returning,mobile,0,,0,82.4
1721,control,2,11,returning,mobile,0,,0,267.0
9121,treatment,1,3,returning,desktop,0,,0,38.0
361,treatment,1,7,new,desktop,1,140507.35,0,187.5
9664,treatment,2,14,returning,desktop,0,,0,106.1
5278,treatment,2,10,returning,desktop,0,,0,74.9
8547,treatment,2,14,returning,mobile,0,,0,182.9
2222,control,1,7,returning,mobile,0,,0,148.4
4618,treatment,3,21,returning,mobile,0,,0,133.8
3466,treatment,1,7,returning,desktop,0,,0,143.4
1409,treatment,1,4,new,mobile,0,,0,255.4
469,control,1,4,returning,mobile,0,,0,188.8
1176,treatment,1,5,returning,mobile,1,3992946.47,0,101.0
5225,control,3,19,returning,mobile,0,,0,252.9
8129,treatment,1,5,returning,desktop,1,256793.6,0,95.4
425,treatment,1,6,returning,mobile,0,,0,148.8
7048,control,1,5,returning,desktop,0,,0,211.4
2484,control,1,5,returning,mobile,0,,0,130.2
1826,control,3,21,returning,desktop,1,3892265.31,1,164.5
10558,control,3,19,returning,mobile,1,119718.57,0,152.9
1484,control,1,1,returning,mobile,0,,0,77.8
9291,control,3,21,returning,mobile,0,,0,210.3
9710,treatment,3,21,returning,desktop,0,,0,100.2
1651,control,3,20,new,mobile,0,,0,172.7
9787,control,1,3,returning,mobile,0,,0,165.4
2814,control,1,4,returning,desktop,1,60868.96,0,241.9
3705,control,2,8,returning,mobile,0,,0,215.7
6119,treatment,2,13,returning,mobile,0,,0,117.8
5043,control,1,6,new,desktop,0,,0,224.7
11209,treatment,3,15,new,mobile,0,,0,117.8
7239,control,2,8,new,desktop,0,,0,185.9
11506,control,3,17,returning,mobile,1,124019.27,0,215.8
11075,treatment,1,4,new,mobile,1,296041.43,0,134.9
10997,control,1,6,new,desktop,0,,0,112.9
5000,treatment,2,11,new,desktop,0,,1,121.5
8481,control,2,11,returning,desktop,0,,0,198.6
9268,treatment,1,7,returning,mobile,0,,0,109.1
8399,treatment,1,6,new,mobile,0,,0,157.6
2632,control,1,2,returning,mobile,0,,0,226.5
3132,treatment,1,6,returning,mobile,0,,0,216.3
9584,treatment,2,8,returning,mobile,1,233429.6,0,165.0
8219,control,3,18,new,desktop,0,,0,237.1
9277,treatment,1,7,returning,mobile,0,,0,137.1
3814,control,3,20,returning,mobile,0,,0,200.4
5887,control,3,20,returning,mobile,1,130808.16,0,125.4
5083,control,2,10,returning,mobile,0,,0,174.1
11816,treatment,1,2,returning,mobile,0,,0,156.4
8824,treatment,2,14,returning,mobile,1,91455.24,0,86.6
1218,treatment,2,13,new,desktop,0,,0,64.3
3992,control,3,17,new,mobile,0,,0,96.1
11148,control,3,20,new,mobile,0,,0,166.4
7616,treatment,1,5,returning,mobile,0,,0,219.8
10692,treatment,3,20,new,desktop,0,,0,170.0
10185,control,3,16,returning,mobile,0,,0,103.3
1684,control,3,15,returning,mobile,0,,0,136.3
4575,treatment,3,15,returning,mobile,0,,0,184.2
11541,treatment,3,15,new,mobile,0,,0,177.8
10751,control,3,21,new,mobile,0,,0,159.3
11284,control,3,16,new,desktop,0,,0,159.8
7563,control,1,6,returning,mobile,0,,0,180.7
5904,treatment,1,5,returning,mobile,1,145866.68,0,87.9
2583,control,2,13,returning,mobile,0,,0,98.7
3003,control,1,6,returning,mobile,0,,0,189.5
10044,treatment,1,2,returning,mobile,1,200681.14,0,200.8
2088,control,1,4,returning,mobile,0,,0,214.8
8929,control,2,9,returning,mobile,0,,0,175.1
4149,control,1,2,returning,mobile,1,208952.14,0,110.3
136,control,2,14,returning,mobile,0,,0,266.1
9918,control,2,13,new,desktop,0,,0,200.6
1744,treatment,3,19,returning,mobile,0,,0,118.8
7342,control,2,12,returning,mobile,1,120890.93,0,181.2
10875,treatment,1,1,returning,mobile,1,86395.44,0,91.2
3708,treatment,3,15,returning,mobile,1,346602.11,0,129.8
5471,treatment,3,18,new,mobile,0,,0,173.5
701,control,2,9,returning,desktop,0,,1,199.1
8558,treatment,3,19,returning,mobile,0,,0,152.9
11716,treatment,1,4,returning,mobile,0,,0,145.8
1609,control,2,8,new,mobile,0,,0,172.6
5864,treatment,2,8,returning,mobile,0,,1,155.1
430,treatment,2,9,new,mobile,0,,0,148.4
4024,treatment,2,8,returning,mobile,0,,0,214.5
6689,treatment,2,10,returning,mobile,0,,1,84.9
4101,control,3,19,returning,desktop,0,,0,192.5
8876,control,2,11,returning,mobile,1,71719.4,0,223.2
8515,control,3,18,returning,desktop,0,,0,228.4
9650,control,3,16,new,mobile,0,,0,187.0
2271,treatment,3,18,returning,mobile,0,,0,178.3
7693,control,3,21,returning,mobile,0,,0,223.4
71,control,3,17,returning,mobile,0,,0,228.2
5721,treatment,3,21,new,mobile,0,,0,135.6
10748,treatment,2,8,returning,mobile,0,,0,172.7
10153,control,1,5,new,desktop,0,,0,87.3
11958,control,2,8,new,mobile,0,,0,145.3
9138,treatment,3,16,returning,mobile,0,,0,186.0
2020,control,3,20,returning,desktop,0,,0,152.7
9837,control,2,13,returning,mobile,0,,0,190.7
11352,control,1,7,returning,mobile,1,111948.66,0,152.0
6703,treatment,3,19,returning,desktop,1,106909.34,0,107.7
4030,treatment,2,12,new,desktop,0,,0,124.0
7760,treatment,2,11,new,mobile,0,,0,174.2
11691,control,2,8,returning,mobile,0,,0,166.9
8484,treatment,2,13,returning,mobile,0,,0,119.8
3859,treatment,3,17,returning,mobile,0,,0,140.2
745,treatment,3,20,returning,mobile,0,,1,163.7
1384,treatment,1,4,returning,desktop,0,,0,143.3
5644,control,3,17,returning,mobile,0,,0,221.9
8686,control,1,5,new,mobile,0,,0,153.7
10614,control,3,16,returning,desktop,0,,1,241.4
150,control,2,14,new,mobile,0,,0,121.7
11880,treatment,3,21,new,desktop,0,,0,185.5
812,control,2,14,returning,mobile,0,,0,158.7
5901,treatment,2,11,new,desktop,1,582547.2,0,144.1
4329,treatment,1,7,new,mobile,0,,0,99.7
6374,treatment,2,12,new,mobile,1,108186.48,0,56.9
3996,control,2,13,new,desktop,0,,0,204.0
4383,control,3,15,new,mobile,0,,0,190.0
1731,treatment,2,11,returning,desktop,1,160175.52,0,264.5
4360,treatment,3,16,new,mobile,0,,0,66.2
5028,control,1,5,returning,mobile,0,,0,157.7
1794,treatment,2,11,returning,mobile,0,,0,148.1
9080,control,2,12,returning,mobile,0,,1,240.5
5467,treatment,1,2,new,mobile,0,,1,73.7
11128,control,2,12,returning,mobile,0,,0,151.0
8487,treatment,3,18,new,mobile,0,,0,189.6
1122,control,2,8,new,mobile,0,,0,195.2
4619,control,2,13,new,desktop,0,,0,156.3
5938,control,2,13,returning,desktop,0,,0,223.3
9528,control,3,21,returning,mobile,0,,0,241.3
2035,control,2,12,returning,desktop,1,375616.53,0,203.6
3127,treatment,3,20,new,mobile,0,,0,134.0
11065,control,1,2,new,mobile,0,,0,149.6
11823,treatment,1,6,new,desktop,0,,0,161.8
3828,control,3,18,returning,mobile,0,,0,171.7
4368,treatment,2,8,new,mobile,0,,0,147.4
5298,control,2,14,returning,desktop,0,,0,259.4
3211,control,3,19,returning,mobile,0,,0,158.0
9929,treatment,2,10,returning,desktop,0,,0,159.3
2699,control,2,10,returning,mobile,0,,0,160.3
8046,control,2,10,returning,mobile,0,,0,153.6
4280,treatment,1,7,new,mobile,0,,0,145.8
374,control,1,4,returning,mobile,0,,0,211.8
625,treatment,3,21,returning,mobile,0,,0,201.4
11618,control,3,20,returning,mobile,0,,0,196.1
6097,control,1,5,returning,desktop,1,387217.14,0,126.5
4984,control,1,3,returning,desktop,0,,0,209.0
3489,control,2,9,returning,desktop,0,,0,125.0
11980,treatment,3,21,new,mobile,0,,0,201.1
2037,treatment,3,21,returning,mobile,0,,0,154.6
8389,control,2,11,returning,desktop,0,,0,93.0
748,control,2,14,returning,mobile,0,,0,185.9
9038,treatment,3,19,returning,desktop,0,,0,105.5
9146,treatment,1,6,returning,mobile,1,43028.72,0,92.4
4448,control,1,1,returning,mobile,0,,0,179.3
11020,treatment,1,3,new,mobile,0,,0,137.2
6744,control,3,16,returning,desktop,0,,0,244.5
7503,control,2,14,returning,desktop,0,,0,161.1
3101,treatment,2,14,returning,desktop,0,,0,184.3
3300,control,3,18,new,mobile,0,,0,154.7
6246,control,3,16,returning,desktop,0,,0,175.0
8293,control,2,9,returning,desktop,0,,0,128.0
7567,control,3,20,returning,mobile,0,,0,236.0
3432,treatment,2,12,returning,mobile,0,,0,152.4
7119,control,2,14,returning,mobile,0,,0,167.9
6806,treatment,2,8,new,mobile,0,,1,167.3
1262,control,1,1,returning,mobile,0,,0,251.9
648,treatment,1,7,new,mobile,0,,0,128.8
20,treatment,1,6,returning,mobile,0,,0,104.1
5609,control,3,18,new,mobile,0,,0,183.4
2146,treatment,3,15,returning,desktop,1,207169.95,0,177.6
6921,treatment,3,15,returning,mobile,0,,0,148.5
5923,treatment,3,21,returning,mobile,0,,0,158.5
9412,control,3,21,returning,mobile,0,,0,248.2
2792,control,3,18,new,mobile,0,,0,135.4
4955,control,2,11,returning,mobile,0,,0,218.4
6728,control,1,7,returning,mobile,0,,0,148.4
1906,control,3,17,returning,mobile,1,309553.91,1,173.6
2022,control,1,6,returning,mobile,0,,0,274.7
5358,control,2,8,returning,mobile,0,,0,204.6
3502,treatment,3,21,returning,mobile,0,,0,173.6
1370,control,2,11,new,mobile,0,,0,127.8
4768,treatment,3,20,returning,mobile,1,197572.71,0,99.2
1369,control,3,21,returning,mobile,0,,0,170.6
9374,treatment,1,5,returning,mobile,0,,0,134.3
9785,treatment,3,18,returning,mobile,0,,0,108.1
1942,control,2,12,new,mobile,0,,0,179.1
7589,treatment,1,7,returning,mobile,1,99477.85,0,126.2
1979,treatment,3,21,new,mobile,0,,1,153.0
8727,treatment,2,9,returning,mobile,0,,0,119.0
5365,treatment,3,19,new,mobile,0,,0,88.2
3367,treatment,3,15,new,mobile,0,,0,192.7
6619,control,2,14,new,mobile,0,,0,181.5
7114,treatment,2,14,new,mobile,0,,0,124.7
5047,control,1,7,returning,mobile,0,,0,225.7
3890,control,1,5,returning,mobile,1,648432.37,1,214.3
3373,treatment,3,17,returning,mobile,0,,0,162.6
4554,treatment,3,15,new,mobile,0,,0,82.0
11193,treatment,1,5,returning,mobile,0,,0,190.5
3046,treatment,3,18,returning,mobile,0,,0,187.1
4811,treatment,3,16,returning,mobile,0,,1,165.4
2334,control,1,2,new,mobile,0,,0,187.5
840,treatment,3,20,returning,mobile,0,,0,96.1
5263,control,1,2,new,mobile,0,,0,90.5
8517,treatment,1,7,new,mobile,0,,0,129.0
10905,control,2,8,returning,mobile,0,,0,159.1
1435,control,3,15,new,mobile,0,,0,265.7
3858,control,1,4,returning,mobile,0,,0,128.6
4602,treatment,1,5,new,mobile,0,,0,134.5
2674,control,2,13,new,desktop,0,,0,169.3
5181,treatment,3,19,returning,mobile,1,117173.51,0,137.9
488,control,2,10,returning,desktop,0,,1,221.0
5518,control,1,5,returning,mobile,0,,0,301.6
534,treatment,2,14,new,mobile,0,,0,173.1
7603,treatment,3,18,new,mobile,0,,0,122.8
7607,treatment,3,15,returning,desktop,0,,0,184.8
6082,control,2,9,returning,mobile,0,,0,209.8
2961,treatment,1,7,new,mobile,1,139879.46,0,87.7
2184,control,1,2,returning,mobile,0,,0,181.8
10965,treatment,2,11,new,desktop,0,,0,237.6
4169,treatment,1,6,returning,desktop,0,,0,117.9
5720,control,2,14,new,mobile,0,,0,200.1
11204,control,2,9,new,desktop,0,,0,194.3
11556,control,3,19,returning,mobile,1,40696.34,0,176.1
7092,treatment,2,11,new,desktop,0,,0,158.4
9327,treatment,2,11,returning,mobile,0,,0,146.6
6715,treatment,2,11,returning,desktop,1,113969.4,0,102.4
201,treatment,3,19,new,desktop,0,,1,81.3
11773,control,2,14,returning,mobile,0,,0,215.8
2211,treatment,3,16,new,mobile,0,,0,53.6
8252,control,3,20,new,mobile,0,,0,200.1
7839,treatment,2,14,returning,mobile,0,,0,169.9
9120,treatment,3,17,new,mobile,0,,0,185.7
8762,control,3,15,returning,mobile,1,77729.42,0,216.8
9118,treatment,1,4,new,mobile,1,246061.1,0,106.3
11719,treatment,1,6,returning,desktop,0,,0,105.2
2445,control,2,14,returning,mobile,0,,0,141.0
3313,treatment,2,10,new,desktop,0,,0,97.3
219,treatment,3,18,returning,mobile,0,,0,145.1
2616,control,1,6,returning,desktop,0,,0,161.7
8030,treatment,1,1,returning,mobile,0,,0,146.7
3778,control,3,21,returning,desktop,0,,0,186.9
4630,control,1,7,new,mobile,0,,0,192.7
10737,control,1,3,new,mobile,0,,0,221.9
9193,treatment,1,6,returning,mobile,0,,0,65.3
11999,treatment,1,7,new,mobile,0,,0,72.9
11752,control,1,4,returning,mobile,0,,0,233.5
7190,treatment,2,14,new,desktop,0,,0,116.0
11591,control,2,8,new,desktop,1,136357.03,0,254.5
1671,control,3,16,returning,mobile,1,131303.36,0,125.2
1189,control,1,2,new,desktop,0,,0,228.3
1615,treatment,3,15,new,mobile,0,,0,37.3
2341,control,2,9,new,mobile,1,76548.59,0,179.1
5668,treatment,2,10,new,mobile,0,,0,153.6
2874,control,2,11,returning,mobile,1,699392.23,0,144.8
5944,treatment,1,7,returning,desktop,1,421114.08,0,145.4
3018,control,3,20,new,mobile,0,,0,113.1
4093,treatment,1,3,returning,desktop,0,,0,155.4
3291,control,3,16,returning,desktop,0,,0,323.3
96,treatment,2,8,new,mobile,1,96182.09,0,223.2
3404,treatment,3,21,new,mobile,0,,0,141.7
11578,control,1,2,returning,mobile,0,,0,131.7
7189,control,2,10,returning,mobile,0,,0,142.0
5803,treatment,2,10,returning,mobile,0,,0,192.1
3099,control,3,20,new,desktop,0,,0,181.2
3419,control,1,5,returning,desktop,0,,0,174.5
7635,control,3,20,returning,mobile,0,,0,188.6
11044,control,3,17,returning,desktop,1,70170.05,0,209.2
9718,control,2,13,new,desktop,0,,0,222.4
1414,treatment,1,2,new,desktop,0,,0,297.9
11794,control,1,2,returning,mobile,1,398219.92,0,251.1
7316,control,1,6,returning,mobile,0,,0,199.9
1374,treatment,3,15,returning,desktop,1,293268.05,0,219.9
2361,treatment,1,7,returning,mobile,0,,0,199.8
2058,control,2,11,returning,mobile,0,,0,189.8
3149,treatment,1,7,new,mobile,1,142929.65,0,24.8
5014,treatment,2,8,new,mobile,0,,0,158.5
4505,control,2,13,returning,mobile,1,156783.92,0,255.4
9404,control,2,12,new,desktop,0,,0,185.1
9647,control,3,19,returning,desktop,0,,0,199.4
4405,control,2,11,new,mobile,0,,0,174.4
857,treatment,1,4,new,desktop,0,,0,175.8
5177,control,2,12,returning,mobile,0,,0,109.7
10550,treatment,2,8,returning,desktop,0,,0,132.1
10659,control,2,8,returning,desktop,0,,0,240.0
2320,treatment,2,8,returning,desktop,0,,0,197.9
9762,control,3,15,new,mobile,0,,0,148.4
8032,control,2,9,returning,desktop,0,,0,163.3
5063,control,3,19,returning,desktop,0,,0,155.9
1209,control,2,11,new,mobile,0,,0,180.0
10130,control,3,15,new,mobile,0,,0,167.5
11812,control,3,15,new,mobile,0,,1,103.9
8894,control,3,21,new,mobile,1,155422.53,0,77.3
6499,control,3,19,new,mobile,0,,0,274.6
9518,control,3,17,returning,mobile,1,333774.31,0,113.7
1278,control,3,20,new,desktop,1,103711.59,0,111.0
2472,treatment,1,2,new,mobile,0,,0,107.5
3939,control,3,16,returning,mobile,0,,0,180.0
102,treatment,2,9,returning,mobile,1,235734.06,0,150.0
6900,treatment,2,8,returning,mobile,0,,0,62.7
725,control,1,6,returning,desktop,0,,0,188.4
4817,control,3,21,returning,mobile,1,173894.3,0,182.7
2378,treatment,2,8,new,mobile,0,,0,120.9
813,treatment,1,6,new,desktop,0,,0,61.0
305,treatment,2,14,returning,mobile,1,132747.3,0,83.0
8938,control,3,21,returning,mobile,0,,0,156.9
5404,control,1,1,new,mobile,0,,0,180.7
4641,control,2,8,new,desktop,0,,0,144.0
8698,control,2,10,new,desktop,0,,0,195.5
6366,control,2,14,returning,desktop,0,,0,287.3
100,treatment,2,11,new,desktop,0,,0,175.6
5100,treatment,3,17,returning,desktop,1,222304.66,0,129.3
851,control,3,18,new,desktop,0,,0,249.5
5703,control,1,2,returning,desktop,0,,0,191.6
386,treatment,2,12,returning,mobile,1,166227.63,0,172.0
4786,treatment,2,13,returning,mobile,0,,0,229.7
4044,treatment,1,1,returning,mobile,0,,0,126.0
9781,control,2,10,returning,desktop,0,,0,200.0
7884,treatment,2,13,returning,mobile,0,,0,107.7
10787,treatment,2,14,new,mobile,0,,0,113.7
9902,control,1,3,returning,desktop,1,281266.33,0,224.4
8254,treatment,1,3,new,mobile,1,81408.57,0,85.0
6413,control,3,19,returning,mobile,0,,0,165.6
8302,control,3,20,returning,mobile,0,,0,259.9
5386,treatment,1,3,new,desktop,0,,0,218.9
10718,treatment,2,12,new,mobile,0,,1,86.2
10332,treatment,1,1,new,desktop,0,,0,164.7
8721,treatment,1,4,returning,mobile,0,,0,157.8
10939,control,3,15,returning,mobile,1,168251.1,0,194.5
10445,treatment,2,13,new,mobile,1,95779.6,0,97.3
2733,treatment,1,4,returning,mobile,0,,0,152.5
9446,control,3,18,returning,mobile,1,178723.44,0,176.6
9599,treatment,2,9,new,desktop,0,,0,127.2
462,control,2,13,returning,mobile,0,,0,166.8
10568,treatment,1,4,returning,desktop,0,,0,220.5
120,treatment,2,11,new,desktop,0,,0,173.0
1571,control,1,1,new,mobile,0,,0,111.6
7736,control,2,8,new,desktop,0,,0,225.3
8619,control,3,21,new,mobile,0,,0,211.0
358,treatment,1,1,returning,mobile,0,,0,145.5
4309,treatment,3,21,returning,mobile,1,201966.47,0,147.2
3910,treatment,2,9,returning,desktop,0,,0,198.3
2047,control,3,20,returning,mobile,0,,0,113.7
5366,treatment,1,6,returning,mobile,1,84177.46,0,120.9
2151,treatment,1,7,returning,mobile,0,,0,145.2
8123,treatment,3,16,new,mobile,0,,0,88.2
4049,control,3,20,returning,mobile,0,,0,225.8
1982,control,1,6,new,mobile,0,,0,193.7
1403,treatment,2,8,returning,mobile,1,151810.28,0,100.8
10592,treatment,2,13,new,mobile,0,,0,221.3
5584,treatment,1,4,new,desktop,1,162711.07,0,219.1
397,treatment,1,6,returning,mobile,0,,0,91.2
1040,control,3,16,returning,desktop,0,,0,190.0
10610,treatment,1,3,returning,mobile,0,,0,67.4
1587,control,2,8,returning,mobile,0,,0,150.2
3692,treatment,1,1,new,mobile,0,,0,133.3
5426,treatment,3,19,returning,desktop,0,,0,160.6
380,treatment,1,4,returning,desktop,0,,0,106.9
7803,control,2,11,new,desktop,0,,0,193.9
2143,treatment,2,13,returning,mobile,0,,0,133.7
4129,treatment,2,10,returning,mobile,0,,0,40.7
2460,treatment,2,10,new,mobile,1,273426.9,0,207.3
11279,control,3,16,returning,mobile,0,,0,202.8
1054,control,2,12,returning,desktop,0,,0,211.2
1787,control,2,12,new,desktop,0,,0,212.2
8205,control,2,11,new,mobile,0,,0,126.1
4843,control,1,6,returning,mobile,0,,1,119.4
10320,control,2,9,returning,desktop,0,,0,173.5
10288,treatment,1,4,returning,desktop,1,104387.14,0,115.0
2246,control,2,11,returning,mobile,1,231871.95,0,209.9
8608,treatment,1,3,new,desktop,0,,0,158.3
7283,control,3,20,returning,mobile,0,,1,243.3
7842,control,3,18,returning,mobile,0,,0,157.0
3820,treatment,3,15,returning,mobile,1,119615.39,0,63.0
3379,control,2,14,new,mobile,0,,0,201.1
3922,treatment,3,18,new,desktop,0,,0,221.6
9605,control,2,12,new,mobile,0,,0,215.3
2964,treatment,3,19,new,mobile,0,,0,147.8
9864,treatment,1,1,new,desktop,1,228521.7,0,55.2
7621,control,2,13,returning,mobile,0,,0,215.3
1497,treatment,1,6,returning,mobile,1,177701.58,0,105.9
7467,control,1,4,returning,mobile,1,137733.77,0,168.4
5764,treatment,2,10,returning,mobile,0,,1,50.0
3703,treatment,1,1,new,mobile,0,,0,136.2
3895,treatment,3,15,new,desktop,1,931348.63,0,107.3
9319,treatment,2,10,returning,mobile,1,154667.39,0,178.4
6467,control,1,2,new,mobile,0,,0,194.0
3661,control,3,19,new,desktop,0,,0,189.6
2086,control,1,1,returning,desktop,0,,0,146.0
9819,control,1,5,returning,mobile,0,,0,259.1
4254,treatment,1,5,returning,desktop,0,,0,74.5
2352,treatment,3,20,returning,mobile,0,,0,93.8
4376,control,3,20,returning,mobile,0,,0,191.0
555,control,3,18,new,mobile,0,,0,233.0
7086,treatment,2,10,returning,mobile,0,,0,142.8
7458,treatment,3,20,new,desktop,0,,0,176.4
9573,control,3,21,new,mobile,0,,0,265.4
5021,treatment,2,14,new,mobile,0,,0,79.3
669,control,2,12,returning,desktop,0,,0,185.7
3743,treatment,3,17,returning,mobile,0,,0,167.1
48,control,2,9,returning,desktop,0,,0,280.4
10061,treatment,1,2,new,mobile,0,,0,175.2
10040,treatment,3,21,returning,desktop,1,58916.52,0,182.9
6840,treatment,2,8,new,mobile,0,,0,133.6
11951,treatment,1,3,returning,desktop,0,,0,70.8
1179,control,1,5,returning,mobile,1,434958.34,0,207.9
7602,treatment,3,20,returning,mobile,0,,0,183.0
10962,control,1,2,new,mobile,1,185784.99,0,181.8
2992,treatment,1,7,returning,mobile,0,,0,149.3
1784,control,1,6,new,mobile,0,,0,226.4
4873,treatment,2,14,new,mobile,0,,0,80.5
5848,control,1,7,returning,desktop,1,227785.69,0,259.3
2219,treatment,3,20,new,mobile,0,,0,149.5
10448,control,3,16,returning,desktop,0,,0,248.0
3915,control,3,15,returning,mobile,0,,0,186.6
3223,treatment,3,20,new,mobile,0,,0,183.6
5139,control,2,12,returning,desktop,0,,0,254.4
5101,treatment,1,2,new,mobile,0,,0,169.1
4421,control,3,19,new,mobile,0,,0,160.4
4314,treatment,3,20,new,desktop,0,,0,152.2
3004,treatment,3,15,returning,mobile,1,128026.23,0,127.0
6683,treatment,1,6,new,mobile,0,,0,125.3
246,treatment,2,8,new,mobile,0,,0,130.1
9363,treatment,3,19,returning,mobile,0,,0,172.1
3530,control,1,2,new,mobile,1,201957.62,0,170.7
9534,control,1,2,new,mobile,0,,0,268.0
8142,control,1,4,returning,desktop,0,,0,113.4
9859,treatment,2,14,returning,mobile,0,,0,20.0
7690,control,2,10,new,mobile,0,,0,151.7
10865,treatment,2,13,returning,desktop,1,201547.39,0,138.7
2040,treatment,1,3,new,desktop,0,,0,147.0
1023,treatment,2,12,new,mobile,0,,0,156.0
2689,control,3,19,returning,mobile,1,117145.77,0,249.7
8135,control,3,18,returning,desktop,0,,0,212.7
11627,control,1,5,new,mobile,0,,0,155.9
8117,treatment,2,11,returning,mobile,0,,0,134.3
10260,treatment,1,4,returning,mobile,0,,0,114.8
4694,treatment,1,3,returning,desktop,1,134951.88,0,172.9
2373,control,3,15,new,mobile,0,,0,106.0
5839,control,2,9,new,mobile,0,,0,236.8
10697,control,2,10,new,mobile,1,460836.03,0,137.8
4868,control,2,13,returning,desktop,0,,0,185.5
11702,treatment,1,1,new,mobile,0,,0,87.9
1693,control,1,2,returning,mobile,0,,0,123.3
11595,control,3,18,returning,desktop,1,302285.53,0,199.2
10308,control,3,16,returning,desktop,0,,0,155.4
1492,treatment,3,17,new,mobile,0,,0,63.1
3786,treatment,1,4,new,mobile,0,,0,111.4
3653,control,3,16,new,desktop,0,,0,124.6
3672,treatment,1,6,new,desktop,0,,0,230.4
10935,control,2,14,returning,mobile,0,,0,152.5
8566,control,1,1,returning,desktop,0,,0,280.8
8573,treatment,2,14,new,desktop,0,,0,168.5
10615,treatment,3,20,returning,desktop,1,144393.74,0,173.4
5266,control,2,14,new,desktop,0,,0,154.0
3449,control,3,17,returning,mobile,0,,0,220.9
3680,control,3,19,returning,desktop,1,2739959.59,0,136.2
6190,treatment,3,15,new,mobile,0,,0,203.9
7445,control,1,3,returning,desktop,0,,0,269.7
6878,control,1,4,returning,mobile,0,,0,200.7
4468,treatment,3,18,new,mobile,0,,0,182.2
4098,treatment,1,6,returning,mobile,0,,0,135.0
7338,control,3,20,returning,mobile,0,,0,254.4
4157,treatment,1,5,returning,mobile,1,315994.01,0,123.6
7135,control,1,7,returning,mobile,1,202996.23,0,124.9
5212,control,3,19,new,mobile,1,480860.21,0,254.4
4681,treatment,1,6,new,mobile,1,145940.8,0,119.3
2630,control,2,9,new,mobile,0,,1,197.2
6364,control,2,11,new,mobile,0,,0,169.4
2532,treatment,1,7,returning,mobile,1,133541.9,0,168.1
1513,treatment,3,19,new,desktop,0,,0,180.0
4005,treatment,1,3,new,desktop,0,,0,209.9
4465,control,1,4,returning,mobile,1,145027.42,0,250.4
1011,treatment,2,12,returning,mobile,0,,0,164.9
6508,control,1,7,returning,mobile,1,251438.84,0,196.8
11106,control,2,8,returning,desktop,0,,0,80.3
2423,treatment,2,14,returning,desktop,1,172712.25,0,113.1
2055,control,2,13,returning,desktop,0,,0,261.0
10307,treatment,1,3,returning,mobile,0,,0,127.1
7638,treatment,3,17,new,mobile,0,,0,161.3
6128,control,1,1,new,desktop,0,,0,163.0
5573,treatment,2,10,returning,mobile,0,,1,150.7
909,control,1,7,returning,mobile,1,246021.19,0,194.6
11098,treatment,1,7,new,mobile,0,,0,135.0
7699,control,1,5,returning,desktop,0,,0,238.2
8080,treatment,1,3,new,mobile,0,,0,151.3
8983,treatment,3,19,returning,mobile,1,257217.57,0,165.6
6312,treatment,1,7,new,mobile,0,,0,137.6
215,treatment,2,12,returning,desktop,0,,0,193.0
2987,control,3,17,returning,desktop,1,186106.85,0,181.7
9100,treatment,2,9,returning,mobile,0,,0,218.5
3116,treatment,2,12,returning,desktop,0,,0,116.8
7262,treatment,2,12,returning,desktop,1,160969.98,0,176.5
11102,control,2,11,returning,desktop,1,217436.25,0,144.4
6189,treatment,2,12,new,mobile,0,,0,148.3
10549,treatment,3,17,new,mobile,0,,0,175.7
6456,treatment,3,20,returning,mobile,1,194411.56,0,155.0
15,control,2,11,new,mobile,0,,0,212.6
2803,control,1,3,returning,desktop,0,,0,256.7
11515,control,1,6,new,mobile,1,342857.5,0,161.9
1702,treatment,1,5,returning,mobile,0,,0,191.0
2702,treatment,2,12,returning,desktop,0,,0,104.6
1321,control,1,6,new,desktop,0,,0,189.2
10081,treatment,3,17,returning,mobile,0,,0,150.3
10141,control,2,11,returning,desktop,1,250679.89,0,145.0
8063,treatment,1,5,new,mobile,0,,0,159.2
5029,treatment,2,14,returning,desktop,0,,1,75.0
519,control,1,5,new,mobile,0,,0,141.5
10444,treatment,3,17,new,mobile,1,98466.44,0,112.8
3541,treatment,2,10,new,desktop,0,,0,144.2
11942,control,3,20,new,mobile,0,,0,214.4
11836,treatment,2,12,returning,mobile,0,,0,103.4
10459,control,1,1,returning,mobile,1,150848.03,0,200.2
4411,control,1,7,new,mobile,0,,0,187.9
5701,treatment,3,15,new,mobile,0,,0,87.0
2381,treatment,2,10,returning,desktop,0,,0,179.0
2103,treatment,3,15,returning,mobile,0,,0,194.3
6831,control,3,21,returning,mobile,0,,0,235.6
6907,treatment,1,3,returning,mobile,0,,0,202.7
7846,control,2,9,returning,mobile,1,146671.08,0,240.0
10096,treatment,2,11,returning,mobile,0,,0,26.4
10821,treatment,1,2,returning,mobile,0,,0,138.0
1644,control,1,3,returning,mobile,0,,0,186.5
32,treatment,2,13,returning,mobile,0,,0,127.8
2228,control,1,3,returning,mobile,0,,0,165.6
9292,treatment,2,13,new,mobile,0,,0,156.0
10505,treatment,2,10,new,mobile,0,,0,61.2
7172,treatment,3,20,returning,mobile,0,,0,124.5
1792,control,3,17,new,mobile,0,,0,215.5
5399,treatment,3,15,new,mobile,0,,0,94.6
7173,treatment,1,4,returning,mobile,0,,0,154.8
674,treatment,2,9,new,desktop,1,191440.68,0,120.2
51,control,2,11,returning,mobile,0,,0,230.8
484,control,3,21,returning,mobile,1,246976.38,0,167.8
1924,control,3,15,new,mobile,0,,0,247.2
11780,treatment,2,14,returning,desktop,1,170228.02,0,185.7
9222,control,1,2,new,mobile,0,,0,218.5
10516,control,1,5,returning,mobile,0,,0,187.8
928,treatment,1,7,returning,mobile,0,,0,91.5
5532,treatment,3,15,returning,desktop,0,,0,172.1
4920,control,1,7,returning,mobile,0,,0,155.0
8499,treatment,1,6,new,mobile,0,,0,113.5
1951,treatment,3,17,returning,desktop,0,,0,67.4
8076,control,3,18,returning,mobile,0,,0,208.6
2168,control,3,15,returning,mobile,0,,0,152.7
7069,control,3,21,returning,mobile,0,,0,118.1
4925,control,3,15,returning,mobile,0,,0,209.3
8385,control,2,13,new,mobile,0,,1,170.2
3035,treatment,3,18,returning,desktop,0,,0,61.0
11914,control,2,14,returning,desktop,0,,0,220.6
7061,control,2,8,new,mobile,0,,0,279.8
9339,treatment,3,17,returning,mobile,0,,0,165.5
7906,control,3,17,returning,mobile,1,125483.74,0,143.3
4607,treatment,3,16,returning,desktop,0,,1,66.1
2349,control,3,18,returning,desktop,0,,0,170.1
1348,control,3,21,new,desktop,0,,0,232.4
2767,control,1,4,new,mobile,0,,0,144.2
4041,control,3,15,returning,mobile,1,304584.36,0,209.8
2237,control,3,20,returning,desktop,1,91855.47,0,151.9
5717,treatment,2,9,returning,mobile,0,,0,127.1
10119,control,3,15,returning,desktop,0,,0,178.3
7404,treatment,2,12,returning,desktop,1,161821.06,0,80.0
7986,control,2,8,returning,mobile,0,,0,225.0
11227,control,1,6,returning,desktop,0,,0,177.9
1431,treatment,3,20,returning,desktop,0,,0,144.7
1276,control,3,15,new,mobile,0,,0,149.7
7756,treatment,2,14,new,desktop,0,,0,176.3
10182,treatment,2,10,returning,mobile,0,,0,195.9
6516,control,3,17,new,mobile,0,,0,149.6
3155,control,2,10,returning,mobile,0,,0,166.0
3370,control,1,3,new,mobile,0,,1,134.6
10903,control,1,5,returning,mobile,0,,0,181.5
5636,treatment,2,9,returning,mobile,1,1781665.73,0,142.6
4709,control,2,14,returning,desktop,0,,0,186.8
4839,control,2,12,returning,desktop,0,,0,201.4
3049,treatment,2,13,new,desktop,0,,0,115.0
7811,control,2,9,returning,mobile,0,,0,225.2
11176,treatment,3,21,returning,mobile,0,,0,22.1
9800,control,1,6,new,mobile,0,,0,186.9
5581,treatment,1,3,returning,desktop,0,,0,173.1
7808,control,3,15,new,mobile,0,,0,181.1
3289,control,3,18,new,desktop,0,,0,157.4
2013,control,3,18,new,mobile,0,,0,103.6
7093,treatment,1,7,new,desktop,0,,0,192.6
1454,treatment,2,13,returning,mobile,0,,0,155.7
1079,treatment,3,16,new,desktop,0,,0,62.9
6464,control,2,8,returning,desktop,1,94339.63,0,140.0
10502,control,1,4,new,mobile,0,,0,131.8
435,control,3,20,returning,desktop,0,,1,169.8
7196,treatment,2,9,new,mobile,0,,0,104.9
614,treatment,3,21,returning,mobile,1,65923.58,0,104.5
11926,control,2,11,returning,mobile,1,184613.6,0,167.4
2994,treatment,2,11,new,mobile,0,,0,78.3
11663,control,3,20,new,desktop,0,,0,167.2
1112,control,1,7,returning,mobile,0,,0,169.9
7248,control,2,9,returning,mobile,0,,0,167.5
7710,treatment,3,15,returning,desktop,0,,0,44.7
10791,treatment,2,13,returning,desktop,0,,1,162.4
1283,control,3,21,returning,mobile,0,,0,80.8
2454,treatment,2,14,returning,desktop,0,,1,124.9
10513,control,2,13,returning,mobile,0,,0,246.4
7891,treatment,2,8,returning,mobile,0,,0,119.8
11959,treatment,2,13,returning,mobile,0,,0,84.5
6593,control,2,10,returning,mobile,1,119432.47,0,206.1
8367,control,1,3,new,mobile,0,,0,204.6
915,treatment,1,7,returning,desktop,0,,0,98.2
5282,control,3,21,returning,desktop,0,,0,257.3
5837,treatment,1,7,new,desktop,0,,0,175.9
9328,control,3,19,new,desktop,0,,1,231.9
1198,treatment,3,17,new,desktop,0,,1,49.9
6388,control,1,3,returning,desktop,0,,0,183.8
9567,control,2,11,returning,mobile,0,,1,191.5
7734,control,3,17,new,mobile,0,,0,234.1
2877,control,3,16,new,desktop,0,,0,110.8
8324,treatment,2,14,returning,mobile,0,,1,161.6
5909,control,3,15,returning,mobile,1,221738.19,1,143.0
7999,control,3,21,returning,desktop,0,,0,259.5
108,control,1,4,returning,mobile,1,173885.23,0,170.9
3690,control,3,15,returning,desktop,1,543116.54,0,202.1
4608,control,1,6,new,mobile,0,,0,230.0
9976,control,3,16,new,desktop,0,,0,137.4
11335,control,1,6,returning,mobile,0,,0,167.6
8092,control,3,17,new,mobile,0,,0,147.5
8217,treatment,3,21,new,mobile,1,122659.15,0,161.1
968,control,1,5,new,mobile,0,,0,204.0
6250,control,1,6,returning,mobile,0,,0,236.8
218,control,2,10,returning,mobile,0,,0,213.7
2983,control,3,15,returning,mobile,0,,0,188.3
7444,control,2,12,returning,mobile,1,242910.05,0,192.1
5580,treatment,2,8,returning,mobile,0,,0,88.3
7700,treatment,2,12,returning,mobile,0,,0,88.6
8476,control,3,19,new,desktop,0,,0,180.8
4951,control,3,17,new,mobile,0,,1,152.4
511,control,1,5,new,mobile,0,,0,147.2
5235,treatment,2,12,returning,mobile,1,124142.62,0,118.5
6821,treatment,1,1,new,mobile,0,,0,118.7
4484,control,1,6,returning,desktop,0,,0,136.7
6063,control,3,15,new,desktop,0,,1,253.4
574,treatment,1,6,returning,mobile,0,,0,96.4
6576,treatment,2,14,new,desktop,0,,1,141.3
40,treatment,2,8,returning,mobile,1,86087.45,0,124.7
4218,control,2,10,returning,mobile,0,,0,182.5
3911,treatment,3,15,returning,mobile,1,127712.92,0,183.1
1624,control,3,21,returning,mobile,0,,0,201.1
7282,control,2,11,new,desktop,0,,0,175.6
1415,control,1,5,new,desktop,0,,0,200.2
2565,treatment,3,18,new,mobile,0,,0,186.0
6849,control,3,20,new,desktop,0,,0,163.5
2407,treatment,1,5,returning,mobile,0,,0,157.6
8845,treatment,2,11,returning,mobile,0,,0,145.1
8644,control,2,13,returning,mobile,1,143726.21,0,201.6
5227,control,2,8,returning,mobile,0,,0,277.6
3285,control,1,2,returning,mobile,0,,0,164.7
5479,treatment,2,8,returning,desktop,0,,0,146.2
347,treatment,1,5,new,mobile,0,,0,126.1
7223,treatment,2,8,returning,mobile,0,,0,143.7
7111,treatment,1,6,new,mobile,0,,0,99.3
2629,control,3,21,returning,mobile,0,,0,139.4
9844,treatment,3,20,returning,desktop,0,,0,182.5
3315,control,2,13,new,mobile,1,129933.9,0,190.2
7633,treatment,2,14,returning,desktop,0,,0,123.3
3044,control,2,11,returning,mobile,0,,0,163.5
10671,control,1,6,returning,mobile,0,,0,170.3
4994,control,3,17,new,mobile,0,,0,125.3
7423,control,3,16,new,mobile,0,,0,215.5
4048,control,1,7,returning,mobile,0,,0,148.0
9058,treatment,1,4,returning,mobile,0,,0,145.7
11996,treatment,1,5,returning,mobile,0,,0,186.2
5035,treatment,2,9,new,mobile,0,,0,161.9
4611,treatment,2,11,returning,desktop,1,278927.42,0,201.2
11957,treatment,2,13,new,mobile,1,101995.51,1,136.9
5336,treatment,3,15,new,mobile,0,,0,85.5
9592,control,2,8,new,mobile,0,,0,205.4
11792,treatment,1,2,new,desktop,0,,0,100.9
5012,treatment,1,5,returning,mobile,0,,0,99.2
9040,control,2,8,returning,mobile,0,,0,168.8
938,control,1,2,new,desktop,1,132742.52,0,106.0
4533,treatment,3,19,returning,desktop,1,364112.12,0,191.6
4845,control,3,20,returning,mobile,0,,0,147.1
3465,treatment,3,19,new,mobile,0,,0,55.7
8070,treatment,1,1,new,desktop,0,,0,175.2
178,treatment,3,17,new,desktop,0,,0,217.4
7334,treatment,2,11,returning,mobile,0,,0,170.0
3603,treatment,3,19,returning,desktop,0,,0,243.1
8303,control,2,13,returning,desktop,0,,0,235.6
7502,treatment,1,6,new,desktop,0,,0,179.0
10632,control,3,19,returning,mobile,0,,0,199.1
1220,control,2,9,returning,mobile,0,,0,178.4
8311,treatment,1,7,new,desktop,0,,0,141.8
11354,control,1,6,new,mobile,0,,0,223.9
7020,treatment,1,4,returning,mobile,0,,1,26.9
9843,control,2,13,returning,mobile,0,,0,156.4
458,control,2,13,new,desktop,0,,0,194.5
5065,treatment,3,20,returning,desktop,0,,0,86.0
1158,control,2,14,returning,mobile,1,93141.73,0,125.8
9515,control,2,13,returning,desktop,0,,0,141.4
3239,control,3,17,returning,mobile,0,,0,124.2
9831,treatment,1,1,new,desktop,0,,0,31.0
1214,control,2,8,returning,mobile,0,,0,149.4
11132,control,3,19,new,desktop,0,,0,208.6
11481,treatment,1,3,new,desktop,0,,0,120.0
11849,control,2,9,returning,mobile,0,,0,168.3
7837,control,3,20,returning,mobile,0,,0,155.9
10624,treatment,1,5,returning,desktop,0,,0,159.0
8944,treatment,3,21,returning,mobile,1,109580.89,0,123.5
933,control,2,13,returning,desktop,0,,1,239.1
4723,control,2,8,returning,mobile,0,,1,154.0
4194,treatment,3,17,returning,desktop,0,,0,69.3
2232,treatment,1,3,returning,mobile,0,,0,110.3
2652,control,1,7,returning,desktop,0,,0,228.7
1985,treatment,3,16,returning,mobile,0,,0,187.4
8807,control,2,10,new,mobile,0,,0,128.7
2474,treatment,1,7,returning,mobile,0,,0,131.5
1434,control,3,17,new,mobile,0,,0,294.0
10884,treatment,1,2,returning,mobile,0,,0,128.4
5368,treatment,1,1,returning,mobile,0,,0,117.6
4032,control,3,21,returning,mobile,0,,0,143.4
2215,treatment,1,6,returning,mobile,0,,0,133.0
11258,control,3,20,returning,desktop,0,,0,224.7
304,treatment,2,9,returning,desktop,0,,0,40.7
8945,treatment,3,19,new,mobile,0,,0,87.6
10762,treatment,3,18,new,desktop,0,,0,147.5
971,control,1,1,returning,mobile,0,,0,226.0
10422,control,2,14,returning,mobile,0,,0,170.1
5415,treatment,2,14,new,mobile,1,190875.04,0,242.9
211,treatment,3,18,returning,mobile,0,,0,202.6
1935,treatment,3,18,new,mobile,0,,0,130.8
11696,treatment,2,8,new,mobile,0,,0,160.3
652,treatment,3,18,new,desktop,0,,0,73.6
11206,control,2,8,returning,mobile,0,,0,169.0
9310,treatment,1,6,new,desktop,0,,0,168.8
10143,control,3,17,returning,mobile,0,,0,62.1
8234,treatment,2,13,returning,desktop,0,,0,136.2
3614,treatment,1,2,returning,mobile,0,,0,103.7
6818,control,1,2,returning,mobile,0,,0,123.7
6023,control,1,7,returning,mobile,0,,0,146.1
3015,control,2,14,new,mobile,0,,0,120.7
11923,treatment,2,14,returning,mobile,0,,0,55.3
2975,treatment,1,7,returning,desktop,0,,0,83.7
8107,control,2,9,returning,desktop,0,,0,221.1
2319,control,2,10,returning,mobile,0,,0,206.3
1422,control,3,17,new,desktop,0,,0,155.8
3548,treatment,2,11,returning,mobile,1,339324.36,0,184.6
1140,treatment,3,20,new,mobile,0,,0,129.1
9756,control,3,17,new,mobile,0,,0,165.8
6855,control,3,20,returning,desktop,0,,0,188.1
7794,control,1,2,returning,desktop,1,161305.56,0,124.1
7247,treatment,1,1,returning,desktop,0,,0,103.3
2880,control,3,17,returning,mobile,0,,0,193.1
750,treatment,1,1,returning,mobile,0,,0,98.4
11353,control,1,6,returning,mobile,0,,0,197.9
8373,control,1,7,returning,mobile,0,,0,202.0
399,control,1,5,new,mobile,0,,0,150.2
6984,treatment,1,5,returning,mobile,0,,0,20.0
10450,control,3,17,returning,desktop,0,,0,161.8
322,control,2,10,returning,desktop,0,,0,182.0
3618,control,1,5,returning,desktop,0,,0,150.4
7349,control,3,17,new,mobile,0,,0,164.5
10443,treatment,2,12,returning,mobile,0,,0,92.0
4603,treatment,1,4,returning,mobile,0,,0,44.1
6606,control,1,1,new,desktop,0,,0,175.3
4095,control,3,20,returning,desktop,1,249236.84,0,217.2
7590,control,2,14,returning,desktop,0,,0,297.0
10413,control,3,20,new,desktop,0,,0,143.5
11479,treatment,1,4,new,mobile,0,,0,199.2
3887,treatment,3,19,returning,mobile,0,,0,81.0
11178,treatment,2,11,new,mobile,0,,0,39.7
9165,control,1,1,returning,mobile,0,,0,155.2
765,treatment,2,9,returning,mobile,0,,0,133.0
6677,control,2,12,new,desktop,0,,0,163.4
6163,control,3,20,returning,mobile,0,,0,141.8
11834,control,1,3,new,desktop,0,,0,175.4
10924,control,2,12,returning,mobile,0,,0,92.2
9742,control,3,15,returning,desktop,1,359011.2,0,114.0
8329,treatment,3,17,new,mobile,1,116741.15,0,189.7
3034,control,1,2,new,mobile,1,154221.34,0,186.7
5096,treatment,3,17,returning,mobile,0,,0,166.4
6358,treatment,1,2,returning,desktop,0,,0,146.1
10744,treatment,3,19,returning,mobile,0,,0,179.8
1666,treatment,1,1,returning,mobile,0,,0,148.8
3133,control,3,18,new,mobile,1,260555.85,0,245.0
8127,control,1,2,new,desktop,1,305249.12,0,118.1
474,control,1,3,returning,desktop,0,,0,115.9
3995,control,2,10,new,mobile,0,,0,185.4
11514,control,1,1,new,mobile,1,152755.26,0,224.0
3027,control,1,6,new,mobile,0,,0,139.2
11714,control,3,19,returning,mobile,1,266659.56,0,167.0
4680,treatment,2,14,returning,mobile,0,,0,98.2
4650,control,3,15,returning,mobile,0,,0,241.6
10102,treatment,1,3,returning,desktop,0,,0,160.6
7066,treatment,3,16,returning,mobile,0,,0,197.1
6787,control,3,17,returning,mobile,0,,0,152.3
3835,control,1,2,returning,desktop,0,,0,261.1
2996,control,3,19,new,mobile,1,151691.83,0,158.9
1400,control,1,5,returning,mobile,0,,0,164.3
4732,treatment,2,8,returning,mobile,0,,1,80.1
1352,treatment,3,15,returning,desktop,0,,0,114.1
11257,control,2,13,new,mobile,0,,0,209.9
5355,treatment,2,10,returning,desktop,1,240117.8,1,141.5
5121,treatment,2,13,returning,mobile,0,,0,186.5
1698,treatment,2,10,new,desktop,1,144379.47,0,123.4
252,treatment,1,2,new,mobile,0,,0,166.2
5525,control,3,16,returning,mobile,0,,0,138.9
1884,treatment,2,11,new,mobile,0,,0,203.4
10054,control,1,3,new,mobile,0,,0,250.9
4784,treatment,1,4,returning,desktop,0,,0,84.4
5211,control,3,17,returning,mobile,0,,0,147.3
8682,treatment,3,16,new,mobile,0,,0,140.4
5545,treatment,2,10,new,mobile,0,,0,139.4
11361,treatment,1,7,returning,mobile,0,,0,147.6
7579,control,1,5,new,mobile,0,,0,296.5
9804,treatment,1,6,returning,desktop,1,107163.21,0,154.8
11322,control,1,5,new,mobile,0,,0,148.8
2981,treatment,1,3,returning,mobile,0,,0,110.7
5131,control,3,19,returning,mobile,0,,0,177.7
10847,treatment,3,16,new,mobile,1,259490.99,0,127.9
8147,control,2,8,new,mobile,0,,0,196.8
10064,control,1,5,returning,desktop,0,,0,225.3
7413,control,2,13,returning,desktop,0,,0,241.4
2443,control,1,4,new,mobile,0,,0,245.3
8899,control,2,14,new,desktop,0,,0,174.2
8664,treatment,1,3,returning,mobile,0,,0,154.7
6801,control,1,6,new,mobile,0,,0,224.6
10689,control,1,1,returning,mobile,0,,0,99.3
9783,treatment,2,9,returning,mobile,0,,0,135.5
11294,treatment,2,9,returning,mobile,0,,0,183.0
9153,treatment,3,21,returning,mobile,1,584501.89,0,80.4
2496,treatment,2,12,new,mobile,0,,0,170.7
9003,control,3,18,new,mobile,0,,0,163.1
8829,control,2,8,returning,mobile,0,,1,212.1
10047,treatment,1,3,returning,mobile,0,,0,161.6
7823,control,1,2,returning,mobile,0,,0,170.8
4813,treatment,3,18,returning,mobile,0,,0,99.1
11639,treatment,2,14,returning,mobile,0,,0,263.8
4509,treatment,2,10,new,mobile,0,,1,80.5
9397,treatment,1,1,new,mobile,0,,0,141.8
5980,treatment,1,6,returning,mobile,0,,0,189.7
2326,treatment,2,10,returning,mobile,0,,0,166.6
2389,treatment,1,3,returning,mobile,0,,0,235.2
8282,treatment,2,9,new,desktop,0,,0,169.9
3652,control,3,20,new,mobile,0,,1,178.0
2453,treatment,1,7,returning,mobile,1,203662.63,0,128.6
9140,control,3,18,returning,mobile,0,,0,211.5
7683,control,2,8,returning,mobile,0,,0,195.5
5578,treatment,1,5,new,mobile,0,,1,146.9
9281,treatment,2,9,returning,mobile,0,,1,90.4
7529,control,2,10,returning,desktop,0,,0,185.4
2847,control,1,1,returning,desktop,0,,0,223.8
3388,treatment,1,4,returning,mobile,0,,0,95.2
10118,treatment,3,18,returning,desktop,0,,0,157.1
6562,control,3,18,new,mobile,0,,0,177.4
5567,treatment,1,7,returning,mobile,1,332166.92,0,75.5
5338,treatment,2,10,returning,mobile,1,224540.76,0,133.1
249,control,2,8,returning,desktop,1,271421.96,0,224.4
4128,control,1,6,returning,desktop,0,,0,149.5
1796,control,2,13,new,desktop,0,,0,194.0
1480,control,3,19,returning,desktop,0,,0,239.5
10136,control,1,6,returning,mobile,0,,0,253.1
11869,control,1,4,returning,mobile,0,,0,110.0
4011,control,2,8,returning,mobile,1,170450.34,0,211.0
10166,treatment,1,5,returning,mobile,0,,0,106.9
563,treatment,3,15,new,desktop,0,,0,92.3
7489,control,1,7,new,desktop,0,,0,156.3
11912,treatment,3,19,new,mobile,0,,0,162.2
3245,control,3,15,returning,mobile,0,,0,205.6
8580,control,2,9,new,mobile,0,,0,123.0
9323,control,2,10,returning,mobile,0,,0,148.3
8448,treatment,1,7,returning,mobile,0,,0,128.6
10057,control,3,21,returning,mobile,0,,0,182.6
8912,treatment,3,19,returning,mobile,1,216557.77,0,116.0
7769,treatment,3,16,returning,mobile,0,,0,221.3
4150,control,1,2,returning,mobile,0,,0,200.5
1003,control,3,17,new,desktop,1,59869.9,0,112.9
6347,treatment,2,13,new,mobile,0,,0,128.5
6106,treatment,2,13,returning,mobile,0,,0,160.5
10832,control,3,16,returning,desktop,0,,0,187.6
9148,control,2,9,returning,desktop,0,,0,201.7
5801,control,2,9,returning,mobile,0,,1,234.6
863,treatment,1,5,new,mobile,0,,0,150.3
5614,treatment,2,14,returning,mobile,0,,0,151.4
7755,control,2,12,returning,mobile,1,105293.39,0,223.6
3080,control,1,2,returning,mobile,1,87836.56,0,198.1
3852,control,1,7,new,mobile,1,358320.66,0,229.0
2628,control,2,9,returning,desktop,0,,0,228.8
593,control,3,21,returning,mobile,0,,0,185.3
8401,treatment,1,2,returning,mobile,0,,0,97.5
3283,control,3,15,returning,mobile,0,,0,129.0
1865,treatment,1,4,returning,desktop,0,,0,133.8
5392,control,2,12,new,mobile,0,,0,239.4
3470,treatment,1,5,new,mobile,0,,0,147.1
5712,treatment,2,12,new,mobile,0,,0,135.5
181,treatment,1,7,new,mobile,1,209635.72,0,233.8
7713,control,2,10,new,mobile,0,,0,68.5
8999,treatment,3,20,returning,mobile,1,165786.69,0,172.5
6334,control,3,19,new,mobile,0,,0,190.7
6331,control,1,3,returning,mobile,0,,0,215.7
2756,treatment,3,20,new,mobile,0,,0,151.4
34,control,1,5,returning,desktop,0,,0,147.0
7564,control,2,9,returning,desktop,0,,0,252.6
3308,control,3,20,returning,mobile,0,,0,130.3
8954,treatment,1,2,new,mobile,0,,1,196.2
1767,treatment,2,10,new,desktop,0,,0,87.9
5514,control,2,9,new,desktop,0,,0,224.0
4025,treatment,3,17,returning,mobile,0,,1,115.4
6828,treatment,2,10,new,mobile,0,,0,217.0
7449,control,3,19,returning,mobile,0,,0,184.1
6912,treatment,2,11,returning,desktop,0,,0,160.1
1905,treatment,1,2,returning,mobile,0,,0,77.6
7117,control,3,21,returning,mobile,0,,0,197.7
9368,treatment,1,3,new,mobile,0,,0,114.3
6884,treatment,2,10,returning,mobile,0,,0,152.0
6962,control,1,2,returning,mobile,0,,0,201.8
9444,control,3,20,new,desktop,0,,0,174.9
2930,treatment,2,13,new,mobile,0,,0,125.9
9670,treatment,2,8,new,mobile,0,,0,212.6
2175,control,1,1,new,desktop,0,,0,204.5
7827,treatment,3,16,returning,mobile,0,,0,136.6
3998,control,2,11,returning,desktop,0,,0,189.7
5077,control,1,3,returning,mobile,0,,0,227.9
901,control,1,4,returning,desktop,1,192449.7,0,181.5
8306,control,2,11,new,desktop,0,,0,190.1
6875,control,1,4,new,mobile,0,,0,213.6
10641,treatment,3,16,returning,mobile,0,,0,91.4
9189,treatment,2,8,returning,mobile,0,,0,161.5
9454,treatment,2,13,returning,mobile,0,,0,205.1
3471,control,1,5,returning,mobile,0,,0,244.8
4880,control,2,9,new,mobile,0,,0,183.1
1007,treatment,2,13,returning,desktop,1,680383.16,0,106.3
7055,control,1,6,new,mobile,0,,0,191.2
5806,treatment,3,18,returning,desktop,0,,0,88.8
4499,treatment,3,15,returning,desktop,0,,0,195.1
3884,control,3,15,returning,desktop,0,,0,166.0
93,control,1,1,new,mobile,0,,0,147.2
5524,treatment,2,11,returning,mobile,0,,0,179.2
10994,control,1,2,returning,mobile,0,,0,137.5
2158,control,3,21,new,mobile,1,201197.43,0,193.1
6233,treatment,3,21,returning,mobile,0,,0,163.1
8250,control,2,10,new,mobile,1,204167.89,0,259.3
9435,treatment,2,14,returning,mobile,0,,0,157.0
6076,treatment,3,19,new,mobile,0,,0,228.5
1419,treatment,1,4,returning,desktop,0,,1,88.0
3234,control,2,9,returning,mobile,0,,0,171.1
10673,control,1,5,returning,desktop,0,,0,151.3
3007,treatment,1,1,returning,desktop,0,,0,162.8
7214,treatment,2,14,returning,desktop,0,,0,158.7
1656,control,1,5,new,mobile,0,,0,109.0
7933,control,1,6,returning,mobile,0,,0,217.9
9613,treatment,2,13,new,mobile,0,,0,166.6
10537,treatment,3,16,new,mobile,0,,0,79.5
6965,control,2,8,new,desktop,0,,0,161.3
2929,control,2,8,new,mobile,0,,0,154.7
1502,treatment,1,7,new,mobile,0,,0,128.2
7304,control,3,19,returning,mobile,0,,0,204.6
7841,treatment,1,7,new,desktop,0,,0,135.2
7721,control,2,13,returning,mobile,0,,0,202.4
9648,treatment,1,5,returning,desktop,0,,0,158.4
1428,control,2,8,returning,desktop,1,463308.59,0,242.8
6597,control,1,7,returning,mobile,0,,0,199.9
7741,treatment,2,14,returning,desktop,0,,0,141.4
8511,control,1,2,new,mobile,0,,0,209.1
7585,treatment,1,5,returning,mobile,0,,0,124.7
2778,treatment,1,2,returning,desktop,0,,0,188.1
10842,treatment,3,17,new,mobile,0,,0,195.3
9309,control,3,15,new,mobile,0,,0,211.8
10069,control,1,7,new,mobile,1,177057.43,0,88.2
7511,treatment,1,1,returning,mobile,0,,0,138.9
409,control,2,9,new,desktop,0,,0,182.7
1471,treatment,2,9,new,mobile,0,,0,192.1
7348,control,1,4,new,desktop,0,,0,152.2
10032,treatment,2,12,returning,mobile,1,169647.86,0,107.4
10810,treatment,2,11,returning,mobile,0,,0,129.1
1741,control,2,14,returning,desktop,0,,0,106.8
5122,control,1,5,new,mobile,0,,0,238.2
4084,control,3,21,returning,mobile,0,,0,189.6
6735,control,3,21,returning,mobile,0,,0,91.9
7554,control,1,5,new,mobile,0,,0,220.8
8249,control,1,3,new,mobile,0,,0,250.8
6621,treatment,1,1,returning,mobile,0,,0,83.9
3036,treatment,1,6,returning,mobile,0,,0,123.4
10816,control,2,8,returning,mobile,0,,0,164.9
3974,control,2,11,returning,mobile,0,,0,179.6
1603,treatment,2,8,new,mobile,0,,0,83.7
10117,treatment,2,12,returning,mobile,0,,1,181.7
3693,control,2,9,returning,mobile,0,,0,208.4
7497,control,1,3,returning,mobile,0,,0,150.9
2465,control,3,20,new,mobile,0,,0,167.4
11437,control,1,4,returning,mobile,0,,0,141.4
2418,treatment,3,15,returning,mobile,0,,0,122.7
4216,control,2,12,returning,mobile,0,,0,210.8
3414,control,3,15,returning,desktop,1,269017.67,0,176.2
9385,control,2,13,returning,mobile,0,,0,165.1
11061,control,2,8,new,desktop,1,120084.1,0,187.6
8549,treatment,3,15,returning,mobile,1,62669.05,0,159.0
8338,control,1,6,returning,mobile,0,,0,202.2
6572,treatment,2,8,new,desktop,0,,0,80.3
3380,treatment,3,15,new,mobile,0,,0,110.2
5772,treatment,2,12,returning,mobile,0,,0,198.2
9907,treatment,1,3,new,mobile,1,189946.21,0,192.9
3955,control,2,11,returning,desktop,0,,0,228.5
2752,treatment,1,6,new,desktop,0,,0,165.4
1433,control,2,13,returning,mobile,0,,0,173.2
3106,treatment,2,10,returning,mobile,0,,0,112.2
7468,control,3,15,new,mobile,0,,0,204.2
10783,control,3,21,new,mobile,1,106936.38,0,148.6
1069,control,1,7,new,desktop,0,,0,180.8
4318,treatment,2,11,returning,mobile,0,,0,163.0
3956,treatment,3,21,new,mobile,0,,0,189.2
1845,control,3,21,new,mobile,0,,1,217.7
11596,control,1,7,returning,desktop,0,,0,153.1
5026,treatment,1,5,returning,mobile,0,,0,109.5
9001,treatment,2,13,returning,desktop,0,,0,150.6
5504,treatment,2,12,returning,desktop,0,,0,122.4
7253,treatment,2,8,returning,desktop,1,181024.17,0,162.0
331,treatment,1,2,returning,desktop,0,,0,72.0
3083,treatment,1,7,returning,mobile,0,,1,80.4
5509,treatment,3,21,new,mobile,0,,0,133.4
2676,treatment,1,5,returning,mobile,0,,0,111.3
2911,treatment,1,5,returning,mobile,0,,0,48.3
8496,treatment,3,19,returning,mobile,1,223312.58,0,225.0
3117,control,1,4,returning,mobile,0,,0,238.2
7024,control,2,11,new,desktop,0,,0,196.4
6833,control,3,20,new,desktop,0,,0,207.6
11678,treatment,1,5,new,mobile,0,,0,124.5
10038,treatment,3,17,returning,desktop,0,,0,75.9
6272,control,3,21,new,mobile,0,,1,205.9
9925,control,2,14,returning,mobile,0,,0,202.5
1670,treatment,3,21,returning,mobile,0,,0,50.6
10468,control,1,2,new,desktop,0,,0,200.2
8139,treatment,2,9,new,desktop,1,185764.49,1,130.5
10128,treatment,1,5,returning,desktop,0,,0,138.2
42,treatment,3,20,returning,mobile,0,,0,116.6
3205,treatment,1,3,new,mobile,0,,0,164.9
10987,control,1,3,returning,mobile,0,,1,238.9
5071,control,3,21,new,mobile,0,,0,138.6
319,control,2,10,new,mobile,0,,0,182.8
2253,control,3,19,returning,mobile,0,,0,261.5
7285,treatment,1,4,new,desktop,1,291759.37,0,158.2
6862,treatment,1,2,returning,mobile,0,,0,184.2
11829,control,2,13,returning,desktop,0,,0,191.4
10072,treatment,1,4,returning,desktop,0,,0,81.3
2475,control,2,8,returning,mobile,0,,0,180.9
6146,treatment,1,3,new,desktop,0,,1,120.8
6108,control,2,14,new,desktop,0,,0,175.8
7310,control,3,17,new,mobile,0,,0,142.9
8359,treatment,1,2,returning,mobile,0,,0,200.8
6537,control,1,6,returning,desktop,0,,0,127.0
86,control,3,17,new,mobile,0,,0,199.6
6441,control,3,15,returning,mobile,0,,0,208.2
1211,treatment,3,18,returning,desktop,0,,0,200.6
1036,treatment,3,17,new,mobile,0,,0,112.5
5822,treatment,1,1,returning,mobile,0,,0,139.1
5025,treatment,1,5,returning,desktop,0,,0,45.6
2808,treatment,1,1,returning,desktop,1,192457.72,0,153.4
11082,treatment,2,11,returning,mobile,0,,0,93.7
3413,treatment,3,15,new,mobile,0,,1,161.2
7712,treatment,1,7,returning,mobile,0,,0,189.9
10019,control,3,21,new,desktop,0,,0,226.9
3959,control,1,4,returning,mobile,0,,0,241.4
8574,control,3,19,new,desktop,0,,0,184.4
3066,control,2,9,returning,mobile,0,,0,192.5
11537,control,1,7,new,desktop,0,,0,165.7
5345,control,1,1,new,mobile,0,,0,157.8
11806,treatment,1,4,new,mobile,0,,0,129.7
10037,treatment,2,9,returning,desktop,1,167077.27,0,140.0
9053,treatment,3,15,returning,mobile,0,,0,132.3
4623,treatment,3,19,returning,mobile,0,,0,173.6
4056,treatment,3,21,returning,mobile,0,,0,194.0
1167,treatment,1,4,new,mobile,1,135016.23,0,111.1
11431,control,3,18,returning,desktop,0,,1,182.7
959,control,3,16,new,mobile,0,,0,196.3
10360,treatment,2,11,returning,desktop,0,,0,69.6
2865,control,1,1,returning,mobile,0,,0,133.0
466,treatment,3,17,returning,mobile,0,,0,140.4
9456,control,3,21,returning,mobile,0,,0,194.4
5383,treatment,3,18,new,desktop,0,,0,175.9
7646,control,3,17,returning,mobile,0,,0,283.3
8433,treatment,2,14,new,mobile,0,,0,138.4
869,control,1,1,returning,desktop,0,,0,247.7
6819,control,2,8,returning,desktop,0,,0,192.4
11943,control,1,1,new,mobile,0,,0,255.5
10975,treatment,3,16,returning,mobile,0,,0,36.0
3108,treatment,1,6,returning,mobile,0,,0,198.4
4692,control,3,20,returning,desktop,1,119011.62,0,129.0
11668,treatment,3,20,new,mobile,0,,1,187.9
6473,treatment,3,19,returning,mobile,0,,0,105.1
10850,treatment,2,13,returning,mobile,0,,1,151.1
5023,treatment,1,5,new,mobile,0,,0,180.6
8978,treatment,2,12,returning,desktop,0,,0,134.4
10521,treatment,1,4,returning,desktop,0,,0,181.5
7851,treatment,2,12,returning,mobile,0,,0,122.3
4610,treatment,3,20,new,mobile,0,,0,49.0
7604,treatment,2,14,returning,desktop,0,,0,62.5
7200,treatment,2,9,returning,desktop,0,,0,140.4
4673,control,1,5,returning,desktop,0,,0,235.1
5329,control,1,5,returning,desktop,0,,0,88.2
10442,control,3,17,new,mobile,0,,1,86.4
11057,control,2,13,new,desktop,0,,0,138.6
11908,treatment,3,16,new,mobile,0,,0,170.2
5114,treatment,3,18,returning,mobile,0,,0,159.1
6832,treatment,3,18,returning,mobile,0,,0,124.6
2956,control,2,9,new,mobile,0,,0,209.7
4848,treatment,1,1,new,mobile,0,,0,196.2
7235,treatment,3,17,returning,desktop,0,,0,198.3
9627,control,2,9,new,desktop,0,,0,165.3
11179,treatment,3,19,returning,mobile,1,138688.86,0,20.0
1663,treatment,3,17,new,mobile,0,,0,91.2
9630,treatment,1,1,returning,mobile,0,,0,129.8
1143,treatment,1,7,new,desktop,0,,0,187.5
6033,control,1,6,new,desktop,0,,0,270.3
4585,treatment,3,21,new,mobile,0,,0,122.7
11278,control,3,15,returning,desktop,0,,0,256.4
11781,control,3,19,new,mobile,0,,0,107.2
4744,control,2,12,returning,mobile,0,,0,123.4
5031,control,3,21,returning,mobile,0,,0,212.4
6720,control,1,7,new,mobile,0,,0,228.4
2743,control,3,18,returning,desktop,0,,0,217.4
10400,treatment,1,2,returning,mobile,0,,0,148.6
4140,treatment,3,19,new,mobile,0,,0,153.8
9235,control,2,8,returning,desktop,0,,0,197.2
6835,control,1,3,new,mobile,0,,0,202.7
10834,treatment,2,9,returning,desktop,1,180828.83,0,196.4
2488,treatment,3,18,new,mobile,0,,0,170.0
6873,control,3,20,returning,desktop,1,241137.84,0,217.2
2390,control,1,2,new,mobile,0,,0,180.6
8848,treatment,2,8,returning,desktop,0,,0,95.4
544,treatment,2,10,returning,mobile,0,,0,127.2
9289,control,1,7,new,desktop,0,,0,237.2
3329,treatment,2,8,new,mobile,0,,0,66.6
10083,control,3,16,returning,mobile,0,,1,138.5
2993,control,1,7,new,mobile,0,,0,197.3
5637,control,1,4,returning,mobile,0,,0,239.1
6885,treatment,2,10,new,desktop,0,,0,67.8
2345,treatment,2,13,new,desktop,0,,0,199.4
1840,treatment,2,14,returning,mobile,0,,0,148.8
7845,control,3,20,returning,mobile,0,,0,109.7
2617,control,2,14,new,desktop,0,,0,255.7
8696,control,2,10,new,mobile,0,,0,211.4
6999,treatment,2,9,returning,desktop,1,162551.86,0,136.6
1499,control,1,4,returning,mobile,0,,0,127.9
8344,control,1,7,new,mobile,0,,0,120.8
734,control,3,19,returning,mobile,0,,0,205.1
4097,treatment,2,8,returning,desktop,0,,0,96.0
5562,control,3,16,returning,mobile,0,,0,191.0
10300,treatment,1,7,returning,mobile,0,,0,132.3
2302,treatment,2,11,returning,mobile,0,,0,143.1
11103,treatment,3,17,returning,mobile,0,,0,169.5
2614,treatment,1,4,returning,mobile,0,,1,134.9
10304,treatment,2,8,returning,mobile,1,287628.48,0,139.8
5066,treatment,1,2,returning,desktop,0,,0,121.2
6559,treatment,1,1,returning,desktop,0,,0,59.0
11964,control,3,21,new,mobile,1,91935.16,1,111.0
6463,treatment,1,2,returning,mobile,1,272678.33,0,242.6
4234,treatment,2,8,new,mobile,0,,0,119.5
5734,treatment,1,7,new,desktop,0,,0,177.5
10432,treatment,3,15,new,mobile,0,,1,186.1
10171,treatment,3,21,returning,desktop,0,,0,94.3
11809,control,1,2,returning,mobile,0,,0,219.9
6857,control,2,9,returning,mobile,0,,0,214.0
4960,treatment,1,4,returning,mobile,0,,0,136.9
6073,control,2,10,returning,desktop,0,,0,221.5
9396,treatment,1,3,returning,mobile,1,500787.12,0,152.0
4185,treatment,1,7,returning,mobile,1,326067.27,0,156.7
11496,control,1,1,returning,mobile,0,,0,276.0
903,control,3,18,returning,desktop,0,,0,190.6
7880,treatment,2,10,new,mobile,0,,0,141.1
5834,treatment,1,3,returning,mobile,1,250005.37,1,137.5
10545,control,1,2,returning,desktop,0,,0,198.5
11439,treatment,2,14,new,mobile,0,,0,70.7
7947,treatment,3,20,returning,desktop,1,285521.4,0,89.1
3188,treatment,3,19,returning,mobile,0,,0,123.0
10793,treatment,1,3,new,desktop,0,,0,47.2
4210,control,1,1,new,mobile,0,,0,236.3
8913,treatment,2,8,new,desktop,1,154293.77,1,148.7
5502,treatment,3,16,new,desktop,0,,0,204.1
9968,treatment,1,5,returning,mobile,0,,0,154.3
9431,control,3,19,returning,mobile,0,,1,118.3
151,treatment,1,6,returning,mobile,0,,0,184.1
3686,control,1,3,new,mobile,0,,0,183.8
6670,treatment,2,13,returning,desktop,0,,0,187.0
3459,control,2,10,new,mobile,0,,0,240.8
3095,control,2,11,returning,mobile,0,,0,194.5
5200,treatment,3,15,new,mobile,0,,0,122.6
10116,control,1,4,returning,desktop,0,,0,162.5
10940,treatment,1,3,returning,mobile,0,,0,162.7
3722,treatment,1,2,new,desktop,0,,0,198.1
3953,treatment,2,8,new,desktop,0,,0,86.9
10767,control,3,19,returning,mobile,0,,0,227.0
8103,treatment,1,1,returning,mobile,1,175543.17,0,175.9
709,control,2,8,returning,desktop,0,,1,247.4
4065,control,2,12,new,desktop,1,128293.35,0,152.3
2997,treatment,2,13,new,desktop,0,,0,188.2
10262,treatment,3,15,new,mobile,1,712647.72,0,141.9
4195,control,2,9,new,mobile,0,,0,168.9
1635,treatment,3,15,new,mobile,0,,0,212.5
5647,treatment,2,9,new,mobile,0,,0,204.7
7300,treatment,3,17,returning,mobile,0,,0,114.4
7376,control,2,12,new,desktop,0,,0,213.1
36,control,3,16,returning,mobile,0,,0,160.7
2056,control,1,1,returning,mobile,0,,0,199.7
5007,treatment,3,16,new,mobile,0,,0,114.5
3772,treatment,1,2,returning,mobile,0,,0,112.4
1745,treatment,2,11,returning,mobile,1,326871.72,0,127.4
4078,treatment,2,13,returning,mobile,0,,0,103.4
4516,control,2,12,new,mobile,1,222486.43,0,115.3
6979,treatment,1,3,returning,mobile,0,,0,148.9
429,control,3,16,new,desktop,0,,0,215.6
11593,treatment,1,2,returning,desktop,0,,0,54.6
3017,treatment,2,10,new,mobile,0,,0,109.0
5546,control,1,7,new,desktop,0,,0,255.3
7637,control,3,19,returning,desktop,0,,0,135.8
10005,control,3,16,returning,desktop,1,237515.27,0,218.6
4130,treatment,2,8,new,mobile,0,,0,140.1
4120,control,3,15,new,mobile,0,,0,184.4
2612,treatment,1,3,new,mobile,0,,0,179.3
4029,control,2,11,returning,mobile,0,,0,255.8
1627,control,3,20,returning,mobile,0,,0,196.6
8502,treatment,1,4,new,mobile,0,,0,59.3
1394,control,1,4,returning,desktop,0,,0,249.6
4464,treatment,1,4,new,desktop,0,,0,96.3
10755,treatment,1,6,new,desktop,0,,0,102.2
2202,treatment,3,18,returning,desktop,1,44256.21,0,139.8
4148,treatment,1,3,returning,desktop,0,,0,191.3
705,control,2,14,new,mobile,0,,0,231.2
9011,control,2,11,new,desktop,0,,0,203.9
7679,treatment,2,14,returning,mobile,1,99046.32,0,42.1
1356,control,2,13,new,mobile,0,,0,187.3
2686,treatment,3,20,returning,mobile,0,,0,128.2
9898,treatment,3,17,new,mobile,0,,0,111.2
609,treatment,1,7,returning,desktop,0,,0,202.0
11527,control,3,15,new,mobile,0,,0,167.7
10820,control,2,14,returning,mobile,0,,1,193.8
10518,treatment,2,8,new,desktop,0,,0,237.5
10196,treatment,3,21,new,mobile,0,,0,206.4
7795,treatment,3,21,new,mobile,0,,0,50.4
1324,treatment,3,17,returning,mobile,1,65756.46,0,200.7
9490,treatment,3,21,new,desktop,0,,0,139.5
1596,treatment,2,9,returning,desktop,0,,0,122.9
1517,control,2,12,new,desktop,0,,0,211.7
759,control,2,12,returning,mobile,0,,0,248.0
10645,treatment,2,8,new,desktop,0,,0,151.3
3903,treatment,3,16,returning,mobile,0,,0,76.3
8797,control,3,17,new,mobile,0,,0,288.1
11904,control,3,18,new,mobile,0,,1,132.4
6019,treatment,2,13,returning,mobile,0,,0,216.2
4739,control,3,20,new,mobile,1,277914.13,0,252.3
4861,treatment,3,15,returning,desktop,0,,0,164.5
400,control,2,14,new,mobile,1,135817.12,0,185.7
931,control,2,10,new,desktop,0,,0,157.7
4004,control,1,4,returning,mobile,0,,0,137.6
543,treatment,1,3,returning,desktop,0,,0,154.1
11337,control,3,18,new,mobile,0,,0,192.3
8638,control,1,5,returning,mobile,1,205635.78,0,153.1
11712,control,2,12,returning,desktop,0,,0,192.0
6132,treatment,1,4,returning,desktop,0,,0,171.0
4036,control,3,19,returning,mobile,1,182697.13,0,181.2
1689,treatment,2,14,returning,mobile,0,,0,174.8
2129,control,3,15,returning,mobile,1,369738.79,0,226.2
2289,control,1,5,new,mobile,0,,0,223.3
4689,treatment,2,8,returning,mobile,0,,0,104.6
1748,treatment,2,14,new,desktop,0,,0,85.8
368,treatment,1,3,new,desktop,0,,0,93.7
9434,control,1,2,returning,desktop,0,,0,240.2
11467,control,2,11,new,desktop,0,,0,109.7
8482,control,1,7,new,mobile,0,,0,236.5
3265,control,1,5,new,mobile,0,,0,154.9
5951,control,3,20,returning,desktop,0,,1,265.4
2710,treatment,3,21,new,mobile,0,,0,133.5
9682,control,3,20,returning,desktop,1,155557.14,0,239.5
64,treatment,3,17,returning,mobile,0,,0,108.2
2190,treatment,3,19,new,desktop,0,,0,115.7
10451,control,1,1,returning,mobile,0,,0,178.3
4773,control,3,17,new,mobile,0,,0,36.2
4881,control,1,5,returning,desktop,1,172046.44,0,118.8
10093,control,3,19,new,mobile,0,,0,145.2
8060,treatment,3,15,returning,mobile,0,,0,239.5
10237,treatment,2,10,new,mobile,0,,0,200.6
7733,control,1,1,returning,mobile,0,,0,126.4
7665,control,1,2,returning,mobile,0,,0,131.7
6249,treatment,3,20,returning,desktop,0,,0,150.3
2819,control,2,8,returning,desktop,1,109069.25,0,170.0
3976,control,2,11,new,mobile,0,,0,226.8
428,treatment,3,17,returning,mobile,0,,0,112.6
9247,control,3,19,returning,mobile,0,,0,120.6
9336,treatment,3,21,returning,mobile,0,,0,137.4
6352,treatment,3,19,returning,mobile,0,,0,150.9
9732,control,3,19,new,desktop,1,148643.58,0,193.7
4708,control,2,14,returning,desktop,0,,0,244.6
5771,treatment,3,17,new,desktop,1,140568.96,0,69.1
4338,control,3,15,new,desktop,0,,0,177.3
11610,control,3,20,new,mobile,0,,0,295.1
7678,treatment,2,10,new,desktop,1,252728.94,0,215.6
677,treatment,1,3,returning,mobile,1,237223.36,0,91.9
11885,control,3,16,new,mobile,0,,1,198.8
6867,treatment,1,5,returning,desktop,0,,0,134.1
11150,treatment,2,13,new,mobile,0,,0,192.5
7076,control,1,1,returning,desktop,0,,0,237.0
10478,control,2,14,new,mobile,0,,0,110.4
10860,control,1,6,returning,mobile,0,,0,144.4
6176,treatment,1,3,returning,mobile,1,170178.98,0,108.0
2003,treatment,3,15,returning,mobile,0,,0,157.8
7128,control,1,3,new,desktop,0,,0,246.7
6837,control,1,4,returning,mobile,1,260255.33,0,243.7
5569,control,1,6,new,desktop,0,,0,177.2
9098,control,2,10,new,mobile,0,,0,141.0
8982,treatment,3,18,returning,mobile,0,,0,146.2
8884,control,1,7,returning,mobile,0,,0,162.8
2291,treatment,3,16,returning,mobile,0,,0,149.3
8445,treatment,1,4,returning,mobile,0,,0,110.0
3014,treatment,3,15,new,mobile,0,,0,108.1
741,control,3,20,returning,desktop,1,254557.96,0,179.6
1,treatment,2,14,new,desktop,0,,0,109.3
4615,control,2,12,new,desktop,0,,0,184.4
2518,control,1,2,returning,mobile,0,,0,224.2
4330,treatment,1,6,returning,mobile,0,,0,98.4
10482,control,2,14,new,desktop,0,,0,200.5
5762,treatment,2,8,returning,mobile,0,,0,133.6
5381,control,3,16,returning,desktop,0,,0,189.5
4686,control,3,18,returning,mobile,0,,0,141.9
6533,treatment,1,7,new,desktop,1,158228.71,0,99.7
8731,control,3,18,new,mobile,0,,0,176.1
5059,treatment,2,11,returning,mobile,0,,0,121.6
5126,control,3,18,returning,mobile,0,,0,224.4
6102,control,2,11,new,desktop,0,,0,150.7
8669,treatment,1,6,returning,desktop,0,,0,136.9
4336,control,1,1,returning,desktop,0,,0,152.4
5217,control,1,4,new,desktop,0,,0,174.9
6356,control,1,4,returning,mobile,0,,1,210.3
5400,control,1,4,returning,desktop,0,,0,217.0
3474,control,3,18,returning,mobile,0,,0,204.5
9424,control,3,20,new,mobile,0,,0,140.9
9585,treatment,1,3,returning,mobile,0,,0,181.8
2448,control,3,21,new,desktop,0,,0,242.7
4606,control,1,1,new,mobile,0,,0,170.0
10347,treatment,3,20,returning,mobile,0,,0,82.1
11238,treatment,3,19,new,mobile,1,202756.88,0,188.2
3207,control,2,12,returning,mobile,0,,0,200.1
1531,control,3,15,returning,mobile,0,,0,167.5
6376,control,2,8,returning,mobile,0,,0,149.0
4027,treatment,3,15,returning,desktop,1,140333.31,0,206.7
217,control,2,14,returning,mobile,1,341575.6,0,326.1
3621,treatment,3,15,returning,desktop,0,,1,128.7
6424,treatment,2,14,returning,mobile,1,109339.82,0,86.4
922,treatment,3,16,returning,desktop,0,,0,180.1
867,treatment,1,4,returning,mobile,0,,0,109.6
6144,treatment,1,2,new,mobile,0,,0,115.5
9563,control,1,7,new,mobile,0,,0,148.4
18,control,3,15,returning,mobile,0,,0,138.3
4227,treatment,3,21,new,mobile,0,,0,196.7
11758,control,1,5,returning,desktop,1,174227.85,0,176.8
11229,treatment,3,21,new,mobile,1,281361.68,0,129.4
6465,treatment,3,21,returning,desktop,0,,0,163.3
2508,treatment,1,6,returning,mobile,0,,0,162.5
11480,treatment,3,21,returning,mobile,0,,0,137.8
4809,control,2,12,returning,desktop,0,,0,223.6
9055,treatment,1,3,new,desktop,1,203767.32,0,111.2
10804,control,3,15,new,mobile,0,,0,227.3
6686,control,1,3,returning,mobile,0,,0,225.2
2169,control,2,10,new,mobile,0,,0,218.5
796,control,2,9,new,desktop,0,,0,229.0
11291,treatment,2,11,new,desktop,0,,0,152.8
11154,treatment,3,21,returning,mobile,0,,0,104.6
2317,control,2,12,new,mobile,0,,0,184.2
1563,treatment,3,20,returning,mobile,1,188813.47,0,79.7
6762,treatment,1,3,new,mobile,0,,0,162.7
10306,treatment,1,6,new,mobile,1,150974.66,0,30.3
2343,treatment,2,8,returning,mobile,0,,0,170.8
7250,treatment,1,7,returning,mobile,1,432664.75,0,113.1
10088,treatment,1,4,new,mobile,0,,0,268.8
2914,treatment,2,11,returning,desktop,0,,0,191.8
7771,control,1,7,returning,desktop,0,,0,182.4
3782,treatment,2,11,new,mobile,0,,0,146.7
11002,control,1,3,returning,desktop,1,94626.77,0,196.8
10963,treatment,2,9,new,desktop,0,,0,90.9
3483,treatment,2,14,returning,desktop,0,,0,158.8
684,control,1,6,new,mobile,0,,0,199.7
7008,control,2,13,new,desktop,1,219826.06,1,196.3
6487,control,3,20,returning,desktop,0,,0,178.2
10866,control,2,9,returning,desktop,0,,0,166.3
578,treatment,3,19,returning,mobile,0,,0,138.4
11141,control,3,15,returning,desktop,1,158069.8,0,217.6
2969,treatment,3,15,returning,mobile,0,,1,128.7
11473,control,3,19,returning,desktop,0,,0,174.4
7664,treatment,2,10,returning,mobile,0,,0,155.4
6754,treatment,1,4,returning,desktop,1,93569.95,0,104.1
6521,treatment,2,13,returning,desktop,1,274845.87,0,102.0
762,control,2,9,new,mobile,0,,0,202.7
5268,treatment,1,1,new,mobile,0,,0,79.7
8991,treatment,1,1,returning,desktop,0,,0,66.1
10794,treatment,2,13,new,mobile,0,,0,82.4
1458,control,3,20,returning,mobile,0,,0,246.3
1618,treatment,3,18,new,desktop,0,,0,163.1
4450,control,1,6,new,desktop,1,200094.03,0,154.1
6570,treatment,2,13,returning,mobile,1,108553.53,0,141.6
2251,treatment,3,17,returning,desktop,1,130751.9,0,54.0
10011,treatment,2,12,returning,mobile,1,99758.67,0,189.3
2577,treatment,2,14,returning,mobile,0,,1,143.3
6522,control,1,6,new,mobile,1,373984.12,0,178.3
2615,control,3,21,returning,desktop,0,,0,150.0
5590,treatment,1,2,returning,mobile,0,,0,144.3
4399,control,2,11,new,desktop,0,,0,211.0
6591,control,1,1,new,mobile,0,,0,243.2
8772,treatment,1,5,returning,mobile,0,,0,125.8
9776,control,1,3,returning,desktop,0,,0,92.1
8116,treatment,2,12,new,mobile,1,183185.25,1,181.9
1808,control,1,5,returning,mobile,0,,0,137.9
6585,control,2,11,new,mobile,0,,0,279.0
10904,control,3,15,returning,desktop,0,,0,195.9
10280,treatment,3,17,new,mobile,0,,0,220.4
5715,control,2,14,new,mobile,1,323939.16,0,263.5
3533,control,1,2,new,desktop,0,,0,241.9
1042,treatment,2,9,returning,mobile,0,,0,132.6
3854,control,2,12,returning,mobile,0,,0,175.3
4975,treatment,3,21,returning,desktop,0,,0,171.8
5008,treatment,2,14,new,mobile,0,,0,128.6
174,treatment,2,9,returning,mobile,0,,0,104.2
7021,treatment,3,17,returning,mobile,0,,0,129.2
170,treatment,2,11,returning,mobile,0,,0,167.1
8862,control,3,20,returning,desktop,0,,0,272.1
7901,control,1,2,returning,mobile,0,,0,254.1
8551,treatment,1,7,returning,mobile,0,,0,158.3
3942,control,2,9,returning,desktop,0,,0,212.3
1273,control,3,20,new,mobile,0,,0,158.4
7154,treatment,2,12,returning,desktop,0,,0,205.2
961,treatment,1,1,returning,mobile,0,,0,95.5
2544,control,3,21,returning,desktop,0,,0,185.4
4719,treatment,2,9,new,mobile,1,243653.29,0,123.1
7945,treatment,1,7,returning,desktop,0,,0,154.2
884,control,3,21,new,mobile,0,,0,208.8
10438,treatment,1,2,returning,mobile,0,,0,109.7
2523,control,1,6,new,mobile,0,,0,180.4
800,treatment,2,14,returning,desktop,0,,0,161.0
11846,control,2,10,new,mobile,0,,0,184.0
8331,control,1,4,returning,mobile,0,,1,262.9
4031,treatment,3,19,returning,mobile,1,230104.09,0,170.2
1594,control,1,2,returning,desktop,0,,0,261.6
2537,treatment,2,9,new,mobile,0,,1,207.6
2883,treatment,1,4,new,mobile,0,,0,105.8
6497,control,1,6,returning,mobile,1,153602.76,0,211.3
6766,treatment,2,8,returning,desktop,0,,0,157.4
3602,control,1,6,new,mobile,0,,0,222.6
4419,control,2,10,returning,desktop,0,,1,204.8
4783,treatment,1,7,new,mobile,0,,0,177.6
4221,control,1,6,returning,mobile,0,,0,140.9
6552,control,1,3,returning,mobile,0,,0,267.5
3679,control,3,17,returning,mobile,1,324920.68,0,175.9
1161,control,1,4,new,mobile,0,,0,83.8
3885,treatment,3,16,new,mobile,1,185803.62,0,102.1
9625,treatment,3,20,returning,mobile,0,,0,145.6
4481,control,3,17,returning,mobile,0,,0,168.9
10372,control,1,3,returning,desktop,0,,0,222.4
8453,control,1,6,returning,mobile,0,,0,174.5
7996,control,3,19,returning,desktop,0,,0,160.0
587,control,1,2,returning,mobile,0,,0,128.4
1580,treatment,1,2,new,mobile,0,,0,86.7
5397,control,1,2,new,mobile,0,,0,175.3
6998,control,2,12,returning,desktop,0,,0,144.8
10668,control,3,19,returning,desktop,1,126834.27,0,149.3
11049,control,3,17,new,mobile,1,323373.52,0,165.4
2958,control,1,2,returning,desktop,1,397027.51,0,199.0
7517,treatment,1,3,returning,mobile,0,,0,101.5
8683,treatment,2,14,returning,mobile,1,287087.05,0,110.8
2586,control,1,2,new,mobile,0,,0,213.4
1148,treatment,1,4,returning,mobile,1,189167.16,0,200.1
8716,control,1,7,returning,mobile,0,,0,189.4
9620,treatment,1,6,returning,mobile,0,,0,183.4
9503,treatment,3,15,returning,desktop,0,,1,168.9
4563,control,1,1,new,mobile,0,,0,128.9
11489,control,2,10,returning,desktop,0,,0,159.1
5020,control,2,14,returning,mobile,1,205757.17,0,208.2
11109,control,1,4,new,mobile,0,,0,189.0
2535,treatment,3,21,new,desktop,0,,0,109.0
9303,control,2,10,new,mobile,0,,0,184.5
8349,control,1,4,new,desktop,0,,0,185.4
3266,control,1,4,returning,desktop,0,,0,98.8
8986,treatment,2,8,returning,mobile,0,,1,232.7
5107,control,3,19,returning,desktop,0,,0,111.1
9728,control,3,18,returning,mobile,1,197532.78,0,150.6
7872,control,2,12,returning,mobile,0,,0,187.0
2677,control,2,8,returning,mobile,0,,0,131.5
11181,control,2,11,returning,mobile,0,,0,170.7
10265,control,2,8,returning,mobile,0,,0,194.8
11393,treatment,3,20,new,mobile,0,,0,193.5
10472,treatment,1,4,returning,mobile,1,206524.05,0,133.7
104,treatment,2,9,returning,mobile,0,,0,87.0
11211,treatment,2,8,new,mobile,0,,0,155.7
9239,treatment,2,13,new,mobile,0,,0,153.9
9529,treatment,3,15,new,mobile,0,,0,104.7
5419,control,1,7,returning,mobile,1,132957.57,0,196.2
3232,control,3,18,returning,desktop,0,,0,164.5
5710,treatment,3,17,new,mobile,0,,0,150.7
5269,treatment,3,21,new,mobile,0,,0,184.5
10992,treatment,1,3,returning,desktop,0,,0,160.1
6046,control,1,2,new,mobile,0,,0,134.9
3353,control,3,16,returning,mobile,1,130827.01,0,196.2
9996,control,2,10,returning,mobile,0,,0,214.3
6307,treatment,2,14,new,mobile,0,,0,127.0
8224,treatment,3,21,new,mobile,0,,0,173.6
8512,treatment,1,5,new,mobile,0,,0,179.7
292,control,3,17,returning,mobile,0,,0,218.6
8164,control,3,18,returning,mobile,0,,0,215.1
9241,control,1,3,new,mobile,0,,0,152.7
10649,control,1,7,new,mobile,0,,0,164.3
5147,treatment,3,20,returning,mobile,0,,0,176.3
2610,control,3,19,returning,mobile,0,,0,122.6
3725,treatment,3,19,new,desktop,1,206333.1,0,139.9
8277,control,1,2,returning,mobile,0,,0,155.9
7676,treatment,1,1,new,mobile,0,,0,208.1
8450,treatment,2,8,returning,mobile,0,,0,240.0
3791,control,3,17,new,mobile,0,,0,192.3
3648,control,3,17,returning,desktop,1,119251.43,0,255.5
5770,treatment,2,8,returning,mobile,1,101372.66,0,145.6
3746,treatment,1,3,returning,mobile,0,,0,137.1
2240,treatment,1,3,returning,mobile,0,,0,116.7
2517,control,2,8,new,mobile,0,,0,246.5
6897,treatment,3,16,returning,desktop,0,,0,167.6
11910,treatment,3,16,new,mobile,0,,0,110.5
9765,control,3,15,new,mobile,1,88583.3,0,172.1
6955,treatment,3,20,returning,mobile,0,,0,133.6
1714,treatment,2,8,new,mobile,1,143990.54,0,20.0
4707,control,1,3,new,mobile,0,,0,141.8
579,treatment,1,2,returning,mobile,0,,0,179.8
10186,control,1,1,new,mobile,0,,0,134.5
1512,control,2,12,returning,mobile,0,,0,160.3
6138,control,3,17,returning,mobile,0,,0,178.6
11407,treatment,3,15,new,mobile,0,,1,191.0
6160,treatment,2,13,new,desktop,0,,0,96.9
2233,control,3,21,returning,desktop,1,96788.57,0,258.2
5652,control,3,21,new,desktop,0,,0,236.5
9532,treatment,1,1,returning,mobile,0,,0,60.8
3752,treatment,3,20,returning,mobile,0,,0,103.8
9822,treatment,2,8,new,desktop,0,,0,105.6
10684,treatment,1,4,returning,mobile,1,260674.62,0,92.1
4455,treatment,1,1,returning,mobile,0,,0,187.4
6419,treatment,3,20,returning,desktop,0,,0,116.4
1769,control,1,7,new,mobile,0,,0,135.6
4863,control,1,5,returning,desktop,0,,0,154.0
622,control,3,20,returning,mobile,1,71136.11,0,165.9
8488,control,1,2,new,mobile,0,,0,167.0
7653,treatment,2,11,new,desktop,1,203506.16,0,80.1
3834,control,2,9,new,mobile,0,,0,204.4
11210,control,3,17,returning,mobile,1,235414.16,0,188.8
5613,control,1,1,returning,desktop,0,,0,213.5
4537,treatment,2,14,returning,desktop,1,99137.38,0,128.7
7364,treatment,1,5,new,mobile,0,,0,135.2
5226,control,1,1,new,mobile,0,,0,113.9
266,control,1,6,returning,mobile,0,,0,208.2
834,treatment,1,7,returning,mobile,0,,0,127.9
8286,control,1,1,returning,mobile,0,,0,142.6
2920,treatment,2,14,new,mobile,0,,0,164.5
11320,control,1,6,returning,desktop,0,,0,199.8
1286,treatment,2,11,returning,desktop,1,398861.6,0,194.5
10008,treatment,3,16,returning,mobile,0,,0,185.9
11498,treatment,1,4,new,desktop,0,,0,116.9
4191,control,1,6,new,mobile,0,,0,234.3
6342,treatment,3,21,returning,mobile,1,114672.01,0,204.8
10329,control,3,16,new,desktop,0,,0,107.2
11960,control,1,7,new,mobile,0,,0,177.0
9472,control,2,8,new,mobile,0,,0,172.6
9900,treatment,3,19,new,mobile,0,,0,109.4
5435,treatment,1,6,returning,desktop,1,188482.69,0,95.4
11566,control,1,6,returning,desktop,0,,0,253.2
10858,treatment,3,18,returning,desktop,0,,0,131.0
1397,treatment,1,7,returning,mobile,0,,0,150.4
260,treatment,3,18,returning,mobile,0,,0,175.2
10324,treatment,1,2,new,desktop,0,,0,208.1
1672,treatment,3,16,new,mobile,0,,0,138.5
7924,treatment,2,8,returning,mobile,0,,0,120.0
6974,treatment,1,4,returning,mobile,0,,0,183.7
8264,treatment,3,18,new,mobile,0,,1,56.3
757,control,1,3,new,mobile,1,202232.01,0,121.0
4755,treatment,2,12,new,mobile,0,,1,137.4
8242,treatment,1,1,returning,desktop,0,,0,124.0
11538,control,1,7,returning,desktop,0,,0,136.5
8383,control,1,7,returning,mobile,1,108279.59,0,132.6
9508,control,2,9,returning,mobile,1,143717.23,0,149.1
4220,treatment,2,10,new,mobile,0,,0,161.6
4891,control,1,6,new,mobile,0,,0,161.0
10236,control,1,2,returning,mobile,0,,0,226.3
10453,treatment,1,3,returning,desktop,1,142259.59,0,275.3
8672,control,1,5,returning,mobile,0,,0,240.5
695,treatment,2,8,new,mobile,0,,0,123.7
10188,control,2,9,returning,mobile,0,,0,137.3
8072,treatment,3,19,new,desktop,0,,0,47.8
8177,treatment,3,19,new,mobile,0,,0,196.3
9879,control,3,17,returning,desktop,0,,0,160.3
3577,treatment,3,18,returning,mobile,1,82490.43,0,108.4
6099,treatment,3,15,returning,mobile,1,131681.78,0,165.4
9074,treatment,3,21,new,desktop,0,,0,109.5
8883,treatment,3,15,new,desktop,1,217822.0,0,86.0
7703,treatment,2,14,returning,desktop,0,,0,120.2
5732,treatment,1,4,returning,desktop,1,163916.0,0,135.3
2010,treatment,2,11,new,mobile,0,,0,174.3
6320,treatment,1,1,new,desktop,0,,0,69.7
11543,control,3,20,new,mobile,1,449412.43,0,265.6
5378,treatment,3,21,returning,mobile,0,,0,135.0
11722,treatment,3,17,returning,mobile,0,,0,142.5
4116,control,2,13,returning,desktop,0,,0,186.1
6367,control,3,18,returning,desktop,0,,0,154.3
10467,control,3,16,returning,desktop,0,,0,250.9
11521,control,2,13,returning,mobile,0,,0,273.0
7204,treatment,2,11,new,desktop,0,,0,130.1
3170,treatment,2,14,returning,mobile,1,96842.97,0,123.1
4827,control,3,18,new,mobile,0,,0,294.1
6115,control,1,3,returning,desktop,0,,0,212.8
3888,treatment,1,7,returning,mobile,0,,0,160.6
3947,control,1,5,new,desktop,0,,0,186.4
1238,control,2,10,returning,mobile,0,,0,202.9
2999,treatment,1,6,returning,mobile,0,,0,109.5
7677,control,2,14,returning,desktop,0,,0,171.5
2755,treatment,3,17,returning,desktop,0,,0,160.7
10838,treatment,1,2,returning,mobile,1,148345.84,0,202.2
8803,control,3,19,returning,mobile,0,,0,190.8
7140,control,3,17,returning,mobile,0,,0,217.7
11250,treatment,3,18,new,mobile,1,217529.61,0,139.8
11385,control,3,17,new,mobile,0,,0,138.4
1965,treatment,3,17,new,mobile,0,,0,126.9
8508,control,2,12,new,mobile,0,,0,245.4
10828,treatment,1,1,returning,desktop,0,,0,208.2
10722,control,3,18,new,mobile,0,,0,166.0
820,control,2,13,new,mobile,0,,0,269.2
11366,treatment,3,19,returning,mobile,0,,0,105.7
11447,treatment,1,3,returning,mobile,0,,0,175.5
7749,control,1,7,new,mobile,0,,0,183.5
2541,treatment,3,20,new,desktop,0,,0,191.7
5722,control,1,7,new,mobile,0,,0,112.2
6086,treatment,1,3,returning,desktop,0,,0,208.8
7550,control,1,6,returning,desktop,0,,0,218.4
1062,treatment,3,17,new,desktop,0,,0,133.9
5925,treatment,3,17,new,desktop,0,,0,120.0
8284,treatment,1,6,returning,desktop,0,,1,169.7
1255,control,3,15,returning,desktop,0,,0,129.6
953,control,1,3,returning,mobile,0,,1,229.7
9134,treatment,2,8,new,mobile,0,,0,184.0
10100,control,1,4,returning,mobile,0,,0,173.3
4793,control,2,11,returning,desktop,0,,0,167.6
7857,control,3,21,returning,desktop,0,,0,198.0
1119,control,2,12,returning,mobile,0,,0,152.5
7453,control,3,18,new,mobile,0,,0,144.2
9576,treatment,1,4,new,mobile,1,136919.89,0,132.6
1955,treatment,3,15,returning,desktop,0,,0,117.3
4059,control,3,17,new,desktop,0,,0,153.6
10429,control,2,8,new,mobile,0,,0,141.0
4090,control,1,6,returning,mobile,0,,0,271.6
6682,treatment,2,12,returning,mobile,0,,0,178.4
1719,treatment,2,9,returning,desktop,0,,0,138.8
4402,treatment,1,2,returning,mobile,0,,0,20.0
4239,treatment,1,4,new,desktop,0,,0,215.5
8646,control,1,6,new,mobile,0,,0,91.8
10563,treatment,2,9,new,mobile,0,,0,117.7
2338,control,3,19,returning,mobile,1,147490.59,0,177.9
3028,treatment,2,11,returning,mobile,1,317983.02,0,153.6
8909,control,1,5,returning,mobile,0,,0,141.2
3644,control,1,6,new,desktop,0,,0,159.9
2413,control,1,2,new,mobile,0,,0,168.1
9565,treatment,3,18,new,mobile,0,,0,149.9
4443,treatment,1,2,new,mobile,0,,0,112.9
11774,treatment,1,7,new,mobile,1,235455.1,0,58.2
2715,treatment,2,13,returning,desktop,1,143903.23,0,131.9
1057,treatment,1,3,returning,mobile,0,,0,211.4
1147,treatment,3,21,returning,desktop,0,,0,159.3
4454,treatment,2,9,returning,mobile,1,186946.45,0,180.5
3448,treatment,2,14,returning,desktop,1,413301.07,0,253.6
3659,treatment,3,17,new,desktop,0,,0,178.3
6245,control,1,5,new,mobile,1,107963.84,0,199.8
3899,control,1,6,new,mobile,1,378274.36,0,270.8
9,control,3,15,returning,mobile,0,,0,181.5
7160,control,2,11,returning,mobile,0,,0,229.8
3450,treatment,1,4,new,desktop,0,,0,137.9
3681,treatment,2,13,returning,desktop,1,89113.2,0,188.9
6381,treatment,1,4,returning,mobile,0,,0,123.9
97,control,2,14,new,mobile,0,,0,208.2
1460,control,2,12,new,mobile,1,181189.65,0,244.3
1972,treatment,1,2,returning,mobile,0,,0,148.7
427,control,2,10,returning,mobile,0,,0,110.0
2955,treatment,3,16,returning,mobile,0,,0,213.0
3897,control,1,3,returning,desktop,0,,0,184.5
10672,treatment,2,11,new,mobile,0,,0,100.9
3774,treatment,1,5,returning,mobile,0,,0,144.0
10581,treatment,1,5,returning,mobile,0,,0,115.7
10742,treatment,2,10,returning,desktop,0,,1,80.4
5385,control,1,7,returning,desktop,0,,0,134.2
10710,treatment,1,1,new,mobile,0,,0,155.1
5639,control,3,17,returning,desktop,0,,0,85.0
980,control,3,20,new,mobile,0,,0,202.7
5854,control,1,4,new,desktop,0,,0,225.6
1043,treatment,1,6,new,mobile,0,,1,202.7
7218,treatment,3,17,new,mobile,0,,0,176.7
10643,treatment,2,8,returning,mobile,0,,0,73.5
10397,control,3,15,new,mobile,0,,0,212.1
3273,treatment,1,4,returning,mobile,0,,0,66.5
1966,control,3,19,new,mobile,0,,0,200.0
2679,treatment,1,1,returning,mobile,0,,0,89.6
3711,treatment,3,17,new,mobile,0,,0,145.3
2895,treatment,2,10,new,mobile,1,249384.14,0,53.2
6706,control,2,10,new,mobile,1,261959.71,0,156.7
5744,treatment,3,15,new,desktop,0,,0,203.2
11682,control,1,3,returning,mobile,0,,0,178.6
583,control,2,14,new,mobile,0,,0,129.4
11800,control,1,2,new,mobile,0,,0,201.6
10230,control,3,15,new,desktop,0,,0,159.3
3317,treatment,3,18,returning,mobile,1,141127.06,0,61.2
6859,control,1,2,returning,mobile,0,,0,165.4
11821,treatment,2,10,returning,mobile,0,,0,141.5
7064,control,3,17,returning,mobile,0,,0,223.0
4,treatment,3,21,returning,mobile,0,,0,95.1
5791,treatment,3,17,returning,desktop,0,,0,134.7
411,treatment,3,17,new,mobile,0,,0,167.5
1733,treatment,2,8,returning,mobile,1,94970.53,0,154.0
9808,control,2,12,returning,mobile,0,,0,241.3
8261,control,3,19,returning,mobile,0,,0,212.3
10342,treatment,3,19,returning,desktop,1,750683.83,1,113.0
10845,control,3,16,new,mobile,0,,0,229.0
6026,treatment,3,18,new,mobile,0,,0,107.8
264,control,1,2,returning,mobile,0,,0,191.4
5099,treatment,3,19,new,mobile,0,,0,155.5
440,treatment,2,14,returning,mobile,0,,0,122.7
11705,control,1,2,new,mobile,0,,0,141.3
11728,treatment,1,5,returning,desktop,0,,0,119.4
4542,control,2,9,returning,mobile,0,,0,246.5
5788,treatment,1,3,new,mobile,0,,0,145.2
1108,control,2,11,new,mobile,0,,0,260.1
11404,control,3,15,returning,mobile,0,,0,226.0
5889,treatment,3,17,new,mobile,0,,0,144.7
6785,treatment,1,7,returning,desktop,0,,0,215.9
89,control,1,2,returning,mobile,0,,0,209.1
2974,treatment,3,15,new,mobile,0,,0,148.3
5130,treatment,1,1,returning,desktop,1,224483.7,0,159.5
7961,control,3,21,new,mobile,0,,0,310.0
2125,control,2,10,new,mobile,0,,0,136.6
3575,control,2,12,returning,mobile,0,,0,204.4
7878,treatment,2,8,new,mobile,0,,0,130.2
275,treatment,3,16,returning,mobile,0,,0,101.3
1282,control,1,6,new,desktop,0,,0,210.9
3753,control,2,13,returning,mobile,0,,0,240.2
2076,treatment,2,14,returning,mobile,1,157645.04,0,108.8
11739,control,1,5,new,mobile,0,,0,139.8
7825,treatment,1,3,returning,mobile,0,,0,170.5
10925,control,2,12,new,desktop,0,,0,150.1
6436,control,2,14,returning,mobile,1,263923.35,0,171.9
3316,control,2,14,returning,mobile,1,59987.39,0,247.4
6110,treatment,3,17,new,mobile,0,,0,95.5
8375,treatment,3,21,returning,mobile,0,,0,83.6
6194,control,2,9,new,desktop,0,,0,175.2
10988,treatment,1,1,returning,mobile,0,,0,261.3
4439,control,2,14,new,mobile,0,,0,247.8
416,control,3,17,returning,mobile,1,117920.23,0,139.2
7412,treatment,1,4,returning,mobile,0,,0,262.6
2217,control,3,20,returning,mobile,0,,0,174.8
11429,control,2,13,returning,mobile,0,,0,290.3
10848,control,2,8,returning,mobile,0,,0,163.4
2128,control,2,14,returning,mobile,0,,0,186.5
6348,treatment,3,19,new,mobile,0,,0,96.1
4316,treatment,3,16,returning,mobile,0,,0,181.5
11077,control,3,17,returning,mobile,1,235619.03,0,229.7
7188,control,3,20,returning,desktop,0,,0,167.1
711,treatment,2,10,new,mobile,0,,0,136.4
7403,control,3,16,returning,desktop,0,,0,153.8
3412,control,3,21,returning,mobile,0,,0,146.5
5468,control,2,8,new,desktop,0,,0,220.7
408,treatment,1,7,returning,mobile,0,,0,168.7
3060,control,1,2,new,mobile,0,,0,215.8
9871,control,3,21,returning,mobile,0,,0,245.7
8937,control,1,4,returning,mobile,0,,0,179.2
6761,control,2,8,returning,desktop,0,,0,185.6
4598,control,1,5,returning,desktop,1,221928.69,0,136.9
4413,treatment,2,13,returning,desktop,0,,0,51.9
3853,control,3,17,returning,mobile,0,,0,285.1
8162,treatment,1,4,returning,mobile,0,,0,130.7
11769,control,2,11,returning,desktop,0,,0,180.6
5881,control,2,9,new,desktop,0,,0,194.2
3208,control,3,16,returning,mobile,0,,0,222.3
2656,treatment,1,7,returning,mobile,0,,0,163.0
5240,treatment,1,5,returning,mobile,1,97030.01,0,209.5
1984,control,3,19,returning,mobile,1,90527.79,0,202.0
7840,control,1,5,returning,mobile,0,,0,205.4
3871,control,1,5,returning,mobile,0,,0,179.7
8274,treatment,1,1,new,desktop,0,,0,112.5
7402,control,3,17,returning,mobile,0,,0,163.2
1524,treatment,1,2,returning,desktop,1,277961.38,0,105.2
11555,treatment,2,14,new,mobile,0,,0,149.2
9081,control,2,10,new,mobile,0,,0,111.8
5677,control,3,20,returning,desktop,0,,0,190.1
1111,control,2,13,new,desktop,0,,0,120.9
10071,treatment,2,13,returning,mobile,0,,0,172.0
1407,treatment,1,2,new,mobile,0,,1,122.8
8236,control,2,14,new,desktop,0,,0,246.2
3039,control,2,10,returning,mobile,0,,0,226.5
9408,control,3,21,returning,mobile,0,,0,207.3
11889,treatment,3,18,returning,mobile,0,,0,153.5
3913,treatment,1,1,new,mobile,1,106787.77,0,180.0
8269,treatment,1,2,returning,mobile,0,,0,134.1
4561,treatment,3,21,returning,mobile,0,,0,176.2
6087,control,1,1,returning,mobile,0,,0,207.0
10654,control,2,11,returning,desktop,0,,0,109.3
10839,control,1,7,returning,desktop,0,,0,201.8
11580,treatment,2,14,new,mobile,0,,0,147.7
11050,control,2,10,returning,mobile,1,284739.77,1,170.8
4899,treatment,3,15,returning,mobile,0,,1,62.2
11745,control,2,10,returning,mobile,0,,0,177.1
634,control,2,14,new,mobile,0,,0,138.1
11136,treatment,2,14,returning,desktop,1,174916.63,0,157.4
8934,treatment,3,20,new,desktop,0,,0,144.5
4123,treatment,1,5,returning,desktop,0,,0,182.6
4808,treatment,1,5,new,mobile,0,,0,227.7
6212,treatment,3,21,returning,mobile,0,,0,162.8
7929,control,2,11,returning,desktop,0,,0,169.8
132,treatment,1,6,returning,mobile,1,210867.33,0,76.9
10696,control,2,13,returning,mobile,0,,0,292.1
456,control,3,15,new,mobile,0,,0,122.2
7526,control,3,15,returning,mobile,0,,0,190.6
9442,treatment,2,8,new,mobile,0,,0,160.6
9389,control,3,20,new,mobile,0,,0,201.3
10878,control,1,6,new,mobile,0,,0,175.0
775,control,2,9,new,mobile,0,,0,184.4
5036,control,3,20,returning,desktop,0,,0,139.9
312,control,2,8,new,desktop,0,,1,166.1
5166,treatment,3,19,returning,mobile,0,,0,129.6
3596,treatment,1,6,returning,mobile,0,,0,121.3
3839,treatment,3,19,returning,mobile,0,,1,249.8
3694,treatment,3,20,new,desktop,0,,0,165.8
2070,treatment,3,21,new,desktop,0,,0,149.6
470,treatment,1,2,new,desktop,0,,0,138.3
3847,treatment,1,2,new,desktop,0,,0,106.7
1351,treatment,3,19,returning,mobile,1,218850.94,0,114.2
8656,control,2,8,returning,mobile,0,,0,202.1
4396,control,1,3,returning,mobile,0,,0,226.2
6957,control,2,12,new,mobile,0,,0,165.4
10947,treatment,2,8,new,desktop,0,,0,85.9
248,control,3,16,new,mobile,0,,0,76.5
994,control,1,2,returning,desktop,0,,0,163.3
737,control,1,4,new,mobile,0,,0,287.8
10528,treatment,2,8,new,mobile,0,,0,166.1
2953,control,2,13,new,mobile,0,,0,186.3
3350,control,1,7,new,mobile,1,394007.71,0,121.7
4990,control,3,19,new,mobile,0,,0,147.4
3706,control,1,4,returning,mobile,0,,0,140.9
9583,control,3,17,returning,mobile,1,133940.55,0,123.7
564,treatment,3,21,new,mobile,0,,0,110.2
1723,treatment,3,16,new,mobile,0,,0,72.1
4780,treatment,1,7,new,desktop,0,,0,123.7
3001,treatment,2,8,returning,desktop,1,824195.54,0,164.0
5254,treatment,1,3,new,mobile,0,,0,123.1
1577,treatment,2,13,new,desktop,1,83995.61,0,173.4
74,control,1,1,new,desktop,0,,0,197.4
10908,control,2,8,new,desktop,0,,0,200.0
2239,control,2,10,returning,mobile,0,,0,125.2
3524,control,1,4,returning,desktop,0,,0,108.2
5665,control,1,5,new,mobile,0,,0,134.7
2885,treatment,3,18,returning,desktop,0,,0,228.3
6852,control,2,8,returning,mobile,0,,0,159.7
6502,control,3,16,returning,mobile,1,82202.96,0,134.1
5891,treatment,1,5,new,mobile,0,,0,68.9
8447,control,1,6,returning,mobile,0,,0,225.6
80,treatment,2,14,returning,mobile,1,1221305.91,0,173.1
6428,control,3,19,returning,mobile,0,,0,148.6
10435,control,2,10,new,desktop,0,,0,186.1
2155,treatment,2,12,returning,desktop,0,,0,167.8
797,control,3,16,returning,desktop,1,47674.03,0,184.4
8553,treatment,2,14,returning,desktop,0,,0,181.7
7081,treatment,2,11,new,mobile,0,,0,91.7
3091,treatment,1,2,new,mobile,0,,0,61.0
10606,control,2,10,returning,desktop,1,66729.22,0,170.8
2520,control,2,10,returning,desktop,0,,0,151.3
11604,treatment,1,4,returning,mobile,0,,0,129.3
5693,treatment,3,16,returning,mobile,1,314317.08,0,119.9
7212,treatment,1,3,new,desktop,0,,0,117.6
9857,treatment,3,21,returning,mobile,1,154215.3,0,172.2
2716,control,1,6,returning,mobile,0,,0,218.1
5228,control,2,12,returning,desktop,0,,0,341.5
7786,treatment,2,8,returning,mobile,0,,0,191.4
10481,treatment,3,20,returning,desktop,0,,0,124.6
6068,control,2,9,new,mobile,0,,0,79.8
334,treatment,1,2,returning,mobile,0,,0,168.9
4412,control,3,20,returning,mobile,0,,0,158.9
10203,control,1,5,returning,desktop,1,100145.79,0,100.2
8418,treatment,3,15,new,desktop,0,,0,188.6
10111,control,2,11,returning,mobile,0,,0,145.5
1085,treatment,2,12,new,mobile,0,,0,123.9
5981,treatment,3,19,returning,mobile,0,,0,147.3
1473,control,1,5,returning,desktop,0,,0,173.3
451,control,1,3,new,mobile,0,,0,198.6
1852,treatment,2,11,returning,mobile,0,,0,189.2
10187,treatment,1,4,returning,mobile,0,,0,119.1
3747,control,2,13,returning,desktop,1,35321.84,1,196.5
10420,treatment,1,3,new,mobile,0,,0,117.5
3324,treatment,1,6,new,desktop,0,,0,47.5
294,control,2,8,returning,mobile,0,,0,213.6
1251,control,3,17,new,mobile,0,,0,246.1
1146,control,1,5,returning,mobile,0,,0,211.2
2456,treatment,1,2,returning,mobile,0,,0,113.0
6179,control,3,16,returning,desktop,0,,0,186.9
3520,treatment,3,15,new,desktop,0,,0,146.0
7018,control,1,2,returning,desktop,0,,0,156.5
1954,treatment,3,18,returning,mobile,1,530909.86,0,127.2
10401,treatment,2,10,returning,desktop,0,,0,228.3
11509,treatment,2,9,new,mobile,0,,0,117.9
8318,treatment,2,14,returning,mobile,0,,0,154.1
6392,treatment,1,2,new,mobile,0,,0,88.6
10557,control,2,11,new,desktop,0,,0,102.7
853,treatment,1,6,returning,desktop,0,,0,124.9
1495,control,2,9,returning,mobile,0,,0,125.5
2860,control,2,14,new,mobile,0,,0,185.9
4346,treatment,1,4,returning,mobile,0,,0,145.2
7415,treatment,1,5,returning,mobile,1,63197.73,0,88.0
10520,treatment,2,12,returning,desktop,0,,0,130.4
1806,treatment,1,2,returning,mobile,1,79379.33,0,86.0
8531,treatment,2,8,returning,mobile,0,,0,157.7
6740,control,1,4,returning,mobile,1,130359.78,0,180.3
10380,control,2,8,returning,mobile,0,,0,177.9
7088,control,2,11,new,desktop,0,,1,236.8
10835,control,3,15,new,desktop,0,,0,168.1
189,treatment,1,2,new,desktop,1,200027.7,0,194.9
1124,control,3,20,new,desktop,0,,0,159.2
11363,treatment,3,19,returning,mobile,0,,0,82.5
11929,treatment,3,19,returning,desktop,0,,0,122.9
6587,control,1,4,returning,mobile,0,,0,146.9
11992,control,2,14,returning,mobile,0,,0,181.3
9406,treatment,1,7,new,mobile,0,,0,224.1
6758,treatment,1,4,returning,mobile,0,,0,117.0
3707,control,2,10,new,mobile,0,,0,108.0
6770,control,3,21,returning,desktop,0,,0,209.0
5293,treatment,3,20,new,mobile,0,,0,145.8
1595,treatment,3,16,returning,mobile,0,,0,132.1
11732,control,1,5,new,mobile,0,,0,157.6
2590,control,2,13,new,desktop,0,,0,141.8
501,treatment,3,18,new,mobile,0,,0,140.0
3600,control,2,11,new,mobile,0,,0,216.1
291,treatment,3,21,returning,mobile,0,,0,162.5
5377,control,3,21,returning,mobile,0,,0,225.8
11711,treatment,3,17,new,mobile,0,,0,126.5
10792,treatment,3,18,new,mobile,0,,0,139.0
2933,treatment,3,20,new,mobile,0,,0,162.2
3563,treatment,2,10,new,mobile,0,,0,114.4
4973,control,3,19,new,mobile,0,,0,194.1
5273,treatment,2,8,returning,mobile,0,,0,80.9
8527,treatment,3,21,returning,mobile,0,,0,166.9
3469,control,1,2,returning,mobile,0,,0,208.0
591,treatment,2,12,returning,desktop,1,277632.9,0,156.2
3689,treatment,1,6,new,mobile,0,,0,133.6
8601,treatment,2,8,returning,mobile,0,,0,110.3
2272,treatment,3,20,returning,desktop,0,,0,53.3
7443,treatment,1,1,returning,mobile,0,,0,69.2
5823,treatment,2,9,new,mobile,0,,0,132.8
2770,treatment,1,4,new,mobile,0,,0,149.2
1092,treatment,3,21,returning,desktop,0,,0,181.1
2772,treatment,3,18,returning,desktop,1,232213.69,0,199.4
3255,control,1,5,returning,mobile,0,,0,134.7
5054,control,1,2,new,mobile,0,,0,131.9
8006,treatment,2,14,returning,desktop,0,,0,207.7
778,control,1,5,new,desktop,0,,1,178.2
9432,control,3,20,returning,desktop,1,140923.3,0,217.5
300,treatment,1,5,new,desktop,1,176987.08,0,129.1
9884,control,3,19,returning,mobile,0,,0,176.5
1091,control,2,12,returning,mobile,0,,0,202.6
1195,treatment,2,14,new,desktop,0,,0,88.6
8181,control,1,5,returning,mobile,0,,0,225.7
5466,treatment,2,9,returning,mobile,0,,0,154.7
8742,treatment,3,20,new,mobile,0,,0,106.6
533,control,2,13,returning,mobile,0,,0,153.4
3264,control,1,4,returning,desktop,1,317911.95,0,212.2
972,control,2,10,returning,desktop,0,,0,170.1
11381,treatment,2,11,returning,desktop,0,,0,94.8
4085,treatment,3,17,new,mobile,1,93896.49,0,143.4
1114,treatment,1,7,new,mobile,1,184857.11,0,169.5
3709,control,1,3,returning,mobile,0,,0,214.8
6713,control,1,4,new,mobile,0,,0,150.1
1593,treatment,2,12,returning,mobile,0,,0,77.2
2392,treatment,2,13,new,mobile,0,,0,132.3
7925,treatment,1,4,new,desktop,0,,0,116.6
5886,control,2,13,new,desktop,1,116320.74,0,168.2
7308,treatment,1,7,returning,mobile,0,,0,188.3
5728,control,3,19,returning,mobile,0,,0,174.8
1083,treatment,1,7,returning,desktop,0,,0,131.8
5642,treatment,3,20,returning,mobile,0,,0,120.5
3446,control,2,8,new,mobile,0,,0,170.5
11689,treatment,3,18,returning,mobile,0,,0,158.2
8178,treatment,3,20,returning,desktop,0,,0,160.1
8864,treatment,1,1,returning,mobile,0,,1,138.1
2021,treatment,3,15,new,mobile,0,,0,197.0
9737,control,1,7,returning,mobile,0,,0,132.8
1804,treatment,2,10,new,mobile,0,,0,197.9
11634,control,1,5,new,mobile,0,,0,114.8
4099,treatment,2,13,new,mobile,0,,0,147.4
4890,treatment,3,18,returning,mobile,0,,1,151.4
8564,control,3,17,returning,mobile,0,,0,200.6
2760,treatment,2,12,returning,mobile,0,,0,154.9
1643,control,2,11,returning,desktop,0,,0,221.4
10364,treatment,3,21,new,mobile,0,,0,153.9
8758,control,2,13,returning,mobile,1,95702.28,0,177.0
8662,control,1,6,returning,mobile,0,,0,188.1
7482,treatment,1,4,returning,mobile,0,,0,68.2
4644,control,2,8,new,desktop,0,,0,189.2
8262,control,1,4,new,mobile,0,,0,194.1
5387,control,3,19,returning,desktop,0,,0,213.2
9361,control,1,6,returning,desktop,1,117312.16,0,216.2
2089,treatment,2,12,returning,desktop,1,96561.37,0,101.5
4008,control,1,2,returning,mobile,0,,0,213.5
47,control,2,11,new,mobile,0,,0,151.0
10782,treatment,1,1,new,mobile,0,,0,126.8
1150,treatment,1,4,returning,mobile,0,,0,83.6
9187,treatment,3,16,returning,desktop,0,,0,105.7
9335,treatment,3,21,new,desktop,0,,1,139.8
896,treatment,2,10,new,mobile,0,,0,27.5
11265,control,1,7,new,mobile,0,,0,97.9
7725,treatment,1,4,returning,mobile,0,,0,112.2
766,control,1,5,returning,mobile,0,,0,88.6
9403,treatment,2,8,returning,mobile,0,,1,144.5
11145,control,3,17,returning,mobile,0,,0,186.6
7956,treatment,3,16,returning,mobile,1,258625.61,0,168.6
3579,treatment,2,8,new,mobile,0,,0,71.5
2936,control,1,3,new,desktop,0,,0,158.6
1567,control,2,10,returning,desktop,0,,0,271.5
11857,control,2,12,new,mobile,0,,0,137.8
9519,control,1,3,returning,mobile,1,125686.94,0,221.8
1202,treatment,1,1,new,mobile,0,,0,101.3
5262,treatment,1,5,new,mobile,1,463457.63,0,167.8
3756,control,1,2,returning,desktop,1,456284.23,0,151.2
5334,control,3,19,new,mobile,0,,0,153.6
11029,control,2,9,returning,mobile,0,,1,111.1
3038,control,1,5,returning,desktop,0,,0,119.1
10582,control,3,15,new,desktop,0,,0,223.0
566,treatment,1,4,returning,mobile,0,,0,195.1
8392,control,3,20,returning,mobile,0,,0,178.9
2620,treatment,1,4,new,mobile,0,,0,213.9
8956,control,3,21,returning,mobile,0,,0,107.1
4192,treatment,1,7,new,desktop,0,,0,95.4
4924,treatment,3,15,returning,desktop,1,318195.31,0,146.8
1012,treatment,2,10,returning,mobile,0,,0,150.2
11540,treatment,3,17,new,mobile,0,,0,103.0
6393,control,1,5,returning,mobile,0,,0,176.6
11799,control,1,5,returning,mobile,0,,0,168.0
3425,control,2,14,returning,mobile,0,,0,95.1
7541,treatment,1,2,new,desktop,0,,0,113.7
8733,control,3,17,returning,desktop,0,,0,230.2
10607,control,1,3,returning,desktop,1,1559277.66,0,174.7
2109,control,2,10,new,desktop,0,,0,178.7
2817,control,3,18,returning,desktop,0,,0,117.0
9206,treatment,2,10,returning,desktop,0,,0,111.4
2391,treatment,3,16,new,desktop,0,,0,176.3
11855,control,1,1,returning,mobile,0,,0,218.2
5588,control,1,2,returning,mobile,0,,0,168.0
2120,control,1,5,returning,desktop,0,,0,128.4
9945,control,1,2,new,desktop,1,90010.04,1,228.0
6378,treatment,2,10,new,mobile,0,,0,142.8
5838,treatment,2,10,returning,desktop,0,,0,181.6
8630,treatment,3,20,new,mobile,0,,1,158.4
10179,control,1,5,new,mobile,0,,0,166.2
10379,treatment,2,11,returning,mobile,0,,0,110.6
6006,control,3,21,returning,mobile,0,,0,197.4
10652,control,1,5,returning,mobile,0,,0,198.0
4914,treatment,3,17,returning,mobile,0,,0,121.8
7821,treatment,3,17,returning,mobile,0,,0,114.5
1346,treatment,3,17,returning,desktop,1,196158.65,0,195.0
1445,control,2,10,returning,mobile,1,131626.27,0,204.3
2626,control,1,6,returning,mobile,0,,0,193.9
8856,control,2,12,new,mobile,0,,0,196.5
81,treatment,3,15,returning,desktop,0,,0,157.9
5428,treatment,1,2,new,mobile,0,,0,134.4
2408,control,2,13,returning,mobile,0,,0,193.3
336,treatment,2,12,new,mobile,0,,0,149.8
2875,control,2,12,returning,desktop,0,,0,71.2
6158,control,3,19,returning,mobile,1,229336.28,0,267.5
3892,treatment,2,9,returning,desktop,1,269624.29,0,151.7
1573,treatment,3,18,returning,mobile,0,,0,64.7
8218,treatment,3,15,returning,desktop,1,166507.78,0,126.4
3945,control,1,1,returning,mobile,0,,0,146.6
2110,control,3,21,returning,mobile,1,109273.38,0,193.9
10243,control,1,4,returning,mobile,0,,1,166.1
1510,treatment,3,16,returning,mobile,0,,0,159.1
1897,treatment,2,11,returning,desktop,0,,0,156.9
9659,treatment,2,8,new,mobile,0,,0,182.6
7822,treatment,1,6,returning,mobile,0,,0,191.3
9920,treatment,3,17,returning,desktop,0,,0,94.4
6045,treatment,3,21,returning,desktop,1,183660.18,0,164.4
1846,treatment,1,3,returning,mobile,0,,0,197.6
112,control,2,11,returning,desktop,0,,0,199.0
473,control,1,7,returning,mobile,0,,0,162.3
9546,control,1,5,new,desktop,0,,0,234.8
7326,control,1,2,new,mobile,0,,0,89.1
6776,control,2,10,returning,mobile,1,193773.62,0,238.0
8799,control,2,10,new,mobile,1,161639.29,0,45.1
9015,treatment,3,17,returning,desktop,1,193803.98,0,155.9
9982,control,2,12,returning,mobile,0,,0,219.0
1184,control,1,1,returning,mobile,0,,0,162.5
6598,control,1,2,returning,mobile,1,172976.14,0,156.2
7079,control,1,2,new,mobile,0,,0,216.0
3438,control,2,8,returning,mobile,0,,0,176.2
2311,treatment,1,2,returning,mobile,1,2472257.18,0,61.0
9062,treatment,2,10,new,mobile,0,,0,77.4
11043,treatment,1,7,new,mobile,0,,0,96.2
7320,control,1,1,returning,mobile,0,,0,142.3
4342,control,3,20,new,mobile,0,,0,158.9
2693,treatment,3,21,new,mobile,0,,0,98.3
8806,treatment,3,16,returning,desktop,1,154004.13,0,94.0
8597,treatment,3,20,returning,desktop,1,222761.3,0,166.9
5529,treatment,2,10,new,desktop,0,,0,126.3
2890,control,2,12,new,desktop,0,,0,141.6
2185,treatment,3,15,returning,mobile,0,,0,76.7
5779,treatment,1,2,returning,mobile,1,180870.32,0,112.8
4395,control,1,1,new,mobile,0,,0,285.1
10278,control,3,18,returning,mobile,0,,0,209.3
10388,treatment,2,12,returning,desktop,0,,0,193.9
6024,treatment,3,21,new,desktop,0,,0,95.7
9036,control,1,3,new,mobile,0,,1,149.7
9422,control,2,14,returning,mobile,0,,0,160.6
1194,treatment,2,8,new,mobile,0,,0,168.8
46,treatment,3,15,returning,desktop,0,,0,118.1
3650,treatment,1,1,returning,desktop,1,125173.12,0,173.7
9731,control,2,12,returning,mobile,0,,0,113.4
9476,treatment,1,4,returning,mobile,1,111573.26,0,106.9
1579,treatment,3,20,new,desktop,0,,0,185.7
3140,control,2,8,returning,desktop,1,337967.66,0,197.9
8289,control,3,15,returning,mobile,1,271900.94,0,195.8
3430,treatment,3,15,new,mobile,0,,0,257.4
1585,treatment,2,10,returning,mobile,1,110282.54,0,148.1
4190,control,1,5,new,desktop,0,,0,178.1
5973,treatment,1,2,returning,mobile,0,,0,173.7
10465,control,1,1,new,desktop,1,140228.68,0,135.4
3335,control,1,1,new,mobile,0,,0,146.4
6763,treatment,3,19,returning,mobile,0,,0,185.8
11228,treatment,1,4,returning,mobile,0,,0,123.6
10122,control,3,17,returning,desktop,0,,0,147.0
316,control,2,11,new,desktop,0,,0,157.7
10287,treatment,3,15,new,mobile,0,,0,109.8
6622,control,3,17,returning,desktop,1,426162.14,0,204.9
6534,control,3,16,new,mobile,0,,0,138.1
9370,treatment,3,19,returning,mobile,0,,0,110.1
2145,control,2,12,returning,mobile,0,,0,273.4
6501,treatment,2,9,returning,mobile,0,,0,149.2
10043,treatment,1,7,returning,desktop,0,,0,197.1
5863,treatment,1,6,new,mobile,1,110299.22,0,174.0
5197,control,2,13,returning,mobile,0,,0,180.8
6663,control,2,9,new,desktop,0,,0,132.3
5171,treatment,3,17,returning,desktop,1,281644.03,0,103.2
9027,treatment,3,19,new,mobile,0,,0,176.1
1072,treatment,1,1,returning,mobile,0,,0,193.6
9213,control,1,4,new,mobile,0,,0,193.0
7629,control,1,1,returning,mobile,0,,0,177.6
5606,treatment,2,14,new,mobile,0,,0,116.6
9964,treatment,1,2,new,desktop,1,139585.38,0,176.2
10436,treatment,1,6,returning,mobile,0,,0,154.4
410,treatment,2,14,new,mobile,0,,0,183.3
3785,treatment,2,11,returning,desktop,0,,0,109.9
3442,control,3,19,returning,mobile,1,164038.61,0,173.9
577,treatment,2,9,returning,mobile,1,81622.96,0,117.7
8609,control,1,3,returning,mobile,0,,1,196.6
5577,treatment,3,16,new,mobile,0,,0,301.9
7198,treatment,2,13,returning,mobile,0,,0,107.3
714,treatment,2,10,new,desktop,0,,0,105.1
9467,control,3,19,returning,desktop,0,,0,97.8
5872,control,3,20,new,desktop,0,,0,165.1
1088,treatment,1,1,new,mobile,0,,0,137.1
3248,treatment,1,5,returning,mobile,0,,0,92.5
8474,control,3,20,new,desktop,0,,0,179.7
8761,treatment,1,7,returning,desktop,0,,0,91.8
2216,control,1,1,returning,mobile,0,,0,223.1
1455,control,1,2,returning,desktop,0,,0,212.3
4588,treatment,3,20,returning,mobile,1,189879.44,0,180.3
2421,control,3,15,returning,mobile,0,,0,136.1
2859,treatment,1,2,new,desktop,0,,0,119.3
882,treatment,3,15,new,desktop,0,,0,89.6
1711,treatment,1,7,new,desktop,0,,0,135.8
3990,treatment,2,12,new,desktop,0,,0,188.1
11917,treatment,1,3,returning,mobile,0,,0,89.7
9104,treatment,1,7,returning,mobile,1,94186.97,0,141.4
4717,control,2,11,returning,mobile,0,,0,203.6
11694,control,1,5,returning,mobile,0,,0,235.3
2406,control,3,15,new,desktop,0,,0,175.7
3882,treatment,2,14,returning,mobile,0,,0,150.7
11835,control,2,8,new,mobile,0,,0,136.3
3061,treatment,1,7,new,desktop,0,,0,177.3
11620,control,3,19,returning,desktop,0,,0,122.2
3354,control,3,20,returning,mobile,0,,0,128.4
9129,control,2,12,returning,mobile,0,,0,193.5
10996,treatment,2,13,new,mobile,0,,0,205.9
1598,control,3,17,new,desktop,0,,0,110.4
6651,treatment,2,9,returning,mobile,0,,1,144.5
3527,control,2,13,returning,mobile,1,209962.06,0,199.3
7385,control,1,1,returning,mobile,0,,0,231.8
9660,control,3,19,returning,mobile,0,,0,170.8
4654,control,2,8,returning,mobile,0,,0,233.6
10822,control,2,13,new,mobile,0,,0,240.4
1181,treatment,2,14,returning,mobile,0,,0,140.5
8510,treatment,1,4,returning,mobile,0,,0,97.1
8166,treatment,3,17,returning,desktop,0,,0,123.1
5628,treatment,3,15,returning,desktop,1,156931.99,0,105.1
7519,control,3,21,returning,mobile,0,,1,200.7
8822,control,1,6,returning,mobile,0,,0,255.3
4772,control,3,20,new,mobile,0,,1,199.8
7149,treatment,2,12,returning,mobile,0,,0,159.1
4722,treatment,2,14,returning,mobile,0,,0,94.6
2639,treatment,1,1,new,desktop,0,,0,179.8
8818,treatment,3,20,returning,desktop,0,,0,174.1
8472,treatment,3,19,returning,mobile,0,,0,112.0
4388,control,2,13,returning,desktop,0,,0,236.7
2910,treatment,2,14,new,mobile,0,,0,169.6
10589,control,2,13,returning,mobile,0,,0,222.2
2329,treatment,3,19,new,mobile,0,,0,115.2
2761,treatment,2,11,new,mobile,1,130165.32,0,130.3
1692,treatment,3,16,returning,desktop,0,,0,203.7
4193,treatment,3,17,new,mobile,0,,0,140.0
124,control,3,20,new,mobile,0,,0,180.1
10554,control,3,19,returning,mobile,0,,0,89.6
1953,treatment,3,19,new,desktop,0,,0,71.3
8641,control,3,16,returning,desktop,0,,0,157.4
5490,treatment,3,17,returning,desktop,1,74106.65,1,91.0
6109,control,2,13,new,desktop,0,,0,148.0
8823,treatment,3,19,returning,mobile,0,,0,72.1
2393,control,2,8,new,mobile,1,250069.12,0,183.2
7810,control,2,11,new,mobile,0,,0,153.6
6698,control,3,21,new,desktop,0,,0,177.2
3401,control,1,7,returning,desktop,1,241874.41,0,121.5
8310,treatment,1,3,new,desktop,0,,0,176.5
4075,control,2,8,returning,mobile,0,,0,169.1
10010,control,3,21,returning,mobile,0,,0,167.6
7090,control,2,14,returning,desktop,0,,0,196.6
4642,control,2,8,returning,mobile,1,313414.71,0,279.7
4830,treatment,2,11,returning,desktop,0,,0,173.8
11744,control,1,2,new,mobile,0,,0,238.1
1892,treatment,3,21,returning,mobile,0,,0,157.3
5050,treatment,1,1,new,mobile,0,,0,213.4
6757,treatment,2,14,returning,desktop,0,,0,239.7
296,treatment,3,21,returning,desktop,0,,0,133.3
11457,control,2,12,returning,mobile,0,,0,154.8
2255,treatment,3,18,new,desktop,0,,0,63.0
10281,treatment,3,17,new,mobile,0,,0,97.3
2358,treatment,3,20,returning,desktop,0,,0,194.2
1786,treatment,3,19,new,mobile,0,,0,161.3
9957,treatment,2,8,returning,mobile,0,,0,142.0
287,control,2,11,returning,mobile,0,,0,162.1
5740,control,2,13,returning,desktop,0,,0,191.0
1759,treatment,1,5,returning,mobile,0,,0,152.2
4263,control,3,17,returning,desktop,0,,0,253.6
1285,treatment,3,20,returning,desktop,0,,0,133.4
11850,control,1,5,new,mobile,0,,0,215.3
5009,treatment,2,11,returning,mobile,0,,0,94.8
10134,treatment,1,1,returning,mobile,1,605340.3,1,226.4
7365,control,1,4,new,mobile,0,,0,139.9
5994,treatment,1,5,returning,mobile,1,384077.22,0,45.8
11544,treatment,3,21,returning,mobile,0,,0,177.1
8361,control,1,7,new,mobile,0,,0,201.4
6561,control,2,13,returning,desktop,0,,0,193.4
8817,treatment,3,15,returning,desktop,1,80988.24,0,143.0
550,control,2,8,new,mobile,0,,1,171.7
2609,treatment,3,21,returning,mobile,0,,0,87.0
2621,treatment,2,10,returning,mobile,1,307172.55,0,127.3
4238,treatment,2,10,new,desktop,0,,0,137.7
5796,treatment,2,13,new,mobile,0,,0,55.6
8204,treatment,3,16,returning,desktop,0,,0,166.3
5231,treatment,1,3,new,mobile,1,147890.77,0,180.4
6323,treatment,3,15,returning,desktop,1,227066.81,0,126.3
10512,treatment,3,17,new,mobile,0,,0,104.4
3488,treatment,2,8,new,mobile,0,,0,156.2
10854,treatment,1,6,returning,mobile,0,,1,133.2
8144,control,3,18,returning,mobile,0,,0,233.8
4334,control,3,18,new,desktop,0,,0,217.9
5633,control,1,3,new,mobile,1,376302.58,0,228.6
11601,treatment,3,18,returning,mobile,0,,0,99.8
9672,treatment,2,9,new,mobile,0,,0,145.8
3071,control,1,1,returning,mobile,0,,0,154.8
9854,control,2,13,returning,mobile,0,,0,242.6
9963,control,1,3,returning,mobile,0,,0,231.7
5956,treatment,1,4,returning,desktop,0,,0,149.2
5654,control,3,21,returning,mobile,0,,0,168.9
6799,treatment,3,17,returning,desktop,0,,0,166.4
6741,treatment,3,16,returning,mobile,0,,0,24.6
3089,treatment,1,6,returning,mobile,0,,0,189.9
1304,control,3,15,returning,mobile,1,108153.38,0,197.7
3571,treatment,1,7,new,mobile,0,,0,233.7
5617,control,3,18,returning,mobile,0,,0,244.5
3022,treatment,3,19,new,mobile,0,,1,138.3
6780,treatment,1,7,returning,mobile,1,83646.92,0,111.9
7826,control,2,12,returning,mobile,0,,0,252.9
9223,control,1,2,returning,desktop,0,,0,174.9
9626,treatment,2,12,returning,mobile,0,,1,110.2
11952,control,1,4,new,desktop,0,,0,204.4
7388,control,2,12,new,mobile,0,,0,169.4
8207,control,3,18,returning,mobile,0,,0,248.5
11779,control,1,5,returning,mobile,0,,0,207.3
9433,treatment,1,3,new,desktop,1,104406.54,0,133.3
3209,control,1,5,new,desktop,0,,0,231.0
10669,control,2,12,returning,desktop,0,,0,182.9
7723,control,1,3,new,desktop,0,,0,202.0
2528,treatment,3,18,new,mobile,0,,0,222.1
7707,control,3,19,returning,mobile,0,,0,181.7
2589,control,2,13,returning,mobile,0,,0,237.1
2634,treatment,3,19,new,mobile,0,,0,194.3
7074,treatment,3,17,returning,mobile,1,139740.16,0,136.0
468,treatment,1,3,new,mobile,1,454964.27,0,157.4
6183,treatment,2,14,returning,mobile,0,,0,203.8
7311,control,1,7,new,mobile,0,,0,207.3
9013,treatment,3,20,returning,mobile,0,,0,94.6
107,control,3,16,returning,mobile,0,,0,201.4
7205,treatment,2,13,returning,mobile,0,,0,214.0
10597,control,1,1,new,mobile,0,,0,234.9
6779,control,1,1,new,mobile,0,,0,174.5
5260,control,3,20,returning,mobile,0,,0,114.7
412,treatment,3,15,returning,desktop,0,,0,178.9
5805,treatment,1,7,returning,mobile,0,,0,162.1
10309,treatment,3,17,new,desktop,0,,0,118.7
10146,treatment,1,7,returning,desktop,0,,0,188.1
3468,control,1,6,returning,mobile,1,322312.22,0,144.7
9194,control,2,8,returning,mobile,0,,0,204.7
5667,control,2,12,new,mobile,1,139151.92,0,197.8
10170,control,2,10,returning,desktop,0,,0,210.2
9961,control,1,2,returning,mobile,0,,0,220.2
4094,control,1,4,returning,mobile,0,,0,189.5
6734,treatment,3,15,returning,desktop,0,,0,125.9
5145,control,3,18,new,mobile,0,,0,238.0
5713,treatment,3,18,new,desktop,0,,0,186.5
6649,treatment,1,6,new,desktop,0,,0,144.5
9483,treatment,1,6,returning,mobile,0,,0,191.7
9775,treatment,2,14,new,mobile,0,,0,78.9
1863,treatment,2,11,new,mobile,0,,0,108.3
11135,treatment,2,11,returning,mobile,0,,0,127.7
9057,treatment,3,20,new,desktop,0,,0,137.6
4834,treatment,3,20,returning,mobile,0,,0,102.7
9628,control,3,17,new,mobile,0,,0,226.6
9022,treatment,3,16,returning,desktop,0,,0,134.7
8505,treatment,3,17,returning,desktop,0,,0,153.9
30,treatment,2,11,returning,mobile,0,,0,180.9
10155,control,1,7,new,desktop,0,,0,203.7
11330,treatment,3,15,returning,mobile,0,,0,160.9
3932,treatment,2,12,returning,mobile,1,118964.09,0,120.0
569,control,3,16,returning,mobile,0,,0,270.7
5172,treatment,3,18,returning,mobile,0,,0,126.1
5408,control,1,2,returning,mobile,0,,0,136.5
1246,control,3,16,new,mobile,0,,1,149.2
5681,treatment,3,21,returning,mobile,0,,0,138.8
11458,control,3,21,returning,mobile,0,,0,51.6
1459,treatment,2,14,returning,mobile,0,,0,75.7
7371,control,2,12,returning,mobile,0,,0,178.6
1836,control,3,20,new,desktop,0,,0,315.6
317,control,3,16,new,desktop,0,,0,239.4
109,control,1,6,new,mobile,0,,0,293.5
3119,control,2,14,new,desktop,0,,0,169.2
9265,control,2,10,returning,desktop,0,,0,127.8
6881,control,1,4,returning,mobile,1,133810.8,0,221.6
9017,treatment,2,9,new,mobile,0,,0,135.7
11679,treatment,1,1,new,desktop,0,,0,137.4
11736,treatment,3,21,new,mobile,0,,1,178.2
7714,control,1,2,returning,desktop,0,,0,236.0
2665,control,1,2,returning,mobile,1,182510.54,0,170.6
2681,treatment,3,17,new,mobile,0,,0,139.5
8188,control,2,13,new,desktop,0,,0,263.4
3651,control,2,13,returning,desktop,0,,0,237.5
9955,treatment,1,1,returning,desktop,0,,0,190.7
2587,control,3,20,returning,mobile,0,,0,269.1
8094,treatment,1,2,returning,mobile,0,,0,134.3
8841,control,2,14,new,mobile,0,,0,222.5
4851,control,3,21,returning,mobile,0,,0,166.5
4953,control,3,19,returning,mobile,0,,1,136.3
7513,control,2,10,returning,mobile,0,,0,150.5
3345,treatment,2,11,new,mobile,0,,0,180.5
974,treatment,3,19,returning,desktop,0,,0,152.4
4919,treatment,1,3,new,mobile,0,,0,143.0
9175,treatment,1,4,returning,mobile,0,,0,68.9
8340,treatment,1,4,returning,desktop,0,,0,175.5
3287,treatment,3,18,returning,mobile,0,,0,42.0
4699,treatment,3,19,returning,desktop,0,,0,220.4
9377,treatment,3,20,returning,desktop,1,151693.89,0,164.7
5913,treatment,1,4,returning,mobile,0,,0,113.8
1375,treatment,3,21,returning,desktop,0,,1,109.6
10715,treatment,2,12,returning,desktop,0,,0,188.8
8877,treatment,3,20,new,mobile,0,,0,78.4
10428,treatment,3,21,returning,mobile,0,,0,169.0
11852,control,2,8,new,mobile,0,,0,102.3
11,control,3,21,new,mobile,0,,0,160.2
4794,treatment,2,8,new,desktop,0,,1,145.0
2440,treatment,3,20,returning,mobile,0,,0,171.9
1427,control,3,21,new,mobile,0,,0,77.7
9694,control,3,15,new,mobile,0,,0,126.1
6054,control,1,6,new,desktop,0,,0,184.3
9574,treatment,1,2,returning,mobile,1,142511.31,0,125.1
719,treatment,2,14,returning,mobile,0,,0,133.8
4534,control,3,15,new,desktop,0,,0,175.8
10658,treatment,1,2,new,desktop,0,,0,123.5
5688,control,1,3,new,mobile,0,,0,134.3
736,treatment,3,21,returning,mobile,0,,1,104.5
6476,control,1,6,returning,mobile,0,,0,120.0
3525,treatment,2,8,new,desktop,0,,0,83.9
7890,treatment,1,2,new,mobile,0,,0,179.6
2141,treatment,2,8,returning,mobile,0,,0,130.5
5158,treatment,3,19,new,mobile,0,,0,242.3
4767,treatment,1,2,returning,desktop,0,,0,167.5
910,control,1,5,returning,mobile,0,,0,159.6
4521,control,3,17,new,desktop,0,,0,189.1
497,control,2,13,returning,desktop,0,,0,174.2
9587,control,2,12,new,mobile,0,,0,182.9
5305,control,3,18,returning,mobile,1,112429.12,0,198.6
11831,control,1,4,new,desktop,0,,0,159.2
6877,control,1,3,new,desktop,0,,0,230.2
1207,treatment,2,12,returning,desktop,0,,0,162.5
7177,control,3,21,returning,mobile,0,,0,100.7
4296,control,2,9,new,desktop,1,234023.21,0,158.8
7654,control,3,16,returning,desktop,0,,0,152.1
1196,control,2,13,returning,desktop,0,,0,206.1
11878,control,3,17,returning,mobile,0,,0,261.8
5422,control,2,12,returning,desktop,0,,0,189.7
3856,control,3,19,returning,mobile,0,,0,178.3
4415,control,2,14,returning,mobile,0,,0,192.5
9183,control,3,20,returning,mobile,0,,1,182.6
11092,control,2,10,new,desktop,0,,0,195.0
6429,control,2,9,new,mobile,0,,0,185.3
289,treatment,3,18,new,mobile,1,168838.27,0,102.1
2627,treatment,3,15,returning,mobile,0,,0,120.4
8863,treatment,1,1,new,mobile,0,,0,158.0
3685,control,1,3,returning,desktop,0,,0,203.7
7972,control,3,21,new,mobile,0,,0,182.8
6951,treatment,3,21,new,desktop,0,,0,54.5
389,control,3,16,returning,desktop,0,,0,184.2
837,treatment,3,21,returning,mobile,0,,0,168.1
9024,control,3,17,new,mobile,0,,0,157.4
3182,control,3,18,new,desktop,0,,1,209.3
281,control,1,5,returning,mobile,0,,0,179.2
8114,treatment,2,11,returning,mobile,0,,0,55.9
4460,treatment,1,6,returning,desktop,0,,0,128.1
6299,control,3,21,new,desktop,0,,1,213.8
5861,treatment,3,16,returning,desktop,0,,0,116.7
1113,treatment,1,7,returning,mobile,0,,0,117.7
3799,control,1,6,returning,desktop,0,,0,176.9
11184,treatment,3,16,returning,desktop,1,277703.92,0,183.6
10042,control,1,2,new,desktop,0,,0,94.7
9855,control,1,2,new,mobile,0,,0,177.2
4769,control,2,12,new,desktop,0,,0,166.2
3422,control,1,3,returning,mobile,0,,0,145.7
8694,control,3,19,returning,mobile,1,361030.94,0,236.2
268,control,1,7,returning,mobile,0,,0,193.9
1599,treatment,2,11,new,mobile,0,,0,137.4
4930,control,1,5,returning,desktop,0,,0,141.6
9564,treatment,1,3,returning,mobile,1,131724.93,0,226.0
7170,control,2,8,returning,mobile,0,,0,197.0
11563,control,2,9,new,desktop,0,,0,185.2
2499,treatment,2,11,new,mobile,1,356880.68,0,139.3
7434,control,1,5,returning,desktop,1,140720.8,1,166.3
11222,treatment,3,20,new,desktop,1,167203.18,0,181.1
3843,treatment,2,14,returning,desktop,0,,0,131.1
8730,control,2,13,new,mobile,1,532949.26,0,229.0
1380,control,3,15,returning,mobile,0,,0,189.5
9489,treatment,1,3,returning,desktop,1,207981.75,0,129.3
10490,treatment,3,18,returning,mobile,0,,0,112.5
417,control,3,15,new,desktop,0,,0,164.4
5968,control,2,14,new,mobile,0,,0,154.8
6796,treatment,3,15,returning,desktop,0,,0,143.5
1963,treatment,3,16,new,mobile,1,310312.78,0,157.7
621,treatment,3,15,returning,desktop,1,176866.58,0,111.1
1704,treatment,2,8,returning,desktop,1,271721.44,0,182.2
6293,treatment,3,16,new,desktop,0,,0,128.2
11314,control,2,10,returning,desktop,0,,0,220.8
3129,treatment,1,3,new,mobile,0,,0,82.6
4976,control,1,2,new,desktop,0,,0,125.5
6274,control,2,12,returning,mobile,0,,0,149.4
5953,control,1,6,returning,mobile,0,,0,216.3
5999,treatment,3,17,new,desktop,0,,0,78.9
9214,control,1,6,returning,mobile,0,,0,184.4
1191,control,1,1,returning,desktop,0,,0,198.6
9133,control,1,5,returning,mobile,0,,0,213.2
6361,control,2,12,returning,mobile,0,,0,251.3
4124,control,1,4,new,mobile,1,150498.08,0,177.1
3195,treatment,2,8,returning,mobile,0,,0,122.1
9076,control,1,1,new,desktop,0,,0,278.8
6349,control,1,4,returning,desktop,0,,1,188.2
6287,treatment,2,11,returning,mobile,0,,0,221.7
1507,treatment,1,6,returning,mobile,0,,0,137.7
5517,control,2,11,returning,mobile,0,,0,191.5
10392,treatment,3,18,returning,desktop,0,,0,155.6
6612,control,3,16,new,desktop,0,,0,204.0
4111,control,3,21,returning,desktop,0,,0,268.9
8769,treatment,1,6,new,mobile,0,,0,156.4
11528,treatment,2,9,returning,mobile,0,,0,145.4
11700,treatment,2,14,returning,mobile,0,,0,125.9
795,control,1,7,new,desktop,0,,0,126.1
731,control,3,20,new,mobile,0,,0,225.3
7147,control,3,15,new,mobile,0,,0,178.7
6422,treatment,1,7,new,desktop,0,,0,144.0
6014,treatment,1,6,returning,desktop,1,304841.84,0,189.9
9893,control,2,11,new,mobile,0,,0,212.3
3781,control,1,7,returning,desktop,0,,1,134.0
1746,treatment,3,21,new,mobile,0,,0,20.0
10705,control,3,19,new,mobile,0,,0,348.6
7515,treatment,1,7,returning,mobile,0,,0,53.1
6261,treatment,3,15,returning,mobile,0,,0,116.9
11706,control,3,20,returning,mobile,1,92792.62,0,161.4
4895,treatment,1,2,new,mobile,0,,0,92.8
1200,treatment,2,8,returning,desktop,0,,0,190.7
9676,control,3,20,returning,mobile,0,,0,150.2
5752,control,2,11,returning,mobile,0,,0,158.7
11200,control,1,7,new,mobile,0,,0,159.3
5406,treatment,2,11,new,mobile,0,,0,158.0
9278,control,1,7,new,mobile,0,,0,152.6
1890,control,1,7,new,desktop,0,,0,248.5
11261,treatment,3,18,returning,mobile,0,,0,244.4
11619,control,2,8,returning,mobile,1,166688.6,0,228.3
33,control,3,15,new,mobile,0,,0,287.9
8036,treatment,2,12,returning,mobile,0,,0,144.3
7109,control,3,16,returning,mobile,1,157057.78,0,202.1
4964,control,3,15,new,desktop,0,,0,234.7
6988,control,2,14,new,desktop,0,,0,145.4
10657,treatment,1,3,returning,mobile,1,234443.12,0,221.5
6085,control,3,15,returning,mobile,0,,0,275.0
10239,control,2,10,new,mobile,0,,0,222.6
7499,treatment,1,1,returning,mobile,1,116586.5,0,125.3
8098,treatment,1,3,returning,mobile,0,,0,118.3
8814,treatment,1,6,returning,mobile,0,,0,135.8
8378,treatment,3,20,returning,mobile,0,,0,61.6
3950,control,3,19,returning,mobile,1,175653.71,0,245.6
6866,control,1,5,returning,desktop,0,,0,201.8
8858,treatment,1,1,new,mobile,0,,0,83.0
3616,treatment,3,16,returning,mobile,1,161643.89,0,147.0
11182,control,1,7,new,mobile,1,185567.53,0,200.7
1487,treatment,2,11,new,desktop,0,,1,58.5
606,treatment,3,20,returning,mobile,0,,0,144.7
11008,treatment,2,8,returning,desktop,0,,0,125.3
6707,control,2,9,returning,mobile,1,309585.38,0,159.2
1534,treatment,3,15,new,mobile,0,,0,118.4
5563,control,3,19,new,desktop,0,,0,201.2
9449,control,3,18,returning,mobile,0,,1,217.4
10387,treatment,2,11,returning,mobile,0,,0,216.6
6291,treatment,2,9,returning,desktop,0,,0,177.1
3500,treatment,1,1,returning,mobile,0,,0,126.8
1331,treatment,1,1,new,desktop,0,,0,188.7
4790,treatment,1,1,returning,desktop,0,,0,208.7
958,treatment,2,14,returning,desktop,0,,0,177.0
3593,treatment,2,11,returning,mobile,0,,0,140.5
5207,control,3,19,new,desktop,0,,0,172.9
6652,treatment,3,18,new,desktop,0,,0,107.2
9237,control,2,9,returning,desktop,0,,0,200.4
11793,treatment,2,8,returning,mobile,0,,0,107.3
1661,control,2,14,returning,mobile,0,,0,175.3
1027,treatment,2,10,new,desktop,0,,0,223.3
4437,treatment,2,8,new,mobile,1,254356.85,0,162.4
10780,control,3,21,returning,mobile,0,,0,122.3
1248,control,1,4,new,mobile,0,,0,150.2
10496,treatment,3,15,new,mobile,0,,0,161.0
656,control,2,11,new,mobile,0,,0,273.7
624,control,2,10,new,desktop,0,,0,164.7
8651,control,1,7,new,desktop,0,,0,187.0
3394,control,2,12,new,mobile,0,,0,184.0
2200,treatment,2,10,returning,desktop,0,,0,247.5
11640,treatment,3,15,returning,mobile,0,,0,88.9
9516,treatment,2,14,returning,mobile,1,132517.75,0,172.9
10507,treatment,2,10,returning,mobile,0,,0,76.4
10425,treatment,3,16,returning,mobile,0,,0,158.9
9167,treatment,1,1,returning,mobile,1,265943.32,0,159.5
8835,control,1,2,returning,mobile,1,285278.26,0,108.9
2685,control,2,13,returning,desktop,0,,0,171.8
4247,treatment,2,12,new,desktop,0,,1,213.3
6511,treatment,2,14,returning,mobile,1,171212.59,0,61.0
11534,treatment,3,16,returning,mobile,0,,0,227.4
1747,treatment,3,19,new,desktop,1,142729.27,0,77.4
5039,treatment,1,5,returning,mobile,0,,0,101.9
3069,treatment,1,1,returning,desktop,0,,1,128.3
2458,control,1,1,returning,desktop,0,,0,167.8
10920,control,1,2,returning,mobile,0,,0,206.7
4688,control,1,7,new,mobile,0,,0,161.7
77,control,2,10,new,desktop,0,,0,230.8
4715,treatment,1,7,new,mobile,0,,1,222.9
10227,treatment,1,7,new,desktop,0,,0,78.9
8930,control,1,5,returning,mobile,0,,0,141.9
8521,treatment,3,18,new,desktop,0,,0,139.9
6311,control,1,2,returning,mobile,1,150461.47,0,210.4
7584,treatment,1,5,returning,mobile,0,,0,178.5
2261,treatment,2,9,returning,mobile,0,,0,166.5
1776,treatment,2,8,new,mobile,0,,0,201.3
2789,treatment,2,9,returning,desktop,1,170415.51,1,131.4
94,control,2,8,returning,desktop,0,,0,161.1
5333,control,1,6,returning,mobile,0,,0,174.3
8169,control,2,10,new,mobile,1,276639.26,0,218.2
4203,control,1,3,new,mobile,1,157220.17,0,169.4
715,treatment,1,3,new,mobile,0,,0,136.5
1077,treatment,2,11,returning,desktop,0,,0,186.4
6791,control,2,8,new,mobile,0,,0,252.6
9306,control,1,2,new,desktop,0,,0,190.2
8689,control,2,11,new,mobile,1,92750.2,0,147.3
2016,treatment,2,9,new,desktop,1,85897.4,0,77.2
1886,control,2,11,returning,mobile,0,,0,151.4
3545,control,3,15,returning,mobile,0,,0,241.8
5480,treatment,2,8,new,mobile,0,,0,192.1
8414,control,3,20,new,mobile,0,,0,198.0
3426,treatment,2,13,returning,mobile,0,,0,129.7
1489,treatment,2,8,returning,desktop,1,369274.09,0,71.4
7368,treatment,3,17,returning,mobile,1,128124.75,0,121.1
9877,treatment,3,15,returning,mobile,0,,0,128.3
8957,treatment,1,5,new,mobile,0,,0,76.0
5749,treatment,2,9,new,desktop,0,,0,185.9
7478,control,2,13,new,mobile,0,,0,230.2
8168,treatment,1,2,returning,mobile,1,344090.94,0,180.8
7151,treatment,2,8,returning,desktop,1,126058.21,0,169.4
1438,treatment,1,6,returning,mobile,1,109544.94,0,163.5
1234,treatment,2,13,returning,desktop,0,,0,194.6
186,treatment,2,9,returning,desktop,0,,1,136.3
9543,control,1,5,returning,mobile,0,,1,243.9
2466,treatment,2,12,new,mobile,0,,0,146.0
8958,treatment,2,13,returning,desktop,0,,0,113.8
11234,treatment,2,14,returning,desktop,0,,0,245.5
5080,treatment,1,5,new,mobile,0,,0,144.0
1298,control,1,7,returning,mobile,0,,0,227.8
11019,control,2,11,new,mobile,0,,0,220.7
9617,control,1,3,returning,desktop,0,,0,247.4
8847,treatment,2,12,returning,mobile,0,,0,84.9
450,treatment,2,9,new,desktop,0,,0,181.2
11172,treatment,2,14,returning,mobile,0,,0,199.7
4337,control,1,1,returning,desktop,0,,0,225.9
3026,control,3,20,new,desktop,0,,0,267.5
8789,control,3,19,new,mobile,0,,0,108.7
6970,treatment,1,6,returning,mobile,1,103052.89,0,136.7
382,treatment,2,8,returning,mobile,1,378878.17,0,132.1
7739,control,1,4,new,desktop,0,,0,229.6
1156,control,3,15,returning,mobile,0,,0,152.6
5736,treatment,3,21,returning,mobile,0,,0,176.8
5112,treatment,3,21,returning,mobile,0,,0,198.1
4106,control,1,6,returning,mobile,0,,0,219.7
1729,control,1,6,new,mobile,1,144285.07,0,138.0
9595,control,2,11,returning,desktop,0,,0,207.3
8523,treatment,2,14,new,desktop,0,,0,137.1
2426,treatment,2,14,returning,mobile,0,,0,106.1
1254,treatment,1,2,returning,desktop,0,,0,67.9
4353,treatment,1,1,returning,mobile,1,217645.58,0,107.9
10670,control,2,13,returning,mobile,0,,0,200.4
2504,treatment,3,15,returning,desktop,1,227701.27,0,145.5
7279,treatment,2,8,new,mobile,0,,0,186.1
6729,treatment,2,9,returning,mobile,1,172346.98,0,155.6
6148,control,3,15,new,mobile,0,,0,106.5
5658,treatment,2,13,returning,mobile,0,,0,39.9
3523,control,2,11,returning,desktop,1,345158.51,0,162.0
7077,control,2,12,returning,mobile,0,,0,225.3
4871,control,3,20,new,mobile,0,,0,189.0
2192,treatment,3,16,new,mobile,0,,0,141.9
8138,control,1,6,returning,mobile,1,452059.92,0,185.0
11402,treatment,3,17,returning,desktop,0,,0,136.6
10888,treatment,1,3,new,mobile,1,197033.55,0,36.7
3636,control,3,20,new,mobile,0,,0,188.4
9126,treatment,3,20,returning,mobile,1,230057.19,0,127.2
10211,control,1,3,returning,mobile,0,,0,215.7
5324,control,1,4,returning,desktop,0,,0,197.7
6792,control,3,21,returning,desktop,0,,0,135.0
531,treatment,1,5,returning,mobile,1,68107.69,0,138.4
10807,control,3,15,new,desktop,0,,0,176.1
4467,control,3,21,returning,mobile,1,456035.06,0,190.9
11737,treatment,3,15,returning,mobile,0,,0,186.1
8294,control,1,4,returning,mobile,0,,0,177.4
8029,treatment,3,21,returning,mobile,0,,0,158.5
7975,treatment,1,2,returning,mobile,0,,0,98.3
8369,control,3,19,new,desktop,0,,0,235.1
11924,treatment,2,14,new,mobile,1,349120.54,1,176.1
5380,treatment,2,14,returning,mobile,0,,0,103.4
10892,control,1,1,new,mobile,0,,0,150.8
9391,treatment,1,3,returning,mobile,0,,0,75.5
3012,treatment,1,1,returning,desktop,1,314733.45,0,100.9
145,control,2,10,returning,mobile,0,,0,179.0
3102,control,2,11,returning,desktop,0,,0,255.2
4706,control,2,13,new,desktop,0,,0,164.9
8012,treatment,3,18,returning,mobile,0,,0,148.4
6889,treatment,3,15,new,desktop,0,,0,103.4
2493,control,3,15,returning,desktop,0,,0,119.0
9798,control,3,15,new,mobile,0,,0,132.1
11468,control,3,15,returning,mobile,1,147184.77,0,231.7
11143,treatment,2,8,new,mobile,0,,0,232.6
11155,control,3,17,returning,mobile,1,375555.33,0,194.7
5251,control,2,9,returning,mobile,0,,0,124.5
11522,control,2,12,new,desktop,0,,0,290.6
6118,control,1,1,returning,desktop,0,,0,184.8
5741,treatment,1,6,new,mobile,1,124880.99,0,156.9
789,treatment,3,16,returning,desktop,1,106944.02,0,185.7
2728,control,1,2,returning,mobile,0,,0,297.5
2821,control,1,7,returning,mobile,0,,0,192.6
5390,treatment,3,20,returning,mobile,0,,0,209.2
4562,control,2,10,new,mobile,0,,0,280.2
2031,control,2,14,returning,desktop,0,,0,163.7
6380,control,3,16,new,mobile,0,,0,199.0
7926,control,2,10,returning,mobile,0,,0,137.9
10252,treatment,3,17,returning,desktop,0,,0,150.6
8066,control,2,9,returning,mobile,0,,0,159.3
6399,treatment,3,17,returning,desktop,1,408442.62,0,141.7
432,treatment,3,18,returning,desktop,1,209491.79,0,183.6
7418,treatment,1,6,returning,mobile,1,171970.15,0,163.4
1781,control,2,14,new,mobile,0,,0,177.7
10647,control,3,16,returning,mobile,0,,0,199.5
11613,control,3,18,returning,mobile,0,,0,295.3
6490,treatment,1,2,returning,mobile,1,217959.37,1,108.7
350,control,1,2,returning,desktop,0,,0,260.2
9679,control,1,7,new,desktop,0,,0,197.1
6691,control,1,2,returning,desktop,0,,0,176.7
43,treatment,3,15,new,desktop,0,,0,270.9
6248,treatment,2,13,returning,mobile,0,,0,135.7
982,treatment,1,6,returning,desktop,0,,0,198.1
2313,control,3,16,returning,desktop,0,,0,248.6
11310,control,2,12,new,desktop,0,,0,151.8
8202,treatment,1,4,new,mobile,0,,0,164.9
8022,control,3,18,new,mobile,0,,0,167.9
9717,control,1,5,new,desktop,0,,0,133.7
3405,treatment,2,14,returning,mobile,0,,1,97.3
3699,control,2,11,new,desktop,0,,0,279.3
5129,treatment,2,8,new,mobile,0,,0,143.6
6509,treatment,2,10,new,mobile,0,,0,178.2
4265,treatment,3,19,returning,desktop,1,134851.13,0,112.3
917,control,2,9,new,mobile,0,,0,179.3
8569,treatment,2,13,returning,desktop,1,536783.0,0,135.6
9910,treatment,1,7,returning,desktop,0,,0,170.5
6926,control,1,2,returning,mobile,0,,0,133.7
8255,treatment,1,6,new,mobile,0,,0,129.4
1617,control,1,2,returning,mobile,0,,0,166.0
7535,control,3,18,returning,mobile,1,132101.65,0,185.8
11677,control,3,18,returning,desktop,0,,0,154.2
11237,control,3,19,returning,mobile,1,399914.67,0,193.4
7614,control,1,6,returning,desktop,1,161293.29,0,168.3
1834,control,3,18,returning,mobile,0,,0,128.0
11425,control,3,17,returning,desktop,0,,0,238.1
7363,treatment,2,8,returning,mobile,1,221589.04,0,149.0
8671,control,3,15,new,desktop,0,,0,237.1
11824,treatment,1,6,returning,mobile,1,259298.1,0,193.2
10636,control,1,1,new,mobile,0,,1,194.7
783,control,2,8,returning,mobile,0,,1,156.2
8247,control,1,4,returning,desktop,0,,0,207.5
1157,control,2,12,returning,mobile,0,,0,215.1
1537,treatment,3,15,returning,mobile,0,,0,114.0
4119,control,3,16,returning,mobile,0,,0,143.5
4177,treatment,3,20,new,desktop,0,,0,188.8
3823,treatment,2,8,new,mobile,0,,0,155.3
7909,treatment,3,15,returning,mobile,0,,0,121.9
11841,treatment,3,15,returning,mobile,1,414229.66,1,150.6
5203,control,2,11,new,mobile,0,,0,206.0
2402,treatment,1,1,new,mobile,0,,0,132.4
8888,treatment,1,6,returning,mobile,0,,0,189.6
8118,control,1,7,new,mobile,0,,0,195.3
4636,control,2,14,new,desktop,0,,0,111.6
4831,treatment,1,6,new,desktop,0,,0,76.9
2153,treatment,3,21,returning,desktop,1,347707.03,0,62.0
8615,control,1,2,returning,mobile,0,,0,198.6
6223,treatment,1,6,new,mobile,0,,0,188.9
7158,treatment,3,19,returning,mobile,0,,0,186.1
8068,control,3,15,new,mobile,0,,0,163.2
4082,control,3,19,new,mobile,0,,0,227.6
10533,control,3,21,returning,desktop,1,183922.86,0,109.6
2949,treatment,3,19,returning,mobile,0,,0,90.3
4711,treatment,1,2,returning,mobile,0,,0,149.9
8413,treatment,2,8,new,desktop,0,,0,205.6
3131,control,3,18,new,desktop,0,,0,173.5
10912,treatment,2,8,returning,mobile,0,,0,147.8
8711,treatment,3,17,returning,desktop,1,170462.03,0,230.9
10706,treatment,3,16,returning,mobile,0,,0,177.8
8878,treatment,3,18,new,mobile,0,,0,122.7
4743,treatment,3,19,returning,mobile,0,,0,191.3
2985,control,3,19,new,mobile,0,,0,145.7
5624,treatment,3,17,new,mobile,0,,0,138.0
1732,control,2,14,new,desktop,0,,0,209.4
9619,treatment,2,10,returning,mobile,1,317545.44,0,146.2
11476,control,1,4,returning,desktop,0,,0,48.6
9351,treatment,1,1,returning,desktop,1,126716.79,0,66.4
3220,control,2,9,returning,mobile,0,,0,173.5
1871,control,2,13,new,desktop,0,,0,117.0
11293,control,3,20,new,mobile,0,,0,151.6
2212,control,2,8,returning,mobile,1,112061.78,0,236.5
10109,treatment,3,19,returning,mobile,0,,0,141.4
5313,control,1,6,returning,desktop,0,,1,248.9
5072,control,1,2,new,mobile,1,282476.54,0,190.4
4047,control,2,13,new,desktop,0,,0,162.7
7051,treatment,2,8,returning,mobile,0,,0,98.3
9005,control,3,16,new,mobile,0,,0,175.8
3493,treatment,3,21,returning,mobile,0,,0,117.3
11805,treatment,2,14,returning,desktop,0,,0,157.1
2108,treatment,1,6,returning,mobile,0,,0,181.0
5152,control,1,6,new,desktop,0,,0,211.1
9091,treatment,3,18,new,mobile,0,,0,239.3
8887,control,2,10,returning,mobile,0,,1,165.9
10285,control,2,12,returning,mobile,0,,0,143.9
568,control,2,11,new,mobile,0,,0,193.1
9851,control,3,17,new,mobile,0,,0,218.0
5322,treatment,3,18,new,desktop,0,,0,146.0
2368,control,3,19,returning,desktop,0,,0,231.5
9242,control,2,10,returning,mobile,0,,0,260.6
10419,control,1,5,returning,desktop,0,,0,127.7
11801,treatment,3,20,returning,mobile,0,,0,106.4
441,treatment,3,20,returning,mobile,0,,0,144.2
2019,treatment,2,14,returning,mobile,1,186871.08,0,127.4
10110,control,3,17,returning,mobile,0,,0,219.5
8451,treatment,3,17,returning,desktop,0,,0,149.1
4697,control,1,2,returning,mobile,0,,0,169.2
4206,treatment,2,14,returning,mobile,1,660174.22,0,51.6
4074,control,1,7,returning,mobile,0,,0,259.1
10099,control,3,17,returning,desktop,1,130026.89,0,207.1
4666,control,1,7,returning,mobile,1,61675.39,0,190.3
7581,control,1,2,returning,mobile,0,,0,242.2
1225,control,2,13,new,desktop,0,,0,199.2
5684,treatment,3,17,returning,mobile,0,,0,115.9
2593,treatment,3,21,new,mobile,0,,1,188.9
2754,control,3,16,returning,mobile,0,,0,182.3
9064,treatment,2,8,returning,mobile,1,159192.95,0,123.8
4418,control,3,21,returning,mobile,1,66464.01,0,237.9
2692,control,1,1,returning,mobile,0,,0,169.3
37,control,2,10,returning,mobile,1,362870.41,0,202.2
4343,treatment,1,3,returning,mobile,0,,0,212.0
3729,treatment,3,15,new,desktop,0,,0,175.8
2250,control,2,10,returning,mobile,0,,1,205.8
8996,treatment,2,10,returning,mobile,0,,0,252.8
5612,treatment,2,12,returning,mobile,1,187680.06,0,134.2
5560,control,2,8,new,desktop,0,,0,202.9
2928,treatment,3,20,returning,mobile,0,,0,115.5
10126,control,1,3,returning,desktop,0,,0,203.8
6430,control,2,13,returning,mobile,0,,0,187.4
5564,control,2,14,returning,mobile,0,,0,126.9
6224,control,3,21,returning,mobile,0,,0,185.3
7650,treatment,1,2,new,mobile,0,,0,162.0
4366,control,1,2,returning,mobile,0,,0,220.3
3670,treatment,1,5,returning,desktop,1,126743.55,1,109.2
5280,treatment,1,1,returning,mobile,0,,0,153.5
4864,treatment,1,6,new,mobile,0,,1,205.3
1361,treatment,1,5,new,mobile,0,,0,158.7
10559,treatment,2,8,returning,mobile,1,220414.92,0,124.1
6890,treatment,3,20,new,mobile,0,,0,120.2
487,control,1,7,new,mobile,0,,0,114.5
11272,control,3,18,new,desktop,0,,0,179.0
10605,control,1,1,returning,mobile,0,,0,163.3
11932,treatment,2,9,new,mobile,0,,0,152.1
4522,control,1,3,returning,mobile,0,,0,242.5
5229,control,3,16,new,desktop,0,,0,162.4
9849,control,1,1,returning,mobile,1,86630.34,0,226.8
638,treatment,3,20,returning,desktop,0,,0,151.1
4639,control,1,1,returning,mobile,0,,0,210.4
8108,treatment,3,21,returning,mobile,0,,0,161.5
3326,treatment,1,6,returning,mobile,0,,0,159.5
4105,treatment,2,14,returning,mobile,0,,0,125.5
3356,control,2,11,returning,desktop,0,,0,183.9
2944,control,1,7,returning,mobile,0,,0,166.5
3920,control,3,21,returning,mobile,0,,0,213.3
10719,control,1,5,new,desktop,0,,0,233.4
11968,control,2,14,returning,mobile,0,,0,178.9
3509,treatment,1,1,returning,desktop,0,,0,157.7
6602,control,1,6,new,desktop,1,114437.33,0,143.6
7255,treatment,1,5,new,desktop,1,119019.37,0,20.0
168,treatment,3,19,new,mobile,0,,0,152.6
1916,control,2,11,returning,desktop,0,,0,230.9
8759,control,1,6,new,mobile,0,,0,156.8
6730,treatment,2,8,returning,mobile,0,,0,126.1
8747,treatment,1,2,returning,mobile,1,564347.4,0,125.2
8880,control,1,1,new,desktop,1,1340030.29,0,253.6
11881,treatment,2,10,returning,desktop,1,122932.05,0,132.9
2902,treatment,2,12,returning,mobile,0,,0,111.9
5062,control,1,2,returning,mobile,1,95771.41,0,190.1
802,control,2,14,returning,mobile,0,,0,208.6
2139,treatment,1,3,returning,mobile,0,,0,120.5
9622,treatment,1,1,new,desktop,1,112772.3,0,161.6
5675,treatment,3,19,new,mobile,0,,0,164.3
743,treatment,1,4,new,desktop,0,,0,88.6
10462,treatment,2,9,new,desktop,0,,0,229.6
5330,control,1,6,returning,mobile,0,,0,201.2
11225,control,1,7,returning,mobile,0,,0,233.3
11995,control,3,16,returning,desktop,0,,1,266.4
8299,control,3,20,returning,mobile,0,,0,247.9
11215,control,2,14,returning,desktop,0,,0,229.4
8050,treatment,2,8,returning,desktop,0,,0,208.4
9331,treatment,3,17,returning,mobile,0,,0,59.2
5485,treatment,3,21,new,mobile,0,,0,71.5
2848,control,2,12,new,mobile,0,,0,30.1
9360,control,1,6,returning,mobile,0,,0,251.7
2479,control,1,7,new,desktop,1,233623.02,0,265.3
716,control,1,5,returning,mobile,0,,0,166.5
9050,control,1,4,new,mobile,0,,0,242.4
11797,control,2,11,new,mobile,0,,0,243.5
6281,treatment,1,7,new,mobile,0,,0,146.8
8626,control,1,1,returning,mobile,0,,0,152.5
6038,control,2,14,returning,desktop,0,,0,196.0
4721,control,1,3,returning,mobile,0,,0,123.5
2090,control,1,1,returning,desktop,0,,0,171.2
3147,treatment,3,15,new,mobile,0,,0,226.3
8732,treatment,1,1,returning,mobile,0,,0,135.8
4765,control,3,21,returning,mobile,0,,0,225.0
7931,control,3,19,returning,mobile,0,,0,272.7
1835,control,3,20,new,mobile,0,,0,209.1
7031,control,2,13,new,mobile,0,,0,247.1
6187,treatment,2,9,returning,mobile,0,,0,77.8
9491,control,1,1,returning,desktop,0,,0,174.4
8746,control,3,17,returning,desktop,0,,0,259.1
7496,treatment,2,12,new,mobile,1,103672.52,0,180.9
5220,control,2,8,new,mobile,0,,0,192.8
3529,treatment,2,11,returning,mobile,0,,0,212.1
8317,treatment,3,18,returning,desktop,1,138598.03,0,173.1
2486,control,3,15,returning,mobile,0,,0,142.6
10541,treatment,1,2,returning,mobile,0,,0,155.7
3275,treatment,2,13,new,mobile,0,,0,126.9
11851,control,1,6,new,mobile,0,,0,130.7
3134,control,2,10,returning,desktop,0,,0,214.7
1887,control,3,19,returning,mobile,0,,0,281.4
24,treatment,1,1,returning,mobile,0,,0,212.0
5611,control,1,5,returning,mobile,0,,0,241.1
9667,treatment,2,11,returning,desktop,0,,0,52.6
1310,treatment,1,5,new,mobile,0,,0,163.0
5782,treatment,3,18,returning,mobile,0,,0,190.3
790,treatment,1,1,new,desktop,0,,0,211.4
3144,control,2,10,returning,desktop,0,,0,148.5
4677,control,3,20,new,mobile,0,,0,213.8
11151,control,1,3,returning,mobile,1,188671.94,0,201.5
6826,treatment,2,12,new,mobile,0,,0,153.4
2515,control,2,12,new,mobile,0,,0,181.2
10995,treatment,3,18,returning,mobile,0,,0,217.7
8396,treatment,3,21,returning,mobile,0,,0,187.6
10386,control,1,4,new,mobile,0,,0,189.7
8795,treatment,1,2,new,mobile,0,,0,64.2
7667,treatment,3,18,returning,mobile,0,,0,136.9
4886,treatment,1,3,new,desktop,0,,0,111.8
9797,control,3,15,returning,mobile,1,183971.26,0,186.2
1958,control,2,9,new,desktop,1,94727.49,0,172.7
3306,control,3,15,new,mobile,0,,0,111.2
11456,control,1,1,new,mobile,0,,0,137.2
5164,control,1,6,returning,desktop,0,,1,205.6
6830,treatment,2,11,new,desktop,0,,1,130.3
10514,control,3,20,new,mobile,0,,1,164.5
9956,control,2,13,new,desktop,0,,0,232.5
1396,control,3,18,returning,mobile,0,,0,207.6
10367,treatment,2,8,new,desktop,0,,1,93.5
7521,control,1,3,returning,desktop,0,,0,173.4
7949,control,1,6,new,desktop,0,,0,165.0
11930,treatment,2,8,new,mobile,0,,0,159.5
9469,treatment,3,19,new,mobile,1,147023.86,0,40.3
9347,control,2,8,returning,desktop,1,615776.37,0,204.6
6518,treatment,3,18,new,mobile,0,,0,111.4
4683,treatment,2,10,returning,desktop,0,,0,142.2
10144,control,1,3,new,mobile,0,,0,205.6
5630,control,3,15,new,mobile,0,,0,194.4
1227,control,2,14,returning,mobile,0,,0,148.4
3929,control,2,8,returning,mobile,0,,0,104.9
3296,treatment,1,1,returning,desktop,1,187098.12,0,134.9
8314,control,2,9,returning,desktop,0,,0,69.1
5527,control,3,21,new,desktop,1,126442.88,0,231.1
8616,treatment,1,5,returning,mobile,1,257616.37,0,95.3
5501,control,2,13,new,mobile,0,,0,192.4
4601,treatment,1,5,returning,desktop,0,,0,155.8
7746,treatment,2,13,new,mobile,0,,0,75.1
9571,control,2,10,new,mobile,0,,0,181.0
1311,control,2,9,new,mobile,0,,0,86.7
4527,treatment,1,7,returning,desktop,1,75084.15,1,120.7
3496,treatment,3,20,returning,mobile,1,361379.02,0,114.1
7488,control,2,14,returning,mobile,0,,0,180.0
7056,control,2,9,returning,desktop,0,,0,256.9
4394,treatment,3,16,returning,mobile,0,,0,111.9
7026,treatment,2,10,new,desktop,0,,0,167.6
3423,treatment,2,10,returning,desktop,1,124281.09,1,129.6
1823,treatment,1,2,new,mobile,0,,0,51.4
6917,control,2,14,returning,mobile,0,,0,271.1
1316,treatment,1,5,returning,mobile,0,,0,174.3
11241,treatment,3,18,new,desktop,0,,0,193.4
8292,treatment,2,11,returning,mobile,0,,0,132.4
2316,control,1,7,new,mobile,0,,0,207.4
2827,control,3,15,new,mobile,0,,0,175.2
11925,control,2,10,returning,mobile,0,,0,197.1
11174,treatment,2,10,new,mobile,0,,0,183.7
2596,treatment,2,11,returning,mobile,0,,1,36.6
9549,treatment,2,14,returning,desktop,0,,0,154.0
1340,control,1,1,returning,mobile,0,,0,125.4
5970,treatment,1,5,returning,mobile,0,,0,128.9
739,control,2,12,returning,desktop,0,,0,147.7
966,control,3,20,new,mobile,1,259304.19,0,202.8
253,control,3,19,returning,mobile,0,,0,183.7
8654,control,2,14,new,desktop,0,,0,211.9
7709,control,1,7,returning,mobile,0,,0,150.5
2099,control,3,17,new,mobile,0,,0,169.2
4081,control,1,5,returning,mobile,0,,0,227.8
873,treatment,1,2,new,mobile,0,,0,97.2
5493,control,3,16,new,desktop,0,,0,111.7
4897,control,3,16,returning,desktop,0,,0,246.8
8709,control,3,16,new,desktop,1,74557.06,0,197.0
6638,treatment,3,18,returning,desktop,0,,0,259.7
11298,treatment,1,3,returning,mobile,0,,0,132.8
4386,treatment,2,8,returning,mobile,0,,0,167.6
7131,control,2,8,returning,desktop,0,,0,318.9
5815,treatment,3,21,returning,mobile,1,161481.81,0,164.9
4133,control,1,1,new,desktop,1,267666.67,0,141.6
9283,control,3,21,returning,mobile,1,96318.69,0,190.5
9527,treatment,2,12,returning,mobile,1,282604.43,0,97.5
9749,treatment,2,14,returning,desktop,0,,0,197.3
6434,treatment,2,9,returning,mobile,1,162552.06,0,200.6
5512,treatment,1,3,returning,mobile,0,,0,159.9
10357,control,3,17,returning,mobile,0,,0,213.2
6786,treatment,1,5,new,mobile,1,102557.87,0,145.6
10028,control,1,7,returning,desktop,0,,0,103.6
5465,control,2,10,returning,desktop,0,,0,192.4
4229,treatment,1,7,returning,mobile,1,218861.13,0,152.7
8268,control,3,19,returning,mobile,0,,0,179.2
8216,control,2,14,returning,desktop,0,,0,191.8
7523,control,1,1,new,mobile,0,,0,155.7
11766,control,3,21,returning,mobile,0,,0,214.5
448,treatment,2,11,new,desktop,0,,1,151.3
9809,control,2,10,returning,desktop,0,,0,122.5
57,control,2,9,returning,mobile,0,,0,203.2
11028,treatment,3,18,new,mobile,1,155571.35,0,252.7
2856,treatment,2,13,returning,desktop,0,,0,111.9
6235,control,2,12,new,mobile,0,,0,186.8
477,control,2,10,returning,desktop,0,,0,128.0
8898,control,2,8,returning,mobile,0,,0,239.5
6628,treatment,1,6,new,mobile,1,187727.44,0,99.7
5360,treatment,3,20,new,mobile,0,,0,157.9
4760,treatment,3,17,new,mobile,0,,0,107.9
5599,treatment,1,2,returning,mobile,0,,0,160.6
9009,treatment,2,9,returning,desktop,0,,1,117.3
7745,treatment,1,7,new,mobile,0,,0,171.3
11811,treatment,1,4,returning,desktop,1,1478674.33,1,167.3
751,control,3,19,returning,mobile,0,,0,105.9
8095,control,1,5,returning,mobile,0,,0,128.6
8559,control,2,9,returning,desktop,0,,0,195.9
377,treatment,1,5,returning,mobile,0,,0,149.5
2459,control,2,12,returning,mobile,1,161947.67,0,190.9
11676,control,3,21,returning,desktop,0,,0,254.9
10951,control,3,17,new,desktop,0,,0,122.1
4257,control,2,10,new,mobile,0,,0,169.4
10089,control,1,4,returning,desktop,0,,0,150.5
9031,control,3,20,returning,desktop,0,,0,166.8
9678,treatment,1,2,returning,mobile,0,,0,89.2
11985,control,3,20,new,mobile,0,,0,173.5
11577,control,2,9,returning,mobile,1,445523.28,0,159.6
10202,treatment,3,15,new,desktop,0,,0,204.2
9700,control,2,11,new,mobile,0,,0,115.9
2401,treatment,1,3,new,mobile,0,,0,166.1
4763,treatment,1,1,new,mobile,0,,0,180.5
10404,treatment,2,12,new,mobile,0,,0,73.5
5361,treatment,3,18,new,desktop,0,,0,182.1
11724,control,2,11,new,mobile,0,,0,186.5
7768,control,1,2,returning,mobile,0,,0,167.1
11430,treatment,1,1,new,mobile,1,461509.01,0,110.9
9757,treatment,3,19,new,desktop,0,,0,238.6
9386,treatment,1,5,returning,mobile,0,,0,34.3
8128,treatment,2,11,returning,desktop,0,,0,91.7
6211,control,1,7,returning,mobile,0,,0,224.0
4451,treatment,3,15,returning,mobile,0,,0,81.2
9538,control,2,12,returning,mobile,0,,0,212.5
228,treatment,2,9,returning,desktop,0,,0,155.9
5494,control,1,6,new,mobile,1,93572.95,0,148.1
2318,treatment,3,18,returning,mobile,1,215235.82,0,88.3
11649,control,1,6,new,desktop,0,,0,170.5
4163,treatment,2,9,new,mobile,1,400973.14,0,151.4
10338,treatment,1,5,returning,mobile,0,,0,135.1
2649,treatment,3,15,new,mobile,0,,0,117.9
1509,control,1,3,new,mobile,0,,0,235.5
5936,treatment,2,13,new,mobile,0,,0,159.5
11196,treatment,1,5,new,desktop,1,169401.86,0,195.9
1685,control,1,4,returning,mobile,0,,0,241.3
500,treatment,1,6,returning,mobile,0,,0,157.4
9295,control,2,10,new,mobile,0,,0,227.6
1700,treatment,1,3,new,mobile,0,,0,188.6
1878,control,1,7,returning,mobile,0,,0,169.7
4112,treatment,2,14,returning,mobile,0,,0,147.5
514,control,3,18,new,mobile,0,,0,155.8
9708,treatment,3,20,returning,desktop,0,,0,109.2
3298,control,1,1,returning,desktop,1,111692.6,0,144.0
2705,treatment,1,5,new,desktop,1,197349.63,0,136.5
7919,treatment,1,6,returning,mobile,0,,0,146.0
7750,treatment,3,21,returning,mobile,0,,0,214.1
10434,control,3,16,new,mobile,0,,0,138.3
7230,treatment,1,3,new,mobile,0,,0,161.3
7900,control,1,2,returning,desktop,1,274753.04,0,174.7
6736,treatment,1,5,new,desktop,1,184788.41,0,138.6
7775,treatment,1,7,returning,desktop,0,,0,160.4
475,control,2,8,new,desktop,0,,0,158.0
5704,treatment,1,6,returning,mobile,0,,0,211.0
3669,control,1,4,new,mobile,0,,0,139.7
3609,control,1,7,returning,mobile,1,232927.14,0,179.9
11778,control,2,13,new,mobile,0,,0,236.0
6751,control,1,7,returning,desktop,0,,0,173.3
2917,control,3,20,returning,mobile,0,,0,152.9
9034,treatment,3,21,new,mobile,0,,0,131.5
4374,control,2,11,new,desktop,0,,0,134.3
481,control,3,20,new,desktop,0,,0,122.6
7347,control,3,17,new,mobile,0,,0,196.5
4795,control,3,16,returning,desktop,0,,1,160.8
2578,treatment,1,3,new,mobile,0,,0,57.0
10857,treatment,1,4,returning,mobile,0,,1,156.7
10509,control,3,20,returning,mobile,0,,0,207.7
8288,treatment,3,18,new,desktop,0,,0,231.6
9919,control,1,2,new,mobile,1,94464.71,0,162.9
3551,treatment,3,21,returning,desktop,0,,0,111.5
11813,treatment,1,1,returning,mobile,0,,0,94.8
5825,control,2,9,new,mobile,0,,0,170.8
7599,control,2,14,returning,mobile,0,,0,100.2
4846,control,1,4,new,mobile,0,,0,247.6
1350,control,3,16,new,mobile,0,,0,205.4
11542,control,1,5,returning,desktop,0,,0,215.6
4631,control,1,2,returning,desktop,0,,0,232.2
3161,treatment,1,4,returning,desktop,1,169329.84,0,222.2
8889,treatment,2,9,returning,mobile,0,,0,154.3
2923,control,2,13,returning,desktop,1,218931.18,0,97.3
7038,treatment,1,7,returning,desktop,1,150101.05,1,167.5
9994,control,1,2,new,mobile,1,41918.17,0,158.8
1607,treatment,1,6,new,mobile,1,84658.7,0,177.4
4908,control,3,19,new,mobile,0,,0,178.7
3032,control,2,8,returning,mobile,0,,0,105.6
2763,control,2,8,new,mobile,0,,0,224.7
7977,treatment,3,17,new,desktop,0,,1,189.9
3112,control,2,8,new,desktop,0,,0,204.0
7336,treatment,1,6,returning,mobile,0,,0,216.2
1660,control,1,7,new,mobile,0,,0,243.7
5849,control,1,2,returning,mobile,1,124822.62,0,261.7
9868,treatment,3,16,new,mobile,0,,0,162.6
1447,treatment,3,19,new,mobile,0,,0,170.1
3845,treatment,3,18,returning,mobile,0,,0,151.5
1021,treatment,3,15,new,mobile,0,,0,154.9
706,treatment,3,18,returning,mobile,0,,0,238.5
4774,control,1,1,returning,mobile,0,,0,201.0
1867,treatment,2,12,returning,mobile,0,,0,142.0
9712,control,3,20,new,desktop,0,,0,174.8
5949,control,1,6,returning,mobile,0,,0,259.3
3435,control,1,5,returning,mobile,1,108844.5,0,149.3
2123,control,2,9,new,desktop,0,,0,197.7
2575,treatment,2,8,returning,desktop,1,285197.15,0,167.9
9695,treatment,2,9,returning,mobile,0,,0,183.6
1922,control,2,9,returning,mobile,0,,0,171.1
2957,control,1,3,new,mobile,0,,0,104.2
9135,control,3,21,new,mobile,0,,0,178.3
9938,control,1,4,returning,mobile,0,,0,168.7
10073,control,3,16,returning,desktop,0,,0,151.7
5413,control,1,2,new,mobile,0,,0,133.3
1420,treatment,2,14,new,desktop,0,,0,179.7
3371,treatment,3,17,returning,mobile,0,,0,248.9
3860,control,3,18,returning,desktop,0,,0,186.7
5046,treatment,3,21,new,mobile,0,,0,100.8
2026,control,2,10,returning,mobile,0,,0,134.4
595,control,2,9,new,desktop,0,,0,324.4
1559,treatment,3,21,returning,mobile,0,,0,180.9
10646,control,3,17,new,mobile,0,,0,138.5
6891,treatment,1,4,new,mobile,0,,0,181.8
10250,treatment,3,17,returning,desktop,0,,0,166.6
10331,control,3,16,new,mobile,0,,0,196.0
6021,treatment,3,16,new,desktop,1,219870.36,0,199.0
3400,treatment,1,2,new,mobile,0,,0,131.7
2059,control,1,7,new,desktop,0,,0,99.6
7249,treatment,3,20,new,mobile,0,,0,173.9
9933,control,3,18,new,desktop,0,,0,116.3
8120,treatment,1,1,new,mobile,1,195999.88,0,127.7
10426,control,3,16,new,mobile,1,221007.08,1,216.7
11500,control,3,19,returning,desktop,0,,0,171.0
7785,control,1,7,new,mobile,0,,0,194.4
9416,treatment,2,11,returning,mobile,0,,0,233.4
11478,treatment,1,3,returning,mobile,0,,0,140.3
3586,treatment,2,13,new,desktop,0,,0,75.0
5341,control,2,8,returning,mobile,1,160741.09,0,172.8
7050,control,2,12,new,desktop,1,178268.33,0,237.5
6958,treatment,1,2,returning,mobile,1,225435.18,0,101.7
536,control,3,16,returning,mobile,0,,0,173.5
10613,treatment,2,10,new,desktop,1,228790.85,0,149.4
293,treatment,1,7,returning,desktop,0,,0,140.1
2837,treatment,2,9,returning,mobile,0,,0,96.8
4475,control,2,13,returning,mobile,0,,0,106.8
2871,treatment,2,11,returning,desktop,1,104096.95,0,231.8
8281,control,1,6,returning,mobile,0,,1,187.3
6175,control,2,11,returning,desktop,0,,0,158.9
8458,treatment,3,19,new,desktop,0,,0,121.5
10108,treatment,1,4,returning,mobile,0,,0,149.4
3647,control,2,14,new,mobile,1,440677.63,0,219.9
5182,control,1,5,new,mobile,0,,0,196.8
1319,treatment,3,15,new,mobile,0,,0,183.3
10957,treatment,3,16,returning,mobile,0,,0,44.7
7429,treatment,2,10,new,desktop,0,,1,184.3
4013,treatment,3,18,new,desktop,0,,0,171.7
5653,treatment,1,7,new,desktop,1,435391.73,0,211.4
7542,control,3,19,returning,desktop,0,,0,191.1
6578,treatment,1,3,returning,mobile,0,,0,141.1
9657,control,1,5,returning,mobile,0,,0,151.6
6460,treatment,2,12,returning,mobile,0,,1,164.2
8420,control,3,15,new,mobile,0,,0,133.6
8537,control,2,11,new,mobile,0,,0,200.6
2229,control,3,17,returning,desktop,0,,0,149.6
10039,treatment,2,14,returning,desktop,0,,0,138.1
5946,control,3,21,new,mobile,0,,0,139.1
11954,treatment,3,15,new,mobile,0,,0,101.8
8423,treatment,3,16,new,mobile,0,,0,132.8
4251,control,1,2,returning,mobile,1,230625.8,0,129.1
3874,control,2,8,returning,mobile,1,340988.84,0,151.9
11343,control,3,19,new,desktop,0,,0,193.6
357,treatment,3,16,new,mobile,0,,0,162.1
11915,treatment,1,3,returning,desktop,1,174389.22,0,132.6
7753,treatment,1,2,returning,mobile,0,,0,136.8
7969,control,3,16,new,mobile,0,,0,165.8
9991,control,1,5,returning,desktop,1,100852.96,0,156.6
838,treatment,1,4,new,mobile,0,,0,152.6
8924,control,2,11,new,mobile,0,,0,205.4
6308,treatment,1,5,new,desktop,1,518359.42,0,178.4
7290,control,1,2,new,mobile,0,,0,184.9
2007,control,3,19,new,mobile,0,,0,229.1
10604,treatment,2,10,returning,desktop,0,,0,149.2
10712,control,3,17,new,mobile,0,,0,159.0
8697,control,2,12,new,desktop,0,,0,233.8
2363,control,3,16,returning,desktop,0,,0,254.1
8966,control,2,12,returning,desktop,0,,0,98.0
9658,control,2,9,returning,desktop,0,,0,146.1
9872,treatment,3,17,returning,mobile,0,,0,210.5
8770,control,3,15,returning,desktop,0,,0,181.9
7533,control,2,9,returning,mobile,0,,0,142.4
2900,control,2,8,new,mobile,0,,0,228.8
1891,control,3,18,new,mobile,0,,0,179.6
7256,control,1,5,returning,desktop,0,,0,265.9
158,treatment,3,15,returning,desktop,0,,0,111.4
9240,treatment,3,18,returning,mobile,0,,0,56.2
128,control,2,14,returning,desktop,0,,0,195.8
6919,control,1,2,new,mobile,0,,0,152.8
8815,treatment,2,10,returning,mobile,0,,0,102.4
1442,control,1,6,returning,mobile,1,189210.9,0,271.8
6659,treatment,2,10,returning,mobile,1,221660.9,0,142.0
7280,treatment,2,13,returning,desktop,1,196050.91,0,177.0
2749,control,3,19,returning,desktop,0,,0,209.8
9952,treatment,1,7,returning,mobile,0,,0,209.9
8455,control,1,2,new,mobile,0,,0,203.6
8964,treatment,1,3,new,desktop,0,,0,175.7
5498,control,3,16,returning,mobile,0,,0,218.7
3062,control,3,19,new,mobile,0,,0,207.6
9558,treatment,1,1,new,mobile,0,,0,173.2
6031,control,1,6,new,mobile,0,,0,151.2
5615,treatment,2,8,new,desktop,0,,0,165.3
10045,control,3,21,new,mobile,1,240271.53,0,210.5
1058,control,2,9,new,desktop,0,,0,147.6
1964,control,2,13,returning,mobile,0,,0,164.7
3126,control,2,11,returning,mobile,0,,0,145.6
11415,treatment,3,21,returning,mobile,0,,0,144.2
10500,treatment,1,3,returning,mobile,0,,0,171.3
1128,treatment,2,9,returning,desktop,0,,0,72.7
6569,treatment,3,17,new,mobile,0,,0,107.7
9460,treatment,1,4,new,mobile,0,,0,97.8
11575,treatment,1,4,new,desktop,0,,0,132.5
10290,control,3,21,new,mobile,0,,0,299.4
9555,control,1,3,new,mobile,0,,0,253.6
11655,control,2,9,new,mobile,1,238595.06,0,313.7
7245,control,2,8,returning,mobile,0,,0,245.7
11047,treatment,1,5,returning,mobile,1,171489.24,1,159.8
1544,control,1,7,returning,desktop,0,,0,221.8
5991,control,1,4,returning,mobile,0,,0,168.4
5307,treatment,1,6,new,desktop,0,,0,145.8
7479,control,1,1,new,desktop,1,235865.73,0,284.2
2269,treatment,2,13,new,mobile,0,,0,136.1
7169,treatment,3,20,new,mobile,0,,0,222.2
11867,control,3,21,returning,mobile,1,93626.2,0,207.4
133,treatment,1,3,new,desktop,0,,0,160.7
8061,treatment,3,19,returning,mobile,1,127149.84,0,91.0
4668,control,2,10,returning,desktop,0,,0,201.7
9381,control,3,16,returning,mobile,0,,0,102.8
604,treatment,1,4,returning,mobile,0,,0,153.7
5640,treatment,3,20,returning,desktop,0,,0,181.3
4803,control,1,1,returning,desktop,0,,0,145.8
9823,treatment,1,5,new,mobile,0,,0,163.0
394,treatment,1,1,new,mobile,0,,0,225.9
11772,treatment,1,2,new,mobile,0,,0,197.7
9405,treatment,1,7,returning,mobile,0,,0,148.0
7110,control,1,4,returning,mobile,0,,0,126.7
4950,treatment,1,4,new,desktop,0,,0,131.9
6113,control,3,15,returning,mobile,1,261485.02,0,165.3
5683,control,2,14,returning,desktop,0,,1,203.9
7380,control,3,21,new,mobile,0,,0,157.7
3406,treatment,3,17,returning,mobile,0,,0,210.0
3617,control,3,20,new,desktop,0,,0,247.9
5287,treatment,2,14,new,desktop,0,,0,48.4
182,treatment,3,15,returning,desktop,0,,0,155.8
2278,control,1,6,returning,mobile,0,,0,109.0
10406,control,3,21,new,mobile,0,,0,70.8
3235,control,1,4,returning,mobile,1,91442.69,0,113.4
6302,control,1,1,new,desktop,0,,0,157.4
8371,control,2,8,returning,mobile,0,,0,242.3
3801,control,3,18,returning,mobile,1,92686.7,0,139.7
8266,treatment,3,17,returning,desktop,0,,0,159.3
8001,treatment,3,17,returning,mobile,0,,0,149.2
9066,treatment,3,19,returning,desktop,0,,0,130.5
402,treatment,3,15,returning,desktop,1,60281.63,0,151.9
3594,control,2,11,new,desktop,0,,0,203.4
4792,control,2,10,new,mobile,0,,0,155.7
1632,treatment,3,19,new,desktop,0,,0,208.9
11763,control,2,13,returning,desktop,0,,0,246.2
10346,treatment,3,15,new,mobile,0,,0,116.8
3583,control,3,17,returning,mobile,0,,0,236.0
11058,control,2,8,returning,mobile,0,,0,181.9
5350,control,1,2,returning,desktop,0,,0,140.8
5272,treatment,2,11,new,mobile,0,,0,108.8
11861,treatment,1,6,returning,mobile,0,,0,91.2
11631,treatment,2,11,new,desktop,0,,0,136.6
5523,control,2,13,new,mobile,0,,0,201.8
10812,treatment,3,20,new,mobile,0,,0,143.4
8501,control,3,15,new,mobile,0,,0,197.6
8431,control,1,3,new,mobile,0,,0,228.5
9337,control,2,9,new,mobile,0,,0,183.6
6886,treatment,3,20,returning,mobile,0,,0,106.3
3464,control,1,5,new,desktop,1,172536.4,0,161.5
5986,control,1,6,returning,mobile,0,,1,212.9
5585,treatment,1,7,new,mobile,0,,0,209.4
6135,control,3,21,returning,mobile,0,,0,241.7
2068,treatment,3,19,new,desktop,0,,0,147.6
4478,control,2,14,returning,mobile,0,,0,231.5
7073,control,3,18,returning,mobile,0,,0,185.2
4963,control,1,4,new,mobile,0,,0,166.2
1600,control,2,8,new,mobile,0,,0,175.6
5786,treatment,1,2,new,mobile,0,,0,148.6
1386,control,2,9,returning,mobile,0,,0,195.4
9144,treatment,2,8,new,mobile,0,,0,70.5
6658,treatment,1,4,returning,mobile,0,,0,47.1
11129,control,1,5,returning,desktop,0,,0,146.0
1406,control,2,8,returning,mobile,0,,0,187.9
3276,treatment,3,17,returning,mobile,0,,0,95.6
810,treatment,1,4,returning,desktop,0,,0,123.8
8827,treatment,3,15,new,mobile,0,,1,127.3
2030,treatment,3,16,returning,desktop,0,,0,164.9
5900,control,2,11,new,desktop,0,,0,163.2
2651,treatment,2,8,returning,mobile,1,302138.56,0,74.0
6530,control,1,5,returning,mobile,0,,0,157.2
3025,control,3,18,new,mobile,0,,1,210.9
11884,treatment,2,12,new,mobile,0,,0,150.9
9343,treatment,3,15,returning,mobile,1,325258.95,0,94.9
4844,control,2,10,returning,desktop,0,,0,112.2
9215,control,2,8,returning,desktop,0,,0,154.8
1703,control,1,6,new,mobile,0,,0,206.7
9488,treatment,2,11,returning,mobile,0,,0,118.2
62,control,3,16,new,desktop,0,,0,209.3
3657,control,1,2,returning,desktop,1,157039.04,0,139.5
4935,treatment,2,10,new,desktop,0,,0,52.4
4581,treatment,3,18,new,desktop,0,,0,77.8
2095,treatment,1,3,new,desktop,0,,0,58.9
8720,control,1,1,new,mobile,0,,0,137.6
10127,control,1,7,new,mobile,0,,0,180.1
1881,treatment,3,20,new,mobile,0,,0,103.0
11059,treatment,1,1,returning,mobile,0,,0,166.3
6595,treatment,1,6,new,mobile,0,,0,130.0
7797,control,3,19,returning,desktop,0,,1,204.2
10376,treatment,2,8,returning,desktop,1,596358.43,0,115.9
8065,treatment,2,11,returning,mobile,0,,0,87.7
2288,treatment,1,5,returning,mobile,0,,0,107.5
6748,treatment,2,9,new,desktop,0,,0,153.7
8939,control,2,8,new,mobile,0,,0,245.9
5364,treatment,1,5,new,mobile,0,,0,141.0
4476,treatment,3,16,returning,mobile,0,,0,242.4
8167,treatment,1,2,returning,mobile,0,,0,204.4
5906,treatment,1,1,returning,mobile,1,160646.96,0,156.1
665,control,1,7,new,mobile,0,,0,175.4
2907,treatment,2,12,new,mobile,0,,1,134.3
1047,control,2,12,returning,desktop,0,,0,233.5
10145,treatment,3,20,new,mobile,0,,0,193.1
2405,treatment,3,17,new,desktop,1,56097.51,0,132.2
5201,control,3,15,returning,desktop,1,1989738.16,0,208.4
11589,control,1,4,new,mobile,0,,0,166.4
1569,control,2,12,returning,mobile,0,,0,153.6
463,treatment,1,3,returning,mobile,0,,0,136.7
744,control,2,10,returning,mobile,0,,1,213.1
223,treatment,3,15,new,mobile,0,,0,143.4
7537,treatment,3,18,new,desktop,0,,0,161.7
6605,treatment,2,12,new,mobile,0,,0,83.7
3521,treatment,1,3,returning,mobile,0,,0,191.6
626,control,2,8,returning,mobile,0,,0,191.7
10738,control,1,2,new,desktop,0,,0,210.8
10018,treatment,1,4,returning,mobile,0,,0,94.9
2189,control,3,19,returning,mobile,0,,0,116.6
2178,treatment,3,19,returning,mobile,1,68556.55,0,129.8
6887,control,2,10,new,desktop,0,,0,206.1
9606,treatment,3,16,returning,mobile,1,192098.3,0,140.1
9314,treatment,1,5,returning,mobile,0,,0,167.0
9916,control,1,5,new,desktop,0,,0,101.9
439,treatment,2,12,new,mobile,0,,0,184.5
4339,treatment,2,10,returning,desktop,0,,0,104.4
10523,control,2,10,returning,mobile,0,,0,172.7
354,treatment,2,10,returning,desktop,0,,0,162.0
5911,treatment,3,18,returning,mobile,1,114720.48,0,123.1
457,treatment,1,2,new,mobile,1,305563.87,0,97.2
9681,treatment,1,3,new,mobile,0,,0,161.5
7493,treatment,1,4,new,desktop,0,,0,66.2
240,control,3,21,returning,mobile,1,113809.24,0,201.1
7829,treatment,2,9,new,mobile,0,,0,225.3
9070,control,2,8,returning,mobile,0,,0,216.2
4054,control,3,21,new,desktop,0,,0,160.4
5363,control,1,4,returning,mobile,0,,0,196.5
8794,treatment,3,15,returning,mobile,0,,0,102.6
7932,treatment,2,10,returning,mobile,0,,0,122.5
9465,treatment,1,2,returning,mobile,0,,0,234.8
4922,control,3,19,returning,mobile,1,326685.18,0,255.8
4354,control,3,17,new,mobile,1,418930.78,0,212.8
1019,control,2,10,returning,mobile,0,,1,237.3
8043,treatment,3,21,new,desktop,0,,0,100.8
8539,control,2,12,new,mobile,0,,0,244.4
1761,control,2,8,new,desktop,0,,0,129.7
8871,treatment,1,2,new,desktop,1,134560.63,0,125.8
10534,treatment,1,7,new,mobile,0,,0,128.3
10176,treatment,1,7,returning,mobile,0,,0,44.3
1104,treatment,3,20,returning,mobile,0,,0,184.8
9838,control,3,19,returning,mobile,0,,0,180.5
7587,control,1,6,new,mobile,0,,0,120.1
8779,treatment,2,13,new,mobile,0,,0,74.9
6222,control,3,19,new,mobile,1,178927.96,0,168.4
7964,treatment,3,19,new,mobile,0,,0,96.7
3252,treatment,1,3,new,desktop,0,,0,138.4
4375,treatment,2,10,returning,mobile,0,,0,106.9
5124,treatment,3,15,returning,desktop,0,,0,111.7
3064,treatment,1,2,new,mobile,0,,0,97.8
4731,control,1,5,returning,mobile,0,,0,253.1
4171,treatment,3,17,returning,mobile,0,,0,57.1
9367,treatment,1,1,returning,mobile,0,,0,59.2
2948,treatment,2,11,new,mobile,0,,0,126.7
10991,treatment,2,14,new,mobile,1,60158.05,0,127.0
11076,control,3,16,new,mobile,0,,0,229.0
6909,treatment,1,5,returning,mobile,0,,0,68.8
11301,treatment,2,14,new,mobile,0,,0,105.0
4550,control,2,13,new,desktop,0,,0,208.6
10446,control,1,2,new,desktop,0,,0,199.6
9448,treatment,2,10,new,desktop,0,,0,108.4
9661,control,2,8,new,mobile,0,,0,198.3
10091,treatment,2,12,new,mobile,0,,0,182.5
5445,treatment,3,15,returning,desktop,0,,0,141.0
1035,control,1,2,returning,mobile,0,,0,136.9
2265,treatment,3,20,returning,desktop,0,,0,215.0
5033,control,2,14,new,desktop,0,,0,165.5
6538,treatment,3,16,returning,mobile,0,,0,238.9
11612,treatment,1,2,new,desktop,0,,1,109.9
8372,treatment,1,5,returning,mobile,0,,0,137.9
907,control,3,15,returning,desktop,0,,0,164.5
11107,treatment,1,6,new,mobile,0,,0,112.5
8577,control,1,1,returning,mobile,0,,0,188.0
369,control,2,13,new,desktop,0,,0,230.8
10060,treatment,3,20,returning,mobile,0,,0,33.7
1416,treatment,1,5,new,desktop,0,,0,234.8
4050,treatment,3,17,new,mobile,0,,0,203.6
2287,treatment,2,10,returning,mobile,0,,0,164.2
11488,treatment,3,20,new,mobile,0,,0,104.4
6822,treatment,2,14,new,mobile,0,,0,157.4
11894,treatment,2,10,returning,mobile,0,,1,174.4
8490,treatment,2,12,returning,mobile,0,,0,136.7
7408,treatment,1,5,returning,mobile,0,,0,79.7
10948,treatment,2,8,returning,mobile,1,148361.83,1,166.6
10570,treatment,2,9,returning,desktop,0,,0,152.8
5156,control,2,10,returning,mobile,0,,0,198.8
2901,control,3,15,returning,desktop,0,,0,128.4
1722,control,1,1,new,desktop,0,,0,185.2
7627,treatment,3,18,new,mobile,0,,0,147.2
4640,control,2,10,returning,desktop,1,201179.31,0,133.5
3185,control,3,21,returning,mobile,0,,0,158.7
3486,treatment,3,15,new,mobile,0,,0,154.5
1825,treatment,1,1,returning,desktop,0,,0,148.8
3081,control,2,8,returning,mobile,0,,0,102.7
7183,treatment,1,6,new,mobile,0,,0,20.0
3024,treatment,2,9,new,desktop,0,,0,60.9
10709,treatment,1,3,returning,mobile,1,93847.13,0,192.5
11539,treatment,3,19,new,desktop,0,,0,145.8
1902,control,3,17,returning,desktop,0,,0,151.7
3972,control,3,20,new,desktop,0,,0,176.9
3795,treatment,2,11,returning,desktop,1,303589.95,0,154.2
1919,treatment,1,2,new,desktop,0,,0,127.5
8494,treatment,3,16,returning,mobile,0,,0,139.5
6384,treatment,2,10,new,mobile,0,,0,92.9
1570,control,3,16,returning,mobile,1,356736.2,0,196.5
11242,control,2,10,returning,mobile,0,,0,98.0
348,control,1,3,new,desktop,0,,0,160.3
1243,control,3,15,returning,desktop,0,,0,203.8
421,treatment,1,5,new,mobile,0,,0,201.9
4701,treatment,2,9,returning,mobile,1,251568.07,0,250.7
9067,control,1,5,new,mobile,0,,0,241.3
5454,control,1,2,returning,mobile,0,,0,257.9
8402,control,2,13,returning,mobile,0,,0,200.4
9764,control,1,1,new,mobile,0,,0,145.4
10698,treatment,1,3,new,desktop,0,,0,156.7
8643,control,2,10,new,mobile,0,,0,81.1
10460,treatment,3,16,new,mobile,0,,0,140.2
1032,treatment,2,10,returning,desktop,1,124045.91,0,142.4
4166,control,1,1,returning,mobile,0,,0,75.9
9935,treatment,1,5,returning,mobile,0,,0,132.3
6992,control,2,13,returning,mobile,0,,0,305.8
7508,treatment,2,9,returning,desktop,1,1271831.6,0,165.1
7873,control,3,20,returning,mobile,1,563889.2,0,171.6
11244,treatment,3,20,returning,mobile,0,,0,150.5
764,control,3,17,new,desktop,0,,1,188.2
8411,treatment,1,3,new,mobile,0,,0,93.3
10665,control,1,4,returning,desktop,0,,0,185.4
3462,treatment,2,14,returning,mobile,1,82784.17,0,93.7
10612,control,1,3,returning,desktop,1,297009.63,0,235.0
2485,treatment,2,11,returning,mobile,0,,0,215.9
1223,treatment,2,12,returning,desktop,1,105360.72,0,133.9
6609,control,3,17,returning,mobile,0,,0,112.4
2135,treatment,3,15,returning,mobile,0,,0,165.3
2424,control,3,18,returning,desktop,0,,0,223.7
3777,treatment,1,5,new,desktop,0,,0,121.7
6642,treatment,1,2,returning,mobile,1,182967.46,0,138.6
6197,treatment,1,1,new,mobile,0,,0,100.6
5196,treatment,3,17,new,mobile,0,,0,79.0
8544,treatment,3,18,new,mobile,0,,0,145.0
6303,treatment,1,6,returning,desktop,0,,0,194.9
4340,treatment,1,1,returning,mobile,0,,0,151.6
1576,control,3,21,returning,desktop,0,,0,221.9
510,control,3,20,returning,desktop,0,,0,220.1
9341,control,3,20,new,desktop,0,,0,228.6
6192,control,1,4,returning,desktop,0,,0,159.9
8992,control,3,18,returning,mobile,0,,1,180.3
2305,control,3,21,returning,desktop,0,,0,161.4
4449,treatment,1,6,returning,mobile,0,,0,167.9
749,treatment,2,14,returning,mobile,0,,0,222.9
8752,control,3,19,new,desktop,0,,0,167.7
11529,treatment,2,9,new,mobile,0,,0,146.2
1260,treatment,3,21,returning,mobile,0,,0,220.8
3078,treatment,3,15,returning,desktop,1,280184.56,0,130.0
11433,treatment,3,17,returning,mobile,1,83195.92,0,217.3
1889,treatment,3,19,returning,desktop,0,,0,139.1
11559,treatment,1,4,returning,mobile,1,98690.99,0,149.6
3510,control,1,2,returning,mobile,0,,0,198.2
712,treatment,1,6,new,mobile,0,,0,147.3
9414,treatment,2,9,returning,desktop,1,97772.6,0,20.0
10946,treatment,2,13,new,mobile,0,,0,149.0
4635,treatment,2,9,new,desktop,0,,0,153.8
7552,treatment,1,4,returning,mobile,1,134551.22,0,101.7
7406,control,3,16,returning,mobile,0,,0,188.3
1373,control,1,2,returning,mobile,0,,1,112.3
11201,treatment,2,11,returning,mobile,1,190530.78,0,257.7
713,treatment,2,10,returning,mobile,0,,1,109.2
3330,control,1,7,returning,desktop,0,,0,162.4
7717,treatment,3,16,new,mobile,0,,0,94.0
7812,treatment,3,17,new,mobile,0,,0,140.2
10131,treatment,3,20,returning,desktop,0,,0,125.4
3695,treatment,3,15,new,mobile,0,,0,188.1
6953,control,3,18,new,mobile,0,,0,161.2
4747,control,1,5,new,mobile,0,,0,182.8
9816,control,3,16,new,mobile,1,44796.74,0,121.8
6426,control,1,4,returning,mobile,0,,0,112.0
9703,treatment,2,11,returning,mobile,1,132144.66,0,126.3
1483,treatment,1,6,returning,mobile,1,191806.89,0,140.3
1490,control,3,20,returning,mobile,0,,1,175.5
105,treatment,2,14,new,mobile,0,,0,101.8
7798,treatment,1,2,returning,mobile,1,229114.8,0,37.3
1795,treatment,1,3,new,mobile,0,,0,90.4
9669,treatment,1,1,new,mobile,0,,0,99.4
1822,control,3,21,returning,mobile,0,,0,195.0
2387,treatment,2,9,new,mobile,0,,0,144.5
5184,treatment,1,6,new,desktop,0,,0,129.3
5091,control,1,7,new,desktop,0,,0,135.6
4258,control,1,5,returning,desktop,1,139179.28,0,135.1
1742,control,2,9,returning,mobile,0,,0,142.7
1659,control,2,10,returning,desktop,1,117918.19,0,214.4
213,control,3,15,returning,mobile,0,,0,121.1
5318,treatment,1,3,returning,mobile,0,,0,137.5
9250,treatment,3,18,new,mobile,1,173833.74,0,97.0
6015,control,1,2,returning,desktop,0,,0,207.5
3059,control,3,17,new,mobile,0,,0,103.5
324,treatment,2,9,returning,desktop,0,,0,77.3
11304,treatment,1,7,returning,mobile,0,,0,215.7
1098,treatment,1,2,returning,mobile,0,,0,183.0
10586,treatment,2,9,new,mobile,0,,0,120.1
1360,control,1,7,returning,mobile,0,,0,176.4
335,control,1,4,new,desktop,0,,0,113.7
5492,treatment,3,21,returning,desktop,0,,0,65.0
3111,control,1,5,new,mobile,0,,0,181.1
3475,treatment,2,14,returning,mobile,0,,0,166.3
4903,control,2,8,returning,mobile,0,,0,177.2
1614,control,3,15,new,mobile,0,,0,146.5
6667,treatment,1,2,returning,mobile,0,,0,82.7
793,control,2,10,new,desktop,0,,0,146.7
234,treatment,1,5,new,mobile,1,319955.39,1,204.1
10294,control,2,12,returning,mobile,0,,0,144.5
9114,control,2,14,returning,desktop,0,,0,139.3
1065,control,2,13,new,mobile,1,220682.77,0,239.7
210,treatment,1,4,returning,desktop,0,,0,132.1
10409,treatment,1,3,new,mobile,0,,0,145.0
8184,control,3,19,returning,mobile,0,,0,195.6
5460,control,1,6,returning,mobile,0,,0,244.3
6316,treatment,3,16,new,mobile,0,,0,172.6
4841,treatment,1,7,new,mobile,0,,0,137.4
8119,control,2,11,new,desktop,0,,0,163.5
4520,control,2,10,returning,mobile,0,,0,251.9
2414,treatment,3,19,new,desktop,0,,1,172.5
4345,treatment,2,13,returning,mobile,0,,0,145.7
11789,treatment,1,2,returning,mobile,0,,0,104.1
4885,treatment,2,8,returning,mobile,0,,0,122.9
9273,treatment,3,15,returning,desktop,0,,0,139.2
3543,treatment,1,6,new,desktop,0,,0,169.8
11552,treatment,3,19,new,mobile,0,,0,150.3
872,control,1,7,new,mobile,0,,1,217.2
3622,control,2,8,returning,desktop,0,,0,155.0
1264,treatment,1,6,new,mobile,0,,0,176.3
1619,treatment,1,2,new,desktop,1,290368.13,0,164.5
6836,control,3,20,new,mobile,0,,0,211.8
11656,treatment,1,5,new,mobile,0,,0,137.5
5769,control,1,3,returning,mobile,0,,0,236.3
2415,control,1,3,returning,mobile,0,,0,174.9
10789,control,3,16,returning,mobile,0,,0,235.9
5793,control,1,1,returning,mobile,1,151634.73,0,137.4
1221,control,2,14,returning,mobile,1,112043.27,0,208.0
11223,control,1,1,new,mobile,0,,0,154.6
1766,control,2,13,returning,desktop,0,,0,151.2
9218,treatment,3,20,returning,mobile,0,,0,80.5
2457,treatment,1,4,new,mobile,0,,0,82.4
6947,treatment,3,17,new,mobile,0,,0,128.8
7888,control,2,10,returning,mobile,0,,0,214.1
2002,control,3,18,new,desktop,0,,0,161.1
1514,treatment,2,10,returning,mobile,0,,0,89.5
4442,control,3,21,returning,mobile,0,,0,177.7
2802,control,3,17,returning,mobile,0,,0,187.1
4949,treatment,1,1,new,mobile,0,,0,139.2
6848,control,3,20,returning,mobile,0,,1,214.2
2524,treatment,3,15,new,mobile,0,,0,67.5
4266,treatment,1,7,returning,mobile,0,,1,176.0
5966,control,3,17,new,mobile,0,,0,134.6
9200,control,2,13,returning,mobile,0,,0,269.8
7782,control,3,19,new,mobile,0,,0,229.7
11749,control,1,6,new,mobile,0,,0,202.7
4061,treatment,2,8,returning,mobile,1,101722.05,0,186.0
3079,treatment,2,9,new,desktop,0,,0,101.3
6932,treatment,2,8,returning,mobile,0,,0,220.7
5153,control,2,13,returning,mobile,0,,0,62.1
9635,treatment,1,3,new,desktop,0,,1,124.6
7041,treatment,2,14,returning,mobile,0,,0,73.4
10319,treatment,1,7,returning,mobile,0,,0,191.2
2111,treatment,3,17,returning,mobile,0,,0,212.8
11988,control,1,1,returning,desktop,0,,0,247.6
2376,control,2,9,returning,desktop,0,,0,213.8
9137,control,1,3,returning,desktop,0,,0,145.3
9170,control,2,8,new,desktop,0,,0,196.6
9420,treatment,3,21,returning,mobile,1,194284.57,0,81.2
3818,control,2,14,returning,mobile,0,,0,224.4
6346,treatment,1,7,returning,desktop,0,,0,96.6
7730,control,3,17,returning,mobile,1,142322.57,0,189.7
3547,control,2,8,returning,desktop,0,,0,211.3
3528,control,3,15,new,desktop,0,,0,141.0
10160,treatment,3,18,returning,desktop,0,,1,87.9
6960,treatment,2,9,new,desktop,0,,0,139.1
3718,treatment,3,15,new,mobile,0,,0,136.7
618,control,2,13,new,mobile,0,,0,133.3
7885,control,1,1,new,mobile,0,,0,213.2
4404,control,2,14,returning,mobile,0,,1,157.1
5829,treatment,2,11,new,mobile,0,,0,172.6
8210,treatment,2,13,returning,desktop,0,,0,155.8
10070,control,1,1,new,desktop,0,,0,215.2
2653,treatment,2,12,new,mobile,1,130828.69,0,100.0
6221,control,3,18,new,mobile,0,,0,215.1
8628,treatment,3,19,new,desktop,0,,0,135.5
746,control,1,5,new,mobile,0,,0,185.4
3542,treatment,2,13,returning,mobile,0,,0,108.3
11755,treatment,2,12,new,mobile,0,,0,166.3
2005,control,1,2,new,mobile,0,,0,117.9
7414,treatment,2,10,returning,desktop,0,,0,89.6
6573,treatment,2,10,returning,desktop,0,,0,211.1
11466,treatment,3,17,returning,desktop,0,,0,102.9
3048,treatment,1,4,new,mobile,1,780347.38,0,200.3
11267,treatment,2,14,returning,mobile,0,,0,144.6
10626,treatment,1,1,returning,mobile,0,,0,96.7
1337,control,1,3,returning,mobile,0,,0,157.8
9748,treatment,3,17,returning,desktop,1,96918.42,0,221.0
7820,control,3,20,returning,mobile,1,76872.59,0,136.3
5271,treatment,1,5,new,desktop,0,,0,178.5
9596,control,2,11,new,desktop,0,,0,206.8
3096,control,3,19,new,mobile,0,,0,107.9
4748,treatment,3,17,returning,mobile,1,35838.76,0,153.3
3286,treatment,1,7,returning,desktop,1,162963.16,0,116.1
5279,control,1,7,returning,mobile,0,,0,212.1
7319,control,2,8,returning,mobile,0,,0,133.1
11756,treatment,3,15,new,mobile,0,,0,266.6
1314,control,3,20,returning,desktop,0,,0,120.4
4510,control,1,1,returning,desktop,0,,0,184.3
11989,treatment,2,9,returning,desktop,0,,0,111.7
7146,treatment,3,21,returning,desktop,0,,0,86.6
2904,treatment,2,14,returning,desktop,0,,0,83.6
11845,control,1,1,returning,desktop,1,288899.26,0,200.8
7034,control,3,18,new,desktop,0,,0,155.4
3334,control,2,10,new,desktop,0,,0,168.1
6326,control,2,13,returning,mobile,0,,0,185.0
3985,control,1,6,returning,mobile,0,,0,213.2
4393,treatment,2,13,new,mobile,1,349381.26,0,189.0
3054,treatment,2,8,new,desktop,0,,0,172.1
9409,treatment,2,9,new,desktop,0,,0,126.3
977,control,2,8,new,mobile,0,,0,195.4
5860,control,3,20,returning,mobile,0,,0,168.7
4703,control,1,6,returning,mobile,0,,0,169.3
654,control,2,10,returning,mobile,0,,0,257.8
9704,control,2,12,new,desktop,0,,0,294.7
2270,treatment,2,11,returning,mobile,0,,0,186.7
11983,control,2,12,new,desktop,0,,0,174.5
7793,control,3,18,returning,mobile,0,,0,229.9
11994,control,2,10,returning,desktop,0,,0,206.1
11642,control,3,15,new,mobile,0,,0,153.6
6863,control,3,19,returning,mobile,0,,0,146.3
8444,control,2,14,returning,mobile,0,,0,160.9
4100,treatment,3,17,new,desktop,1,2523197.16,0,190.4
9593,treatment,1,5,returning,mobile,0,,0,129.4
10803,treatment,2,9,new,mobile,0,,1,180.5
7153,treatment,1,6,returning,desktop,0,,0,174.6
612,treatment,1,6,new,mobile,0,,0,150.3
3754,treatment,2,9,returning,mobile,0,,0,158.8
2115,control,2,13,returning,mobile,0,,0,107.8
4685,treatment,2,14,new,mobile,0,,0,96.3
10503,control,1,4,returning,desktop,1,118400.15,0,178.7
5943,control,1,3,new,desktop,1,244502.37,0,221.5
8400,treatment,2,10,returning,mobile,0,,0,169.6
3167,control,1,2,returning,mobile,0,,0,175.4
2603,control,2,14,new,mobile,0,,0,114.1
10221,treatment,1,1,new,mobile,0,,0,138.3
512,treatment,1,4,new,mobile,0,,0,80.2
8588,control,2,13,returning,mobile,0,,0,258.2
9890,treatment,3,15,returning,mobile,0,,0,102.2
3016,treatment,3,20,returning,mobile,0,,0,154.0
6743,control,2,8,new,mobile,0,,0,185.4
9771,control,3,16,returning,mobile,0,,0,158.7
4103,treatment,1,4,new,mobile,0,,0,23.6
11765,treatment,1,1,returning,mobile,0,,0,121.8
7732,control,1,7,new,desktop,0,,0,97.5
521,treatment,2,11,returning,desktop,0,,0,84.7
8397,treatment,1,7,new,desktop,1,89411.93,0,104.5
5027,control,3,21,new,desktop,0,,0,142.3
6941,treatment,2,12,returning,mobile,0,,0,152.3
6154,control,2,13,new,mobile,0,,0,167.3
7626,control,1,3,new,mobile,0,,0,169.2
5222,treatment,1,6,new,mobile,0,,0,147.1
10617,control,2,12,returning,mobile,0,,0,199.7
7692,control,3,16,new,mobile,1,356474.54,0,141.3
10938,treatment,1,3,returning,mobile,1,121186.29,0,144.6
11890,control,1,5,returning,mobile,0,,0,204.5
5598,control,3,17,new,mobile,0,,0,180.7
4076,control,2,14,returning,mobile,0,,0,178.2
1110,control,1,2,returning,mobile,0,,0,194.7
11519,control,2,14,new,desktop,0,,1,179.7
7325,treatment,3,17,returning,desktop,1,212863.64,1,47.8
1039,control,1,4,returning,desktop,0,,0,243.3
4289,treatment,1,5,new,mobile,0,,0,146.9
21,treatment,1,5,new,mobile,0,,0,202.6
6563,control,1,2,new,mobile,0,,0,228.1
4675,treatment,2,12,returning,mobile,0,,0,124.4
9037,treatment,2,9,new,mobile,0,,0,144.7
6052,treatment,1,6,new,desktop,0,,0,111.9
4656,treatment,3,21,returning,mobile,1,297874.2,0,172.4
935,treatment,3,15,new,desktop,0,,0,107.8
5154,control,2,12,returning,mobile,0,,0,131.3
10836,control,1,3,returning,mobile,1,149901.05,0,196.4
7498,treatment,3,19,new,mobile,0,,0,55.7
8753,treatment,1,5,returning,mobile,0,,1,174.6
395,control,1,2,returning,mobile,0,,0,214.9
8251,control,2,13,returning,mobile,0,,0,115.9
6093,treatment,2,14,returning,mobile,0,,0,235.0
1738,control,2,8,returning,desktop,0,,0,208.0
2166,control,2,13,new,mobile,0,,0,140.5
562,control,1,4,returning,mobile,0,,0,149.1
3070,control,2,8,returning,mobile,0,,0,147.6
4605,treatment,2,12,returning,mobile,0,,0,132.5
11060,control,3,16,returning,desktop,0,,0,189.2
9521,treatment,3,20,returning,mobile,0,,0,98.1
1163,treatment,3,15,new,desktop,0,,1,139.5
6188,control,2,13,returning,desktop,0,,0,221.7
7863,control,3,16,returning,desktop,1,145779.08,0,229.3
7643,control,1,4,new,mobile,0,,1,169.6
1730,control,3,20,new,mobile,0,,0,161.2
1528,control,1,6,returning,mobile,1,344768.75,0,188.1
4982,control,1,3,new,mobile,0,,0,139.1
843,treatment,3,21,returning,mobile,1,267985.92,0,118.1
2931,treatment,1,7,returning,mobile,0,,0,143.8
9937,control,1,4,new,mobile,0,,1,163.4
59,control,2,12,returning,mobile,0,,0,195.4
5299,control,1,3,new,desktop,0,,0,159.1
2866,control,1,7,new,mobile,0,,1,166.3
4852,treatment,2,9,new,desktop,0,,0,123.2
6553,treatment,1,5,new,desktop,0,,0,134.8
2292,treatment,2,14,returning,mobile,0,,0,149.9
10195,control,1,6,returning,mobile,0,,0,97.6
84,control,3,18,returning,desktop,0,,0,161.0
5290,treatment,2,10,returning,mobile,0,,0,145.3
7979,treatment,3,18,returning,mobile,0,,0,162.1
1946,treatment,3,15,returning,mobile,0,,0,149.3
9301,treatment,1,4,new,mobile,0,,0,98.3
1650,treatment,2,8,returning,mobile,0,,0,111.3
6443,treatment,1,4,returning,desktop,0,,1,135.5
6439,treatment,1,3,new,desktop,0,,0,153.1
2725,control,1,4,returning,mobile,0,,0,223.3
9582,control,3,16,returning,mobile,1,641073.69,0,192.5
5539,control,2,11,returning,desktop,0,,0,144.4
415,control,2,10,new,mobile,0,,0,174.8
7181,control,2,9,returning,desktop,0,,0,299.4
11397,treatment,2,10,new,desktop,0,,0,99.9
2451,treatment,3,16,returning,mobile,0,,0,98.0
11907,treatment,3,17,returning,mobile,0,,0,153.1
5478,control,2,10,returning,mobile,0,,1,184.8
7221,control,1,3,returning,mobile,0,,0,165.0
5917,treatment,2,14,returning,mobile,0,,0,98.6
9754,control,1,5,new,mobile,0,,0,204.7
6773,control,1,1,returning,mobile,1,81372.61,0,199.1
4440,control,2,10,returning,mobile,1,313134.93,1,169.1
7609,control,1,5,returning,mobile,0,,0,133.7
11406,control,2,8,returning,mobile,0,,0,189.9
2908,control,1,6,returning,desktop,0,,0,191.6
8636,control,3,17,returning,mobile,0,,0,169.3
6608,control,3,18,new,mobile,0,,0,162.9
3539,control,2,8,returning,mobile,0,,0,200.8
2134,treatment,2,8,new,desktop,0,,0,73.2
1898,control,2,8,new,mobile,0,,0,272.1
7659,control,2,10,returning,mobile,1,144469.06,0,130.4
6672,control,2,12,returning,mobile,0,,0,104.4
8831,control,2,9,returning,mobile,0,,0,156.1
4270,treatment,3,16,new,desktop,0,,0,130.6
9297,control,2,11,returning,desktop,0,,0,181.9
8243,treatment,1,2,returning,desktop,0,,0,175.8
7963,treatment,3,20,returning,desktop,0,,0,89.8
1818,control,3,16,new,mobile,0,,0,241.8
11713,control,2,10,returning,mobile,0,,0,193.1
1938,treatment,1,3,new,mobile,0,,0,140.4
338,treatment,2,10,returning,desktop,0,,0,120.8
9697,control,1,3,returning,mobile,0,,0,144.8
2336,treatment,1,7,returning,mobile,1,189782.37,0,149.5
8699,control,3,17,new,mobile,0,,0,135.0
2073,control,2,8,returning,mobile,0,,0,150.5
6914,treatment,3,17,returning,desktop,0,,0,146.2
1727,control,2,11,returning,mobile,0,,0,151.9
10181,treatment,3,15,returning,mobile,1,257751.64,1,202.1
1048,treatment,2,8,returning,mobile,1,360518.06,0,140.3
5379,control,3,15,new,mobile,0,,0,200.8
7776,control,1,5,new,mobile,0,,0,166.9
2816,treatment,2,9,returning,desktop,0,,0,88.1
11901,control,1,2,returning,mobile,1,444179.6,0,117.2
9629,treatment,2,9,returning,mobile,0,,0,93.5
2321,control,2,11,new,desktop,0,,0,246.8
7672,control,1,2,returning,mobile,0,,0,190.6
9612,treatment,1,7,returning,mobile,1,117063.53,0,251.5
4872,control,3,17,returning,desktop,0,,0,163.1
3387,treatment,1,6,new,mobile,0,,0,120.3
11532,control,3,18,returning,mobile,0,,0,140.7
6071,treatment,3,20,returning,mobile,0,,0,212.4
767,control,1,5,returning,mobile,0,,0,208.8
2862,treatment,3,17,new,mobile,0,,0,154.4
3783,treatment,2,8,returning,desktop,0,,0,99.2
5010,control,1,6,returning,desktop,0,,0,155.6
6126,control,2,9,returning,desktop,0,,0,204.3
1145,control,2,13,new,desktop,0,,0,160.1
9895,treatment,3,21,new,mobile,0,,0,150.6
9803,treatment,3,17,returning,mobile,0,,0,68.9
2511,control,3,16,new,desktop,0,,0,195.9
6662,treatment,1,4,returning,mobile,0,,0,88.3
2274,treatment,3,21,new,desktop,0,,0,121.6
5929,treatment,2,9,returning,mobile,0,,0,134.0
5372,treatment,2,14,returning,desktop,0,,0,169.5
10511,treatment,2,12,new,mobile,0,,0,152.9
11119,control,2,13,new,desktop,0,,0,204.3
8495,treatment,1,5,returning,desktop,0,,0,191.8
11545,control,3,18,new,mobile,0,,0,216.3
103,control,2,14,returning,mobile,1,101100.08,0,254.0
1990,control,1,3,returning,desktop,0,,0,206.3
4304,control,2,14,returning,mobile,0,,0,129.1
4458,treatment,3,17,returning,mobile,0,,0,75.7
9354,treatment,2,14,new,mobile,0,,0,92.3
829,treatment,3,17,returning,desktop,0,,0,170.7
8744,treatment,1,6,new,mobile,0,,0,123.6
4787,control,2,8,returning,desktop,0,,0,138.0
1673,treatment,1,4,returning,mobile,0,,0,172.1
5932,control,2,9,returning,mobile,0,,0,193.6
9086,control,2,11,new,mobile,0,,0,217.7
7475,control,1,7,returning,desktop,1,252801.53,0,158.5
8248,control,2,11,returning,mobile,1,97381.88,0,301.7
7920,control,3,16,new,mobile,0,,0,205.1
2857,treatment,2,9,returning,mobile,1,356140.98,0,124.1
7728,control,1,2,new,desktop,0,,0,208.7
1809,control,2,8,returning,desktop,0,,0,228.3
7466,control,3,15,new,mobile,0,,0,150.9
2276,control,3,18,new,desktop,0,,0,183.9
3762,control,3,18,returning,mobile,0,,0,165.5
8222,treatment,3,19,new,desktop,1,328372.91,0,142.6
8480,treatment,3,20,returning,mobile,0,,0,157.3
7622,treatment,3,16,returning,mobile,0,,0,136.9
5170,control,1,2,new,mobile,0,,0,228.2
2046,control,1,3,returning,desktop,0,,0,138.2
7199,treatment,3,18,returning,mobile,0,,0,146.6
7439,control,1,7,new,mobile,0,,0,158.0
4514,control,3,19,returning,mobile,1,477297.53,0,197.7
5602,control,1,5,returning,mobile,0,,0,204.1
1296,control,1,1,returning,desktop,0,,0,120.0
5821,treatment,2,8,returning,mobile,1,147309.17,0,165.7
592,control,3,17,returning,mobile,0,,0,147.9
4225,control,2,11,returning,mobile,0,,0,198.9
222,control,2,10,new,mobile,0,,0,163.2
7911,treatment,1,1,returning,mobile,0,,0,169.8
8140,control,2,12,returning,mobile,0,,0,237.5
7094,treatment,3,17,new,mobile,0,,0,67.6
6389,treatment,3,16,returning,mobile,1,110412.92,1,139.9
859,control,3,19,returning,mobile,0,,0,198.4
6271,control,1,4,returning,desktop,0,,0,201.6
6065,control,3,16,new,mobile,0,,0,198.7
8704,control,2,12,new,desktop,0,,0,108.2
6747,treatment,2,12,returning,mobile,0,,0,95.8
842,treatment,2,14,returning,desktop,0,,1,95.6
6400,treatment,2,11,returning,mobile,0,,0,145.6
11268,treatment,2,14,returning,desktop,0,,0,152.9
5425,treatment,3,15,new,mobile,0,,0,118.2
10257,treatment,2,10,returning,mobile,0,,0,134.0
9262,control,2,11,new,mobile,0,,0,231.0
3704,treatment,3,20,returning,desktop,0,,0,233.2
995,treatment,3,21,returning,mobile,0,,0,188.6
9365,treatment,2,14,returning,desktop,1,260884.8,0,186.1
6335,treatment,1,7,returning,mobile,0,,1,111.4
1555,control,3,20,returning,mobile,0,,0,238.3
4672,control,3,17,returning,desktop,0,,0,243.2
9145,control,3,19,new,desktop,0,,0,143.6
3773,treatment,3,15,returning,desktop,0,,0,144.0
9230,control,1,4,returning,mobile,0,,0,101.9
11300,treatment,3,15,new,mobile,0,,0,165.6
10961,control,2,10,returning,desktop,0,,0,169.3
7045,treatment,1,1,new,mobile,0,,0,84.7
3560,treatment,3,18,returning,mobile,0,,0,141.4
6067,control,1,5,returning,desktop,0,,0,185.2
2849,treatment,1,2,returning,desktop,1,384594.79,0,96.0
6193,control,1,4,new,desktop,0,,0,182.8
9810,treatment,1,1,returning,desktop,0,,0,203.5
6811,control,3,18,new,mobile,1,208150.25,1,254.9
2514,control,2,8,returning,mobile,0,,0,159.7
8337,treatment,2,12,new,mobile,0,,0,174.1
1464,control,1,7,new,desktop,0,,0,196.7
10485,control,2,14,returning,mobile,1,84070.8,0,202.3
4202,treatment,2,13,returning,mobile,0,,0,119.6
10270,control,2,11,new,mobile,0,,0,127.8
6632,control,3,19,new,mobile,0,,0,165.4
2836,treatment,2,10,returning,mobile,0,,0,124.2
11083,control,2,10,new,mobile,0,,0,211.2
8631,treatment,1,4,new,desktop,0,,0,130.1
2234,treatment,1,2,new,desktop,0,,0,173.7
3051,treatment,3,18,returning,desktop,0,,0,151.5
11031,control,3,18,returning,mobile,1,157226.62,0,130.1
4682,control,2,9,returning,mobile,1,110319.01,0,219.5
401,control,3,19,new,mobile,0,,0,178.6
3861,control,2,10,new,mobile,0,,0,244.8
11645,treatment,2,10,new,mobile,0,,1,93.6
3873,control,1,3,returning,mobile,0,,0,159.6
4882,treatment,1,4,new,mobile,0,,0,115.0
5187,control,1,4,returning,mobile,0,,0,197.0
6201,treatment,3,16,new,mobile,0,,0,117.4
2805,control,2,8,returning,mobile,0,,0,236.1
6985,control,3,15,new,mobile,0,,0,161.2
4092,treatment,3,19,new,mobile,0,,0,245.4
4609,control,1,4,returning,desktop,0,,0,186.8
1024,treatment,1,3,returning,mobile,0,,0,171.8
3299,control,1,1,returning,desktop,0,,0,206.3
9536,control,1,5,returning,desktop,1,453699.18,0,211.8
8470,control,1,2,returning,mobile,1,239028.09,0,188.8
60,control,2,9,new,mobile,0,,0,264.1
9481,treatment,3,17,returning,mobile,0,,0,159.4
7640,control,3,20,new,mobile,0,,0,125.8
5759,control,1,5,new,desktop,0,,0,280.3
4983,control,1,5,returning,desktop,0,,0,158.0
9841,treatment,3,16,new,desktop,0,,0,228.8
1329,control,1,3,returning,mobile,0,,0,187.1
6661,control,2,13,new,mobile,0,,0,128.6
3352,control,2,13,returning,mobile,0,,0,161.5
11986,control,1,6,returning,mobile,0,,0,200.5
169,control,1,1,returning,mobile,0,,0,118.2
3280,control,3,19,new,desktop,0,,0,176.2
10224,treatment,1,6,returning,desktop,1,151949.54,0,142.5
5666,treatment,1,7,new,desktop,1,146307.89,0,194.2
11090,treatment,1,1,new,desktop,0,,0,102.2
7767,treatment,2,9,returning,desktop,1,139059.89,0,141.3
1551,control,1,2,returning,mobile,0,,0,138.0
1010,control,2,9,new,mobile,0,,0,201.4
8491,control,1,1,new,mobile,0,,0,155.3
2555,control,2,11,returning,desktop,0,,0,224.0
7591,control,1,6,new,mobile,0,,0,136.6
1613,treatment,2,12,new,mobile,0,,0,118.8
2738,treatment,2,11,new,desktop,0,,0,126.7
3456,treatment,3,17,new,mobile,0,,0,81.6
7624,control,1,3,returning,desktop,0,,0,154.4
10700,treatment,3,18,returning,mobile,0,,0,174.8
8328,treatment,2,11,returning,desktop,0,,0,150.0
649,treatment,1,6,returning,desktop,0,,0,191.7
6062,control,1,4,new,mobile,0,,0,148.4
2863,control,1,4,new,desktop,0,,0,125.7
880,treatment,1,2,returning,mobile,0,,0,125.8
9321,treatment,3,19,new,mobile,0,,0,111.6
3838,control,3,19,new,mobile,0,,0,155.3
4829,treatment,3,21,returning,mobile,0,,0,180.1
2304,control,1,1,new,mobile,0,,1,180.2
6254,control,1,5,new,desktop,0,,0,191.4
1625,control,1,6,returning,mobile,0,,0,194.7
551,control,2,8,returning,mobile,0,,0,194.4
3949,treatment,1,5,returning,mobile,0,,0,127.1
6936,treatment,3,15,returning,desktop,1,69923.97,0,155.7
9975,treatment,3,20,new,desktop,0,,0,44.3
6701,control,2,9,returning,mobile,0,,0,85.7
4503,treatment,1,4,new,mobile,0,,0,110.5
5295,treatment,1,3,new,mobile,0,,0,162.5
8199,control,2,14,returning,desktop,0,,0,235.0
212,treatment,1,7,new,desktop,0,,0,47.7
10029,treatment,3,16,new,desktop,0,,0,161.7
5678,treatment,2,14,new,mobile,0,,0,142.3
9623,treatment,1,4,new,desktop,0,,0,165.7
3233,treatment,1,4,new,mobile,0,,0,211.5
10529,control,1,5,new,mobile,0,,0,184.0
6386,treatment,1,6,new,mobile,0,,0,136.7
3544,control,2,9,new,desktop,1,217018.84,1,181.8
69,control,1,3,returning,desktop,0,,0,125.2
1439,treatment,1,7,returning,mobile,0,,0,128.1
2516,treatment,2,12,returning,desktop,0,,0,112.5
2869,treatment,2,14,returning,mobile,0,,0,133.5
3964,control,3,20,returning,mobile,0,,0,152.3
8171,treatment,3,15,returning,desktop,0,,0,115.7
6577,control,2,10,returning,mobile,0,,0,240.9
10074,treatment,3,21,new,desktop,1,106478.03,0,191.0
697,treatment,3,17,new,mobile,0,,0,131.6
8726,treatment,2,11,returning,desktop,1,179711.86,0,248.4
3943,control,1,4,returning,mobile,0,,0,289.8
4552,treatment,2,9,returning,mobile,1,133694.31,0,157.4
11731,treatment,1,2,returning,mobile,0,,0,167.3
10213,control,1,6,new,mobile,0,,0,179.6
4382,control,1,3,new,mobile,0,,0,127.3
9054,treatment,2,14,returning,desktop,0,,0,158.6
1315,control,1,6,new,mobile,0,,0,145.5
6783,treatment,1,6,returning,mobile,1,284677.82,0,162.3
8422,treatment,2,14,returning,mobile,0,,0,223.7
5554,control,2,11,new,desktop,1,126573.05,0,194.5
9636,control,1,4,new,desktop,0,,0,176.5
3980,treatment,3,17,new,desktop,1,200932.78,0,216.1
5024,treatment,3,15,returning,desktop,0,,0,115.1
13,treatment,3,15,new,mobile,1,103242.68,0,82.3
773,treatment,3,16,returning,desktop,1,156009.18,0,155.0
819,treatment,1,2,returning,mobile,0,,0,121.6
11282,treatment,2,9,returning,mobile,0,,0,20.6
2785,control,1,7,returning,desktop,0,,0,186.1
1347,control,3,17,returning,mobile,0,,0,275.9
10378,control,3,18,returning,mobile,0,,0,246.1
454,control,3,18,returning,mobile,0,,0,138.4
10085,treatment,2,13,returning,mobile,0,,0,104.8
11626,control,3,17,new,mobile,1,124834.39,0,188.7
1657,control,3,17,returning,mobile,0,,0,243.8
3458,treatment,2,8,new,mobile,0,,0,150.9
4246,control,1,3,new,desktop,0,,0,200.8
11088,treatment,3,21,new,mobile,0,,0,163.4
9896,treatment,3,17,new,mobile,0,,0,112.7
38,control,2,14,new,desktop,0,,0,227.6
11122,treatment,2,13,new,mobile,0,,0,114.7
5004,control,3,21,returning,mobile,0,,0,220.2
1044,treatment,3,16,returning,mobile,0,,0,181.0
2909,treatment,2,12,new,mobile,0,,0,156.6
6505,treatment,2,13,returning,mobile,1,180187.24,0,97.4
941,control,3,19,new,mobile,0,,0,176.3
4321,treatment,3,20,new,mobile,0,,0,193.4
7593,treatment,1,3,returning,mobile,0,,0,196.9
10317,control,3,19,new,desktop,0,,0,258.3
9249,treatment,1,3,returning,mobile,0,,0,113.7
5119,control,3,20,new,mobile,0,,0,260.2
11068,control,1,1,returning,mobile,0,,0,188.0
8096,treatment,1,5,returning,mobile,1,196212.05,0,83.5
7164,treatment,1,5,returning,mobile,0,,0,138.2
539,control,3,15,returning,mobile,0,,0,185.2
5340,control,1,3,returning,desktop,0,,0,161.1
1154,control,2,13,returning,mobile,0,,0,223.0
1401,control,1,2,returning,mobile,0,,0,162.8
5884,treatment,1,7,returning,desktop,0,,0,161.8
10688,treatment,3,18,returning,desktop,1,294518.03,0,91.9
31,treatment,1,7,returning,mobile,0,,0,196.7
11074,control,2,8,returning,desktop,0,,0,165.7
2268,treatment,3,16,returning,mobile,1,209328.04,0,124.7
10391,treatment,1,4,returning,mobile,0,,0,38.5
8020,treatment,2,13,new,desktop,0,,0,94.2
8493,control,2,10,new,mobile,0,,0,172.2
3678,treatment,1,4,new,desktop,0,,0,202.0
2471,control,1,3,returning,mobile,0,,0,135.5
9357,treatment,3,17,new,desktop,0,,0,181.4
5557,control,3,19,new,desktop,0,,1,272.1
4741,control,3,16,returning,mobile,0,,0,113.7
6724,control,3,17,new,mobile,0,,1,152.5
8665,control,3,21,new,mobile,0,,0,217.8
5836,control,3,19,returning,mobile,0,,0,162.5
5442,treatment,1,3,returning,desktop,0,,0,135.6
1093,control,2,9,returning,mobile,0,,0,162.0
267,control,2,14,returning,desktop,0,,0,109.7
1109,treatment,3,19,returning,desktop,0,,0,27.2
9179,treatment,1,5,returning,mobile,0,,0,175.3
10852,control,2,13,returning,desktop,0,,0,178.7
3230,control,3,19,returning,mobile,0,,0,174.2
8456,control,3,17,returning,mobile,1,159338.92,0,193.2
6976,control,1,7,returning,desktop,0,,0,166.3
8741,control,2,11,returning,desktop,1,214947.48,1,187.7
3320,control,1,3,returning,mobile,0,,0,160.6
9921,control,1,3,returning,mobile,1,79270.54,0,156.1
1740,treatment,2,10,returning,desktop,0,,0,117.7
231,control,2,13,returning,desktop,0,,0,173.1
10510,treatment,3,18,returning,desktop,0,,0,122.9
899,control,3,21,returning,desktop,1,292790.89,0,290.5
5763,treatment,3,17,returning,desktop,0,,0,69.0
7136,treatment,3,21,returning,desktop,0,,0,108.8
8133,treatment,3,21,returning,mobile,0,,0,166.0
7101,control,1,6,new,mobile,1,221724.62,0,148.2
6664,treatment,2,12,new,desktop,0,,0,70.3
4756,treatment,2,10,new,mobile,1,355737.4,0,80.4
8976,control,3,18,returning,mobile,0,,0,250.0
1564,treatment,2,12,returning,desktop,0,,0,106.9
4113,treatment,3,17,returning,mobile,0,,0,143.8
9059,control,3,21,returning,desktop,1,245563.12,0,226.9
3072,treatment,3,19,new,mobile,0,,0,172.8
9342,control,1,5,returning,mobile,1,92873.42,0,76.3
11757,treatment,2,10,new,desktop,0,,0,57.9
9315,control,3,19,new,desktop,0,,0,130.9
3434,control,3,17,new,mobile,0,,0,186.6
8787,treatment,1,2,returning,desktop,0,,0,59.1
9506,treatment,1,6,returning,mobile,0,,1,60.5
10726,treatment,2,8,returning,mobile,0,,0,104.8
11125,treatment,3,16,returning,desktop,0,,0,146.0
5148,control,2,11,returning,desktop,0,,0,205.9
7096,control,2,11,new,mobile,1,220602.56,0,94.0
7853,treatment,2,14,new,mobile,0,,0,125.2
8391,treatment,2,10,returning,mobile,0,,0,234.5
9322,control,2,10,returning,mobile,0,,0,227.8
11491,control,3,21,returning,desktop,0,,0,231.7
3574,control,3,18,returning,mobile,0,,0,204.9
5845,control,3,16,returning,mobile,0,,0,138.7
10740,control,1,3,returning,mobile,0,,0,215.2
9413,control,3,19,returning,mobile,0,,0,243.0
3376,control,1,7,returning,mobile,0,,0,233.4
2841,treatment,1,6,returning,mobile,1,236833.61,0,184.8
7610,treatment,1,1,returning,desktop,1,3744324.1,0,164.7
6471,control,2,10,returning,mobile,1,508238.77,0,161.5
4293,control,1,6,new,mobile,0,,0,210.0
10416,treatment,3,20,new,mobile,0,,0,138.6
4416,treatment,2,14,returning,mobile,0,,0,146.3
9279,control,2,11,new,desktop,0,,0,172.4
7145,treatment,3,17,returning,mobile,0,,0,201.9
11056,treatment,2,11,returning,desktop,0,,0,116.6
3615,treatment,2,11,new,desktop,0,,0,144.5
2214,control,1,5,returning,mobile,0,,0,98.1
8754,treatment,2,10,returning,mobile,0,,0,117.6
5804,treatment,3,17,new,mobile,0,,0,138.0
9575,control,3,16,returning,mobile,0,,0,99.8
4302,treatment,3,18,returning,desktop,0,,1,177.8
2112,treatment,2,12,new,mobile,0,,0,85.7
6579,treatment,3,21,returning,mobile,0,,0,153.7
10870,treatment,3,18,returning,desktop,0,,0,210.0
11332,treatment,3,15,new,desktop,0,,0,95.4
9379,control,2,14,returning,desktop,0,,1,149.2
10837,control,3,19,new,desktop,1,117043.04,0,230.0
9691,control,1,1,returning,desktop,0,,0,150.0
9791,control,2,8,returning,mobile,1,135592.05,0,137.8
6022,treatment,3,19,returning,mobile,0,,0,89.1
9631,treatment,1,1,new,mobile,0,,0,98.3
9616,control,1,1,new,mobile,1,224116.07,0,209.0
356,treatment,2,14,returning,mobile,0,,0,136.9
1430,control,3,21,returning,mobile,0,,0,173.9
6949,treatment,2,13,new,mobile,0,,0,133.0
8489,treatment,2,12,returning,mobile,0,,0,189.9
8679,treatment,2,9,returning,mobile,0,,0,173.5
11130,treatment,1,2,new,mobile,1,376014.55,0,153.1
333,treatment,3,21,new,mobile,0,,0,196.9
9039,control,1,3,returning,desktop,0,,0,172.5
10716,control,2,10,returning,mobile,0,,0,160.3
965,treatment,2,11,new,mobile,0,,0,172.8
8099,control,1,4,returning,mobile,0,,0,208.9
4992,treatment,1,7,returning,mobile,0,,0,108.4
3282,control,1,4,new,desktop,0,,0,230.9
7838,treatment,2,14,new,mobile,0,,0,190.1
2545,treatment,1,3,returning,mobile,0,,0,105.3
5362,control,1,1,new,mobile,0,,0,142.4
6721,control,3,21,returning,mobile,0,,0,172.9
2886,control,3,17,new,desktop,0,,0,194.7
9846,treatment,3,19,returning,desktop,0,,0,179.5
2179,control,2,14,new,desktop,1,225558.88,0,225.6
6070,control,1,3,returning,mobile,0,,0,161.4
4902,control,1,1,returning,mobile,0,,0,198.1
4878,treatment,1,3,returning,mobile,0,,0,215.1
3124,control,3,18,returning,mobile,1,84291.09,0,284.1
9621,control,3,15,returning,desktop,0,,0,109.4
1545,control,1,2,returning,mobile,0,,0,231.9
5016,control,1,4,returning,mobile,0,,0,226.4
11409,treatment,2,12,returning,mobile,0,,0,127.7
8607,control,2,9,returning,mobile,0,,0,174.3
4430,control,1,4,returning,desktop,0,,0,166.5
8879,control,3,16,new,mobile,0,,0,141.3
6225,treatment,2,14,new,mobile,0,,0,115.5
7950,treatment,3,15,new,mobile,0,,0,109.0
11369,treatment,3,18,returning,mobile,0,,0,169.5
5420,control,2,12,new,mobile,1,220295.89,0,105.3
6051,control,3,20,returning,desktop,0,,0,182.9
11419,treatment,1,1,new,mobile,0,,0,162.0
10829,treatment,2,14,returning,desktop,0,,0,104.7
7904,treatment,1,4,returning,mobile,0,,0,146.6
1562,treatment,1,5,returning,desktop,1,39983.19,0,126.9
4915,control,3,18,returning,mobile,0,,0,214.8
11299,treatment,2,9,new,desktop,0,,0,167.5
6089,control,2,8,returning,mobile,0,,0,184.4
1096,control,2,11,new,mobile,0,,0,202.5
9590,control,2,13,returning,mobile,0,,0,232.5
3288,control,1,5,returning,desktop,0,,0,183.2
9924,control,3,16,new,desktop,0,,0,183.3
10856,control,2,12,new,mobile,0,,0,204.7
2606,control,3,20,new,mobile,0,,0,175.4
1393,control,3,21,returning,mobile,0,,0,165.2
4490,treatment,2,12,new,mobile,0,,0,111.1
10371,control,1,6,returning,mobile,0,,0,149.4
753,control,2,8,new,mobile,0,,1,148.5
7019,control,1,5,new,desktop,0,,0,235.4
3738,treatment,3,21,returning,mobile,0,,0,132.0
11734,control,2,13,returning,desktop,0,,0,194.6
10238,control,1,2,returning,mobile,0,,0,99.5
3216,treatment,2,10,returning,mobile,0,,0,151.1
6324,control,2,14,returning,mobile,1,1859936.58,1,191.5
1778,control,3,17,returning,mobile,0,,0,159.8
4114,treatment,3,16,returning,desktop,0,,0,110.6
1771,treatment,3,15,new,desktop,0,,1,173.1
10217,treatment,3,19,new,mobile,0,,0,160.4
11674,treatment,3,18,returning,desktop,0,,0,50.2
3023,control,3,21,new,desktop,0,,0,321.5
3013,treatment,3,18,returning,mobile,0,,0,141.4
10944,control,2,12,new,mobile,0,,1,205.6
5503,control,1,7,new,mobile,0,,0,213.1
8056,treatment,1,2,returning,desktop,0,,0,172.2
4348,treatment,3,16,returning,mobile,0,,0,83.0
4408,control,2,11,new,desktop,1,182046.87,0,208.3
528,treatment,1,1,returning,mobile,0,,0,162.6
9744,treatment,3,18,new,desktop,0,,0,163.4
11289,control,1,2,returning,desktop,0,,0,88.7
1920,treatment,3,18,returning,mobile,0,,0,123.2
702,control,3,16,returning,mobile,0,,0,118.7
4217,treatment,2,8,new,desktop,1,83035.66,0,147.5
4300,treatment,2,14,returning,mobile,0,,0,89.7
11018,control,2,12,new,desktop,0,,0,263.1
1299,treatment,2,12,returning,desktop,0,,0,218.5
1353,control,3,20,new,mobile,0,,0,217.2
2927,treatment,2,12,returning,desktop,0,,0,100.0
9333,control,3,15,returning,mobile,1,392164.16,0,121.5
1288,control,3,18,new,desktop,0,,0,249.1
5520,treatment,3,18,new,mobile,0,,0,74.6
9825,control,1,4,returning,desktop,1,125232.36,0,274.0
5858,treatment,2,11,returning,mobile,0,,0,127.1
11510,control,3,18,returning,mobile,0,,0,146.7
2014,control,3,18,new,mobile,0,,0,205.7
10298,control,3,21,new,desktop,0,,0,238.6
4398,treatment,2,8,new,mobile,1,281101.99,0,239.8
7967,treatment,2,12,new,mobile,0,,0,167.5
2148,treatment,3,18,returning,desktop,1,200972.99,0,119.7
5534,control,1,3,returning,desktop,0,,0,215.6
5962,control,3,20,returning,mobile,0,,0,222.2
8540,control,1,2,new,mobile,0,,0,288.7
6214,treatment,1,1,returning,desktop,0,,0,204.0
8583,treatment,1,2,new,desktop,0,,0,177.7
7306,control,1,7,new,mobile,0,,0,178.0
7860,treatment,1,5,new,mobile,0,,0,144.4
6435,treatment,3,16,returning,mobile,0,,0,101.8
9160,control,1,4,returning,mobile,0,,0,241.9
811,control,3,17,new,mobile,1,2248659.09,0,113.3
11455,treatment,1,5,returning,mobile,0,,1,221.0
2074,treatment,2,12,returning,desktop,0,,0,107.1
8363,control,3,16,returning,mobile,1,204763.2,0,279.2
8812,treatment,3,16,returning,desktop,1,156139.82,0,124.6
886,control,3,19,returning,desktop,0,,0,213.7
1478,treatment,2,13,returning,desktop,0,,0,128.4
1791,treatment,2,9,new,mobile,0,,0,79.7
5221,control,3,17,returning,mobile,0,,0,156.7
2009,control,3,16,returning,mobile,1,85569.33,0,175.6
8766,control,3,15,new,mobile,0,,0,115.8
683,control,1,3,returning,desktop,0,,0,248.6
3896,treatment,3,21,new,desktop,0,,0,98.4
7485,control,1,6,new,mobile,1,225603.71,0,153.3
7663,treatment,2,13,returning,mobile,0,,0,158.8
4292,control,1,5,returning,mobile,0,,0,158.1
58,treatment,3,19,returning,mobile,0,,0,99.5
10909,treatment,1,2,returning,desktop,0,,0,114.1
2400,treatment,3,20,returning,mobile,0,,0,157.7
11723,treatment,1,6,returning,mobile,0,,0,108.7
11547,treatment,1,6,new,mobile,0,,0,183.2
7384,control,3,17,new,mobile,0,,0,152.9
6078,control,2,12,new,mobile,0,,0,147.6
6731,treatment,3,20,returning,desktop,0,,0,139.8
1469,treatment,1,3,returning,mobile,1,186648.15,0,175.9
1417,treatment,3,21,returning,mobile,0,,0,121.9
8015,control,1,2,returning,mobile,0,,0,223.8
2359,treatment,1,4,new,mobile,0,,0,180.7
6868,control,3,20,returning,desktop,0,,0,215.0
4620,treatment,3,19,returning,mobile,1,191833.54,0,24.7
10424,control,2,10,new,mobile,0,,0,233.4
10167,treatment,2,11,new,desktop,0,,0,111.5
9174,control,3,18,new,mobile,0,,0,185.7
3870,control,3,21,returning,mobile,0,,0,217.7
11504,treatment,2,14,new,mobile,0,,0,94.2
4282,control,3,21,returning,desktop,0,,0,178.7
6217,treatment,3,18,returning,mobile,0,,0,120.8
8465,treatment,1,3,new,desktop,1,169821.13,0,55.6
9453,treatment,2,10,returning,mobile,0,,0,166.9
1056,treatment,1,3,new,mobile,0,,0,172.1
2282,control,1,3,returning,mobile,0,,0,181.1
9296,control,3,19,new,mobile,0,,0,226.7
1925,control,2,13,returning,mobile,1,258194.99,0,243.4
10833,control,1,4,returning,mobile,0,,0,192.8
1076,control,3,19,new,desktop,0,,0,174.8
1116,control,3,20,returning,mobile,1,93292.32,0,154.0
3937,control,3,20,returning,desktop,0,,0,136.7
3534,control,3,15,returning,desktop,0,,0,150.6
6506,control,2,9,returning,desktop,1,299165.98,0,186.8
461,treatment,3,20,new,desktop,0,,0,134.9
3033,control,1,2,returning,mobile,0,,0,139.7
4208,control,1,3,new,mobile,0,,0,239.4
10724,control,2,13,returning,desktop,0,,0,188.7
1453,treatment,2,10,returning,mobile,1,102871.51,0,221.8
2150,control,3,16,new,mobile,0,,0,226.1
320,treatment,3,18,returning,mobile,0,,0,189.5
6168,control,3,16,returning,mobile,0,,0,201.0
1923,control,2,10,new,desktop,0,,0,228.1
8343,treatment,3,20,returning,mobile,0,,0,173.7
10655,control,3,17,returning,desktop,1,100403.67,0,190.4
5323,treatment,3,19,returning,mobile,0,,0,223.5
11888,control,2,8,returning,mobile,0,,0,230.9
6313,treatment,2,10,returning,mobile,0,,0,65.5
2130,control,1,5,returning,desktop,1,121076.46,0,104.4
5093,control,3,17,returning,mobile,1,154968.41,0,190.8
8680,treatment,1,2,returning,mobile,1,118791.17,0,174.3
10595,treatment,2,14,returning,desktop,1,145812.25,0,146.5
1053,control,1,7,returning,mobile,0,,0,165.5
5747,control,3,15,new,mobile,0,,0,192.4
8729,control,3,18,returning,desktop,0,,0,244.2
4068,treatment,3,16,new,mobile,0,,0,212.3
1457,control,1,2,new,desktop,1,443856.54,0,237.7
10311,control,3,15,returning,desktop,0,,0,278.4
362,control,2,14,new,desktop,0,,0,164.3
11873,treatment,3,20,returning,mobile,0,,0,175.2
3146,treatment,1,7,returning,mobile,0,,0,45.7
9510,control,3,17,new,mobile,0,,0,225.4
6665,control,2,9,returning,desktop,0,,0,210.0
6182,treatment,1,3,returning,mobile,1,375115.5,0,169.3
8362,treatment,1,1,new,desktop,0,,0,138.5
5853,control,1,2,returning,mobile,1,87581.86,0,285.7
7298,control,2,11,new,mobile,0,,0,180.8
541,treatment,1,2,returning,mobile,0,,0,176.3
7022,treatment,2,8,new,desktop,0,,0,136.6
10156,control,1,2,new,desktop,0,,0,209.0
6283,control,3,18,new,mobile,0,,1,178.1
10824,control,3,17,new,desktop,0,,0,180.7
755,treatment,3,17,returning,mobile,0,,0,158.3
5205,control,1,4,new,mobile,1,174199.96,0,204.0
2004,treatment,1,5,new,desktop,0,,0,211.3
2543,control,2,12,returning,desktop,0,,0,171.8
5698,treatment,3,20,new,desktop,0,,1,151.4
10621,control,2,9,returning,mobile,0,,0,119.5
5175,control,2,14,new,mobile,0,,0,217.9
4272,control,3,19,new,mobile,0,,0,167.3
101,treatment,1,6,returning,mobile,0,,0,151.5
6673,treatment,1,3,new,desktop,0,,0,130.8
602,treatment,3,21,returning,mobile,0,,0,179.5
10694,control,1,2,returning,desktop,1,147563.37,0,96.6
4526,treatment,2,13,new,mobile,0,,0,113.5
7175,control,3,16,new,mobile,0,,0,184.5
1045,control,3,18,returning,mobile,0,,1,136.1
9304,treatment,3,16,new,mobile,0,,1,92.7
1558,control,3,17,new,desktop,0,,0,149.3
1488,control,1,4,returning,desktop,0,,0,124.9
8425,control,3,19,returning,mobile,0,,0,175.0
11025,control,2,8,returning,desktop,0,,0,217.2
6147,treatment,3,18,new,mobile,0,,0,174.8
2116,treatment,1,7,returning,mobile,1,214310.18,0,162.9
8452,control,2,13,new,mobile,0,,0,205.7
619,control,1,6,returning,desktop,0,,0,210.7
4865,treatment,3,18,new,desktop,0,,0,169.8
5439,treatment,1,3,new,mobile,0,,0,132.7
3397,control,3,16,new,desktop,0,,0,227.5
1601,treatment,2,14,new,mobile,0,,0,132.3
8240,control,2,10,returning,desktop,0,,0,135.4
10564,control,1,3,returning,desktop,1,169730.6,0,207.9
1616,control,1,4,new,mobile,0,,0,191.3
1753,treatment,3,19,new,mobile,0,,0,197.2
5767,control,2,13,returning,mobile,1,183682.95,1,197.4
2084,control,2,11,returning,desktop,0,,0,209.2
5141,treatment,3,20,new,desktop,0,,0,116.9
8618,treatment,3,16,returning,mobile,0,,0,86.7
9550,control,2,12,new,mobile,0,,0,198.6
6640,control,3,17,new,desktop,0,,0,317.8
8971,treatment,3,19,new,mobile,0,,0,223.4
676,control,1,7,returning,desktop,0,,0,219.3
2546,control,2,8,returning,desktop,0,,0,162.7
11747,control,1,2,returning,mobile,0,,0,210.0
4000,control,2,12,returning,desktop,0,,0,138.8
11392,control,1,4,returning,mobile,0,,0,161.5
176,control,1,7,returning,desktop,0,,0,186.5
5505,treatment,2,13,returning,mobile,0,,0,96.8
3610,control,2,13,returning,mobile,0,,0,182.7
11346,treatment,3,18,new,mobile,0,,0,63.4
3788,control,1,2,returning,mobile,0,,0,146.9
2226,control,3,15,returning,mobile,0,,0,164.8
7043,control,3,20,returning,desktop,0,,0,194.4
5818,control,1,7,returning,mobile,0,,0,100.1
1127,treatment,2,12,returning,mobile,0,,0,142.3
9285,control,3,16,new,desktop,0,,0,168.6
6081,control,3,21,returning,desktop,0,,0,215.8
2442,control,2,8,new,mobile,0,,0,208.8
1323,control,3,15,new,mobile,0,,0,161.7
1604,treatment,1,5,new,mobile,1,128827.52,1,138.3
4211,treatment,3,17,returning,mobile,1,67580.09,0,154.3
9355,treatment,1,5,new,desktop,0,,0,116.5
10326,control,3,21,new,mobile,0,,0,188.2
4066,treatment,3,19,new,mobile,0,,0,154.9
11598,control,2,10,new,mobile,0,,0,224.3
11269,control,2,10,new,mobile,0,,0,114.8
8525,control,2,14,returning,mobile,0,,0,130.3
4541,control,3,15,returning,mobile,0,,0,141.2
4072,treatment,2,13,new,mobile,0,,0,76.8
1508,control,3,17,new,mobile,0,,0,141.4
1560,treatment,3,16,returning,mobile,0,,0,143.9
5351,treatment,1,6,returning,mobile,0,,0,179.8
4420,treatment,1,3,returning,mobile,0,,0,108.3
11837,treatment,2,13,new,mobile,0,,0,75.4
11493,control,1,4,returning,mobile,0,,0,190.9
4986,control,2,12,returning,desktop,0,,0,268.0
1837,control,3,19,returning,mobile,0,,0,143.5
1355,treatment,3,15,returning,desktop,0,,0,145.4
9614,control,1,6,new,mobile,0,,0,144.5
4901,control,1,2,new,desktop,0,,0,197.0
11342,control,1,5,returning,desktop,0,,0,148.5
9892,treatment,3,18,returning,mobile,0,,0,127.5
4033,treatment,1,5,returning,desktop,0,,0,188.6
6746,control,3,20,returning,mobile,0,,0,263.3
7210,treatment,3,20,returning,mobile,0,,0,91.1
8479,control,2,10,returning,mobile,0,,0,110.0
7504,control,3,17,returning,mobile,0,,0,181.8
2252,treatment,1,1,returning,mobile,0,,0,223.9
1026,control,1,6,returning,desktop,0,,1,157.9
8019,control,3,19,new,mobile,0,,0,235.9
5550,control,1,6,returning,mobile,0,,0,215.9
9486,control,2,8,returning,mobile,0,,0,123.8
7566,treatment,2,14,new,desktop,1,667677.95,0,80.6
3398,control,1,1,returning,desktop,0,,0,182.4
314,control,2,11,returning,desktop,0,,0,210.6
7400,treatment,2,10,returning,desktop,0,,0,152.5
5737,treatment,1,1,new,desktop,0,,0,182.4
9263,treatment,1,1,returning,mobile,0,,0,217.8
8272,control,3,17,new,desktop,0,,0,171.8
8813,treatment,1,7,returning,desktop,0,,0,152.7
11213,control,2,9,returning,mobile,1,187735.1,0,126.8
2971,control,3,20,new,desktop,0,,0,199.2
5304,control,2,10,returning,desktop,1,349931.2,0,88.1
5810,treatment,3,16,new,mobile,0,,0,179.1
3886,control,2,11,returning,mobile,0,,0,165.0
11524,control,2,12,returning,desktop,0,,0,88.9
11903,control,1,7,returning,mobile,0,,0,291.2
6002,control,3,17,returning,mobile,0,,0,125.7
8595,control,2,13,new,mobile,0,,1,171.5
11266,control,1,6,new,desktop,0,,0,290.5
4970,treatment,2,13,returning,mobile,0,,0,124.9
9028,treatment,2,14,new,mobile,0,,0,140.2
8900,control,1,6,returning,desktop,0,,0,134.8
9388,treatment,3,19,new,mobile,0,,0,169.7
1841,control,1,7,new,desktop,0,,0,163.6
10897,control,1,5,returning,mobile,0,,0,202.4
11862,treatment,2,13,returning,mobile,0,,0,194.1
3674,control,2,10,new,mobile,0,,0,232.3
5174,control,1,2,returning,mobile,0,,1,211.1
10383,control,2,12,returning,mobile,0,,0,191.3
11970,control,1,3,new,mobile,0,,0,266.8
3321,control,3,20,new,mobile,0,,0,168.3
2273,treatment,3,20,returning,mobile,1,173401.15,0,164.1
4255,treatment,1,2,new,mobile,0,,0,102.2
848,treatment,3,15,returning,mobile,0,,0,205.2
4875,treatment,3,20,returning,mobile,0,,0,98.2
5995,treatment,1,5,new,mobile,0,,1,135.4
5724,treatment,1,2,returning,desktop,0,,0,143.8
5689,treatment,3,20,returning,mobile,0,,0,131.7
5910,control,3,17,new,mobile,0,,0,176.6
1418,treatment,2,14,returning,mobile,0,,0,105.0
10365,control,3,15,returning,mobile,0,,0,165.8
3849,control,3,17,new,mobile,0,,0,212.5
605,treatment,1,7,returning,desktop,0,,0,149.1
11434,treatment,2,12,returning,desktop,1,116178.78,1,103.8
2079,control,2,8,returning,desktop,0,,0,205.6
9665,control,1,7,returning,mobile,0,,0,224.4
2312,control,1,7,returning,desktop,0,,0,229.0
4344,control,1,4,new,mobile,0,,0,188.5
6256,treatment,1,7,new,desktop,0,,0,60.0
1983,treatment,3,15,new,desktop,0,,0,210.9
200,control,3,16,returning,desktop,0,,0,150.4
486,control,2,14,returning,desktop,0,,0,160.1
3271,treatment,1,1,returning,mobile,0,,0,139.2
2824,treatment,3,21,new,mobile,0,,0,191.7
3246,treatment,3,15,new,mobile,0,,1,163.8
10486,treatment,1,6,returning,mobile,0,,1,72.3
5332,treatment,1,7,returning,mobile,0,,0,114.5
3750,control,2,8,new,desktop,0,,0,104.2
7473,control,2,10,returning,mobile,0,,0,205.2
6700,treatment,2,12,returning,desktop,0,,0,92.6
9794,control,3,15,returning,desktop,0,,0,193.0
2795,treatment,2,11,returning,mobile,0,,0,150.2
7783,treatment,1,5,returning,desktop,1,149830.37,0,145.5
9812,control,1,7,new,mobile,0,,0,149.6
8295,treatment,1,7,returning,desktop,1,201116.54,0,88.4
525,control,2,12,new,desktop,0,,0,190.0
948,treatment,2,11,returning,mobile,1,154120.55,0,187.6
9270,treatment,1,4,returning,desktop,0,,0,138.3
10394,treatment,1,7,returning,mobile,0,,0,75.4
1281,control,1,1,returning,mobile,0,,0,209.0
123,control,1,2,returning,desktop,0,,0,216.8
4367,control,2,9,new,mobile,0,,0,223.2
5438,control,2,11,new,desktop,0,,0,205.9
5088,control,1,3,returning,desktop,1,331345.06,0,262.7
2303,control,2,9,returning,mobile,0,,0,171.8
10893,treatment,2,8,returning,desktop,0,,0,215.3
9030,control,3,17,new,mobile,1,407516.92,0,234.8
1006,control,2,10,returning,mobile,0,,0,155.7
3461,control,3,19,new,mobile,0,,0,129.2
4485,treatment,3,21,returning,mobile,0,,0,129.0
8998,control,3,16,returning,mobile,0,,1,257.5
10772,control,1,6,returning,mobile,0,,0,215.7
3056,control,3,17,returning,desktop,0,,0,145.4
3567,treatment,3,19,new,desktop,0,,0,100.7
11770,control,3,19,returning,desktop,0,,0,204.4
2133,treatment,3,20,new,desktop,0,,0,66.1
11956,treatment,1,1,new,desktop,0,,0,207.7
5472,control,1,7,returning,mobile,0,,0,206.4
4961,control,3,21,returning,mobile,0,,0,175.1
230,control,2,8,new,mobile,0,,0,184.5
6162,treatment,3,21,new,desktop,0,,0,97.3
4002,control,2,10,new,mobile,0,,0,208.4
10953,control,3,21,returning,desktop,0,,0,215.5
8427,treatment,3,20,returning,mobile,0,,0,149.2
7067,treatment,2,14,new,mobile,0,,0,101.6
3008,control,3,18,returning,mobile,0,,0,295.6
5729,treatment,3,18,new,desktop,0,,0,169.7
4222,control,2,11,returning,mobile,0,,0,229.3
7071,treatment,2,11,new,desktop,0,,0,171.6
6581,treatment,1,7,new,mobile,0,,0,59.0
6438,control,3,19,returning,mobile,0,,0,223.7
2751,control,1,1,new,mobile,0,,0,109.7
7954,control,3,21,returning,mobile,0,,0,209.3
5045,control,3,21,returning,mobile,0,,0,173.2
4377,treatment,1,6,new,desktop,0,,0,181.5
2945,control,3,18,new,mobile,0,,0,268.1
6635,treatment,3,21,returning,mobile,0,,0,134.3
2719,control,1,1,new,mobile,0,,0,200.4
6726,control,3,19,returning,mobile,1,149643.74,0,137.1
6898,control,3,21,returning,mobile,0,,0,173.6
6449,treatment,2,8,returning,mobile,0,,0,106.2
6028,control,1,7,new,mobile,0,,0,171.2
8186,treatment,3,21,new,desktop,0,,0,109.1
7357,treatment,1,4,new,mobile,0,,0,130.6
4162,control,1,5,returning,desktop,1,125109.05,0,279.6
10220,treatment,2,12,returning,mobile,0,,0,248.2
9243,control,1,1,returning,mobile,0,,0,90.3
6888,control,1,5,returning,mobile,0,,0,190.2
9876,control,3,20,new,mobile,1,46969.0,0,261.5
9759,control,2,13,returning,mobile,1,189814.82,0,195.6
10530,treatment,1,2,returning,mobile,0,,0,81.4
10622,control,1,2,returning,mobile,1,94008.64,0,131.7
5958,control,3,16,new,mobile,0,,0,231.8
1018,treatment,2,8,returning,desktop,0,,0,138.4
5067,treatment,1,7,returning,mobile,0,,0,205.8
11505,treatment,3,17,returning,mobile,1,245778.63,0,130.9
1929,control,3,20,returning,mobile,0,,0,188.9
351,treatment,3,21,new,desktop,0,,0,101.0
8949,control,1,5,new,mobile,0,,0,145.6
11205,control,3,21,returning,desktop,0,,0,221.2
9035,control,2,14,returning,desktop,0,,0,173.6
7378,treatment,3,17,new,mobile,0,,0,132.1
7835,treatment,3,19,returning,desktop,0,,0,141.3
7289,treatment,1,6,new,mobile,0,,0,223.7
565,treatment,2,14,new,mobile,0,,0,186.4
1583,control,2,11,returning,desktop,0,,0,218.5
2176,treatment,2,11,returning,mobile,0,,0,156.7
10334,control,2,12,returning,mobile,0,,1,147.8
7792,treatment,2,8,returning,mobile,0,,0,190.0
3934,control,3,16,returning,mobile,0,,0,177.0
2708,control,2,13,returning,mobile,1,445414.06,0,210.9
11848,treatment,1,2,returning,mobile,0,,0,90.9
8516,treatment,1,7,returning,mobile,0,,0,130.6
3536,treatment,1,3,returning,mobile,1,82233.8,0,165.3
10797,control,3,20,returning,desktop,0,,0,266.1
7309,control,2,12,returning,mobile,0,,0,227.1
11459,treatment,1,7,returning,mobile,1,186771.75,0,170.4
3740,control,2,8,new,desktop,0,,0,125.1
9390,control,1,2,new,desktop,0,,0,191.7
822,treatment,1,7,returning,mobile,1,222550.77,0,170.3
2064,control,2,11,returning,mobile,0,,0,201.6
8031,treatment,1,1,returning,mobile,0,,0,99.7
82,control,3,21,new,mobile,0,,0,251.7
7655,control,2,14,new,desktop,0,,0,227.8
2698,control,3,18,returning,mobile,1,149572.88,0,200.0
832,treatment,2,12,returning,mobile,0,,0,177.8
3827,control,2,13,returning,desktop,0,,0,269.0
6462,treatment,2,10,new,desktop,0,,0,185.1
2834,treatment,1,6,returning,mobile,0,,0,138.3
10199,treatment,1,7,new,desktop,0,,0,38.1
11144,control,2,8,returning,desktop,0,,0,217.2
6340,treatment,2,9,returning,desktop,0,,0,147.0
49,treatment,2,8,returning,mobile,0,,0,98.0
11743,treatment,2,14,new,mobile,0,,0,133.1
7908,treatment,1,5,new,desktop,0,,0,133.4
6952,treatment,2,12,new,mobile,0,,0,126.2
9226,treatment,1,3,returning,desktop,0,,0,172.6
4725,control,3,17,returning,mobile,0,,0,127.0
9025,treatment,2,11,new,desktop,0,,0,180.8
4096,control,1,1,returning,desktop,1,590978.65,0,132.8
2690,treatment,3,18,new,mobile,1,135640.62,0,244.6
6674,control,2,14,returning,mobile,0,,0,127.0
5051,control,2,10,returning,desktop,0,,0,262.7
6276,treatment,1,7,returning,mobile,1,96003.13,0,195.0
2374,control,1,2,new,mobile,1,381038.36,0,328.5
7293,treatment,2,13,returning,mobile,0,,0,143.8
2759,treatment,1,2,new,desktop,0,,0,143.2
7277,control,1,1,returning,mobile,0,,0,148.0
11777,control,1,3,new,mobile,0,,0,208.8
5583,control,2,11,new,mobile,0,,0,161.1
10891,control,2,9,returning,mobile,0,,0,173.9
3881,treatment,1,5,new,mobile,0,,0,170.3
11791,treatment,3,16,new,mobile,0,,0,134.1
4771,treatment,3,20,returning,mobile,0,,0,231.3
11003,treatment,1,4,returning,mobile,0,,0,147.1
5236,treatment,1,1,returning,desktop,0,,0,120.8
6450,treatment,2,13,new,mobile,0,,0,108.2
3946,treatment,1,7,new,mobile,0,,0,134.3
9479,control,3,21,returning,desktop,0,,0,250.5
2165,treatment,1,2,new,desktop,0,,0,158.0
2887,control,2,12,returning,mobile,0,,0,200.2
11463,treatment,1,6,returning,mobile,0,,1,106.8
10506,treatment,3,20,returning,mobile,0,,0,86.6
517,control,2,12,new,mobile,1,482231.43,0,127.6
11035,treatment,2,12,new,mobile,0,,0,165.6
11138,treatment,1,7,returning,mobile,0,,0,120.4
173,control,1,5,returning,desktop,0,,0,205.8
640,treatment,2,11,returning,desktop,0,,0,118.7
11657,control,3,20,returning,mobile,0,,0,228.4
6244,treatment,2,11,new,mobile,0,,0,174.3
1144,treatment,3,16,returning,mobile,1,1232081.21,0,97.2
8642,treatment,3,17,new,mobile,0,,0,149.5
7333,control,3,20,new,desktop,0,,0,157.7
10046,control,1,5,returning,desktop,0,,0,227.0
1833,control,2,8,returning,mobile,0,,0,179.3
8748,treatment,1,6,returning,mobile,0,,0,158.3
6129,treatment,3,16,returning,mobile,0,,0,95.0
3687,control,3,19,new,desktop,0,,0,194.3
9967,control,2,9,returning,desktop,0,,1,87.6
11936,treatment,2,14,new,desktop,0,,0,201.3
4538,treatment,3,18,new,mobile,0,,0,99.4
5961,control,2,8,returning,desktop,0,,0,108.8
7321,control,1,1,new,mobile,0,,0,201.3
835,treatment,1,7,returning,desktop,0,,1,138.4
2487,treatment,1,1,new,desktop,0,,0,129.0
8979,treatment,2,8,returning,desktop,0,,0,155.5
7574,control,2,10,returning,mobile,0,,0,95.8
7272,treatment,1,5,returning,mobile,0,,0,88.1
5462,control,1,2,new,desktop,0,,0,287.7
10573,control,1,1,returning,desktop,0,,0,235.4
11011,treatment,1,7,returning,mobile,0,,0,123.4
66,treatment,2,14,new,mobile,0,,1,158.0
5169,control,3,18,new,desktop,0,,0,157.3
4833,treatment,1,5,returning,mobile,1,122513.9,0,61.4
8141,control,1,1,returning,mobile,0,,0,177.2
2025,control,2,12,returning,desktop,0,,0,192.1
6178,control,2,13,returning,mobile,0,,0,166.7
355,control,1,4,new,mobile,0,,0,226.1
10021,control,1,6,returning,desktop,0,,0,196.2
5965,treatment,2,8,returning,desktop,0,,0,78.5
9725,treatment,1,6,returning,mobile,0,,0,128.5
7268,treatment,2,10,new,desktop,0,,0,122.5
6238,treatment,2,12,new,desktop,0,,0,176.7
9969,control,2,12,returning,mobile,0,,0,167.8
4569,treatment,3,21,returning,mobile,0,,0,148.0
3128,control,1,1,returning,mobile,0,,0,200.3
9544,treatment,1,2,new,desktop,1,242156.84,0,63.6
310,control,2,9,returning,mobile,0,,1,211.9
10417,control,3,19,returning,mobile,0,,1,165.7
5757,control,2,12,returning,desktop,1,222231.87,0,222.9
9186,treatment,1,5,returning,mobile,1,136794.74,1,99.3
4355,treatment,3,15,returning,mobile,0,,0,171.1
7477,control,3,18,returning,mobile,0,,0,203.7
5274,treatment,2,14,new,desktop,0,,0,127.0
7394,treatment,2,14,returning,mobile,0,,0,173.2
10728,treatment,3,20,returning,mobile,1,70596.9,0,145.4
2584,control,2,12,returning,desktop,1,403139.85,0,134.8
11104,treatment,3,20,new,mobile,0,,0,252.1
2771,control,1,7,returning,mobile,0,,0,205.1
9535,treatment,2,11,returning,mobile,0,,0,171.4
8170,control,2,12,returning,mobile,0,,0,187.6
8529,treatment,2,10,returning,desktop,0,,0,202.8
3210,control,3,18,returning,desktop,0,,1,178.4
6760,control,1,3,new,mobile,0,,0,190.1
3906,treatment,1,3,returning,mobile,0,,0,141.7
6226,control,3,15,new,mobile,0,,0,99.0
5641,control,3,19,returning,mobile,0,,0,63.3
11091,treatment,3,15,returning,mobile,0,,0,69.5
2380,treatment,2,14,new,mobile,0,,0,95.2
8374,control,2,13,returning,mobile,1,489774.26,0,125.4
11273,treatment,3,15,returning,mobile,1,103169.83,0,112.0
4170,control,3,17,returning,mobile,0,,0,162.8
8100,treatment,2,10,new,desktop,0,,0,177.1
3429,treatment,1,3,new,mobile,0,,0,132.1
4422,control,3,18,returning,desktop,0,,0,204.7
1102,control,1,6,returning,desktop,0,,0,236.2
6030,control,2,13,new,desktop,0,,0,74.0
9706,control,1,2,returning,desktop,0,,0,145.2
11440,treatment,2,12,new,mobile,0,,1,159.6
3251,treatment,3,20,returning,mobile,0,,0,149.4
8049,treatment,1,7,returning,desktop,0,,0,78.3
4141,control,2,10,returning,desktop,0,,0,209.7
3558,treatment,1,1,returning,mobile,0,,0,146.1
12000,treatment,2,10,returning,desktop,0,,0,159.5
119,control,1,6,returning,mobile,0,,0,158.8
2023,control,3,17,returning,mobile,0,,0,194.9
4599,control,3,17,returning,mobile,1,196063.97,0,205.3
4696,treatment,2,9,new,desktop,0,,0,103.5
11953,control,2,11,new,mobile,0,,0,135.6
10393,treatment,2,14,new,mobile,0,,0,155.2
5515,control,2,13,returning,mobile,0,,0,253.1
8623,control,2,9,returning,desktop,1,290952.17,1,161.3
4823,treatment,3,21,new,mobile,0,,0,144.8
5246,treatment,1,1,returning,desktop,0,,0,58.7
4274,treatment,2,14,new,desktop,0,,0,169.8
6075,treatment,2,8,returning,mobile,1,345747.77,0,156.6
88,control,1,4,new,mobile,0,,0,170.1
8426,treatment,2,11,returning,desktop,0,,0,131.9
3383,treatment,3,17,new,mobile,0,,0,135.3
9002,control,3,15,returning,desktop,1,296763.28,0,188.3
404,control,2,8,new,mobile,0,,0,181.0
3351,control,1,2,new,mobile,0,,0,156.2
10022,control,1,4,new,mobile,0,,0,172.2
6437,treatment,1,7,new,mobile,1,98548.93,0,118.2
9159,control,3,17,returning,mobile,0,,0,138.4
2242,control,1,5,new,mobile,1,61238.79,0,198.4
8975,control,3,15,returning,mobile,1,91891.17,0,225.9
9181,control,2,11,returning,mobile,1,129597.48,0,142.2
1028,control,2,12,new,desktop,0,,0,266.0
11643,control,3,20,new,desktop,0,,0,258.8
5903,control,3,15,returning,desktop,0,,1,194.5
2437,treatment,1,7,returning,mobile,1,263054.76,0,63.1
5690,treatment,1,4,new,mobile,1,62143.11,0,134.1
8038,control,2,9,returning,mobile,0,,0,214.7
1279,treatment,1,1,new,desktop,0,,0,212.8
7106,control,1,6,returning,mobile,1,1471191.67,0,191.2
7337,treatment,3,15,returning,mobile,0,,0,172.4
1426,control,2,11,returning,mobile,0,,0,128.4
6626,treatment,1,5,returning,mobile,0,,0,172.3
1503,control,2,10,returning,mobile,0,,1,179.2
11687,control,3,16,returning,mobile,0,,0,224.8
10272,treatment,1,5,new,mobile,0,,0,220.8
9833,treatment,2,11,returning,mobile,0,,0,154.0
10291,control,1,3,returning,desktop,1,174605.02,0,246.5
679,control,1,5,returning,desktop,0,,0,120.6
8360,control,3,20,returning,mobile,0,,0,223.6
8627,control,1,7,new,mobile,0,,0,242.5
6782,control,3,21,returning,desktop,0,,0,287.1
5685,control,2,10,returning,desktop,0,,0,159.7
1071,treatment,2,8,returning,desktop,0,,0,126.4
7953,treatment,2,9,returning,mobile,0,,0,192.5
2481,treatment,3,18,returning,desktop,0,,0,83.8
9972,control,1,1,returning,desktop,0,,1,94.3
3393,treatment,3,19,returning,mobile,0,,0,104.7
1100,control,2,14,new,mobile,0,,0,197.8
6479,control,3,18,new,desktop,0,,0,160.4
7534,control,3,15,new,desktop,0,,0,159.1
419,control,2,8,new,desktop,0,,0,209.0
7002,treatment,3,17,new,desktop,0,,0,132.9
11416,treatment,1,1,returning,desktop,0,,1,215.7
1948,treatment,1,1,returning,mobile,0,,1,118.0
3337,treatment,2,14,returning,mobile,0,,0,160.1
2300,treatment,2,11,returning,mobile,0,,0,190.0
6554,control,3,21,returning,desktop,0,,0,254.8
6557,treatment,2,14,returning,mobile,0,,0,223.5
209,control,1,2,returning,mobile,0,,0,164.7
8319,control,2,11,new,mobile,0,,0,261.2
10867,control,3,17,new,mobile,0,,0,208.3
10403,treatment,2,11,returning,desktop,0,,0,150.7
529,treatment,2,14,returning,mobile,0,,0,163.9
780,treatment,3,15,returning,mobile,0,,0,134.7
723,control,1,3,returning,desktop,0,,0,266.6
10540,treatment,3,21,returning,mobile,0,,0,95.8
1861,treatment,2,10,returning,desktop,1,95628.84,0,116.1
10169,treatment,3,18,returning,desktop,0,,0,136.6
11469,treatment,3,19,returning,mobile,0,,0,123.6
10158,treatment,1,4,returning,mobile,0,,0,58.8
10874,control,3,17,returning,mobile,0,,0,227.0
1993,control,2,9,returning,desktop,0,,0,178.4
2333,treatment,1,5,returning,desktop,0,,0,99.8
7539,control,1,5,returning,mobile,1,212781.79,0,171.8
7691,control,2,8,returning,desktop,0,,0,171.8
5655,control,1,5,new,desktop,0,,0,223.2
3460,treatment,2,8,returning,mobile,0,,0,84.7
5497,treatment,3,19,returning,desktop,0,,0,144.4
5382,treatment,2,10,new,mobile,0,,0,87.0
6718,treatment,1,3,new,mobile,0,,0,106.6
9072,control,1,5,returning,desktop,0,,0,156.3
4519,treatment,2,8,new,desktop,0,,0,145.3
5265,control,3,15,returning,desktop,1,189966.93,0,243.5
11587,treatment,1,5,returning,mobile,0,,0,81.4
9998,control,2,14,new,desktop,0,,0,182.0
258,control,1,7,new,desktop,0,,0,141.8
9143,control,3,20,returning,desktop,0,,0,123.7
9082,control,3,17,returning,desktop,0,,0,140.1
10330,treatment,2,8,new,mobile,0,,0,120.3
11281,control,2,11,returning,desktop,0,,0,199.7
11396,treatment,2,9,returning,desktop,1,143978.16,0,86.1
3626,treatment,2,10,new,desktop,0,,0,91.8
703,control,3,20,returning,desktop,0,,0,110.1
3190,control,1,2,returning,mobile,0,,0,189.8
504,treatment,3,16,new,mobile,0,,0,168.2
10575,treatment,3,20,returning,desktop,1,130924.14,0,63.4
8157,treatment,1,7,returning,desktop,0,,0,108.8
7307,control,1,2,new,mobile,0,,0,259.8
2249,control,1,2,returning,mobile,0,,0,219.3
373,control,1,4,returning,desktop,0,,0,161.5
4053,treatment,3,17,returning,mobile,0,,1,59.0
3938,treatment,2,8,returning,desktop,0,,0,149.7
11871,control,2,12,new,mobile,1,233240.68,0,101.5
4077,treatment,1,5,new,mobile,0,,0,196.6
998,control,2,9,returning,mobile,0,,0,185.0
4333,control,3,21,new,desktop,0,,0,189.9
10276,control,3,20,returning,mobile,1,609934.07,0,88.9
1177,control,2,13,returning,mobile,0,,0,151.7
11622,control,1,5,new,mobile,0,,0,233.9
552,control,2,9,returning,desktop,0,,0,196.3
4373,treatment,3,18,returning,desktop,0,,0,174.2
3498,treatment,1,1,new,mobile,0,,0,105.6
5150,control,1,2,returning,mobile,0,,0,221.8
4820,treatment,2,14,new,mobile,0,,0,244.0
11007,treatment,3,16,new,mobile,0,,0,191.1
6923,control,3,18,new,desktop,1,115359.9,0,208.3
7770,treatment,1,3,returning,mobile,0,,0,160.5
9792,control,2,8,returning,mobile,0,,0,199.7
7211,treatment,3,17,new,mobile,0,,0,89.7
10650,control,1,7,returning,mobile,0,,0,201.4
694,control,1,2,returning,desktop,0,,0,129.0
2534,control,1,6,returning,mobile,0,,0,160.1
3444,control,1,7,new,mobile,0,,0,108.1
983,treatment,3,15,new,mobile,0,,0,175.3
9501,treatment,1,7,returning,mobile,1,65288.35,0,55.1
11292,control,3,20,new,mobile,0,,0,168.0
4223,control,2,9,new,desktop,0,,0,120.0
92,treatment,1,5,new,mobile,0,,0,222.9
2267,treatment,3,21,new,desktop,0,,0,149.7
8604,treatment,3,16,returning,desktop,1,230092.17,0,139.3
8650,treatment,1,5,returning,mobile,0,,0,137.0
262,treatment,2,13,new,mobile,0,,0,71.7
3338,treatment,1,3,returning,desktop,0,,0,147.2
7500,control,3,20,new,mobile,1,371694.39,0,128.7
8700,control,3,16,returning,mobile,0,,0,295.5
6625,control,2,12,new,mobile,0,,0,122.7
446,treatment,1,4,returning,mobile,0,,0,193.3
3556,treatment,2,9,returning,mobile,0,,0,149.5
2195,treatment,3,21,new,mobile,0,,0,149.8
11494,control,3,21,new,desktop,0,,0,157.8
6876,treatment,2,10,new,desktop,0,,0,128.4
2868,treatment,1,4,returning,mobile,0,,0,98.9
2527,treatment,3,15,returning,mobile,1,359721.19,0,108.2
9983,treatment,3,15,new,mobile,0,,0,164.8
5373,control,3,18,returning,mobile,0,,0,182.0
8078,control,2,12,returning,desktop,0,,0,199.6
1169,treatment,2,9,returning,mobile,0,,0,95.9
4145,control,3,21,returning,mobile,0,,0,189.3
85,control,3,17,returning,mobile,0,,1,255.5
3150,control,3,19,new,mobile,0,,0,156.1
8027,control,2,14,returning,mobile,0,,0,178.1
881,control,1,3,returning,mobile,0,,0,145.9
6725,control,1,5,new,mobile,1,77807.65,0,256.9
7392,control,1,4,new,mobile,0,,0,222.6
1468,control,3,20,new,mobile,0,,0,198.2
8777,control,2,10,new,mobile,0,,0,185.6
6928,treatment,2,13,returning,mobile,0,,0,99.7
9845,control,3,17,new,mobile,0,,0,150.2
4327,control,2,14,new,mobile,0,,0,197.5
4045,control,3,18,returning,mobile,0,,0,175.6
4138,treatment,1,7,returning,mobile,0,,0,225.7
3040,treatment,3,19,new,mobile,0,,0,144.5
10611,control,2,13,new,desktop,0,,0,240.3
5852,treatment,2,9,returning,mobile,0,,0,140.2
580,control,2,10,new,mobile,0,,0,150.8
8421,control,2,11,returning,mobile,0,,0,208.7
8834,treatment,2,10,new,mobile,1,122607.6,0,176.0
5115,control,1,3,new,desktop,0,,0,220.3
9450,control,2,10,returning,desktop,0,,0,112.7
8132,treatment,3,16,returning,desktop,0,,0,65.7
4158,control,3,18,new,mobile,0,,0,195.3
5774,treatment,1,2,new,desktop,0,,0,92.2
414,treatment,3,15,new,mobile,0,,0,169.9
403,treatment,2,11,returning,mobile,0,,0,214.4
4429,control,1,1,new,mobile,0,,0,175.4
2085,treatment,3,21,new,mobile,0,,0,109.4
3058,control,3,15,returning,mobile,0,,0,171.6
8989,control,2,10,new,mobile,0,,1,160.7
165,treatment,1,6,returning,desktop,1,138847.85,0,162.9
10699,treatment,1,6,new,mobile,0,,0,111.7
4303,treatment,2,9,returning,desktop,0,,0,21.8
9858,treatment,1,6,returning,desktop,0,,0,195.5
8973,treatment,2,11,returning,mobile,0,,0,135.3
3318,control,1,1,new,mobile,0,,0,235.9
9618,control,2,14,returning,mobile,0,,0,218.5
3935,control,1,5,new,mobile,0,,0,178.4
7896,treatment,3,20,returning,mobile,1,368211.35,0,129.5
1335,treatment,2,12,new,mobile,0,,0,94.6
9227,treatment,2,11,new,mobile,0,,0,166.9
754,control,1,6,new,mobile,0,,0,101.6
3065,control,2,10,new,desktop,0,,0,161.2
707,treatment,1,2,returning,mobile,0,,0,109.7
3492,control,1,1,returning,desktop,0,,0,248.7
4574,control,1,5,new,desktop,0,,0,120.0
4869,control,1,2,returning,mobile,0,,0,220.1
3152,treatment,3,20,new,desktop,0,,0,109.4
11221,control,1,1,new,mobile,1,296826.93,0,118.4
3800,control,3,21,new,mobile,0,,0,220.2
4023,control,3,18,returning,mobile,0,,0,270.7
1075,treatment,1,4,returning,mobile,0,,0,111.7
7866,control,2,14,returning,mobile,0,,0,197.0
3439,control,3,18,returning,mobile,0,,0,151.8
6879,treatment,2,12,returning,mobile,1,402582.14,0,113.4
8021,control,3,18,new,mobile,0,,0,120.3
7361,control,3,21,returning,desktop,0,,0,270.6
2430,treatment,3,18,returning,mobile,1,70352.77,0,172.5
247,treatment,2,10,returning,desktop,0,,0,109.3
3816,control,3,18,returning,mobile,0,,0,174.8
5495,treatment,2,8,new,mobile,1,543294.07,0,157.8
3633,treatment,1,7,returning,desktop,0,,0,117.3
7817,treatment,1,7,returning,mobile,0,,0,165.2
2263,control,1,7,returning,mobile,0,,1,226.6
2247,control,2,9,returning,mobile,0,,0,209.0
836,treatment,1,5,new,desktop,0,,0,137.1
433,treatment,1,5,returning,mobile,0,,0,149.9
5118,treatment,1,3,returning,desktop,0,,0,149.5
1174,treatment,2,9,new,desktop,0,,0,142.1
5482,control,1,3,new,mobile,0,,0,249.1
4657,treatment,2,12,new,mobile,0,,0,167.1
7220,control,1,1,new,desktop,0,,0,141.1
7912,control,2,12,returning,mobile,0,,0,90.2
10761,control,3,18,new,desktop,0,,0,227.0
11738,treatment,1,3,returning,mobile,0,,0,175.0
5750,treatment,2,12,new,desktop,0,,0,134.4
9264,treatment,1,3,returning,mobile,0,,0,34.9
5160,control,2,11,new,mobile,0,,1,243.6
3408,control,1,3,returning,mobile,0,,1,156.4
2730,treatment,2,8,returning,mobile,0,,0,184.2
11879,control,2,9,new,desktop,0,,0,169.8
434,treatment,3,19,returning,mobile,0,,0,173.9
11883,treatment,1,3,returning,mobile,0,,0,102.5
9096,treatment,1,3,returning,mobile,0,,0,173.4
10900,control,2,13,returning,mobile,0,,0,244.6
7029,treatment,1,7,returning,mobile,0,,0,156.3
7355,control,3,18,new,mobile,0,,0,154.7
7913,control,1,3,new,mobile,0,,1,155.3
9597,control,2,8,new,mobile,0,,0,184.7
4003,treatment,1,1,new,mobile,0,,0,123.9
7729,treatment,1,5,returning,mobile,0,,0,149.0
1333,treatment,2,10,new,mobile,0,,0,123.2
7592,treatment,3,21,returning,desktop,0,,0,162.2
6111,control,3,21,returning,mobile,0,,0,108.4
5303,treatment,2,8,new,desktop,0,,0,40.7
1444,control,3,15,returning,mobile,0,,0,229.9
6769,treatment,3,16,returning,mobile,0,,0,126.4
4996,control,1,5,returning,desktop,0,,0,155.0
4311,treatment,3,18,returning,mobile,0,,0,86.4
4900,treatment,2,9,new,mobile,0,,0,122.7
11474,control,3,21,returning,mobile,0,,0,268.7
6504,treatment,1,6,returning,mobile,0,,0,165.9
10384,treatment,3,15,returning,desktop,1,129962.77,0,96.4
2570,treatment,3,21,returning,mobile,0,,0,130.0
10546,treatment,3,20,new,desktop,0,,0,71.7
4278,treatment,3,16,new,desktop,0,,0,107.7
3667,control,3,18,new,mobile,0,,0,181.1
5787,treatment,2,8,new,desktop,0,,0,148.9
2447,control,3,20,new,mobile,0,,0,261.2
4985,control,2,14,new,mobile,0,,0,194.1
3658,control,3,21,returning,desktop,0,,0,236.9
9684,control,3,17,returning,mobile,0,,0,156.2
3173,treatment,2,9,new,mobile,0,,0,100.2
1224,treatment,1,1,returning,mobile,1,502816.01,0,183.8
5548,treatment,3,18,new,mobile,0,,0,97.9
8486,treatment,3,18,new,desktop,1,26494.61,0,165.8
545,control,2,12,returning,mobile,0,,0,208.9
1205,control,2,11,new,mobile,0,,0,230.9
5285,control,3,17,returning,desktop,0,,0,59.0
6072,control,3,21,returning,mobile,0,,0,222.5
10918,treatment,1,1,returning,mobile,0,,0,131.0
2638,control,2,9,new,desktop,0,,0,135.9
11616,control,3,21,returning,desktop,0,,0,193.1
5283,treatment,3,15,returning,mobile,1,171893.64,0,98.7
9980,control,1,6,new,mobile,0,,1,159.0
10585,control,1,5,returning,mobile,0,,0,229.4
10456,treatment,3,15,returning,desktop,0,,0,103.0
878,control,1,7,returning,mobile,0,,0,159.3
9734,control,1,7,returning,mobile,0,,0,155.5
197,treatment,1,3,new,desktop,0,,0,163.7
11692,treatment,3,21,returning,mobile,0,,1,134.7
3384,treatment,3,21,new,mobile,0,,0,169.1
4380,control,2,8,returning,mobile,0,,0,164.7
8283,control,3,17,returning,desktop,0,,1,169.0
11572,treatment,3,16,new,mobile,0,,0,128.9
2998,control,1,6,new,desktop,0,,0,266.1
7252,treatment,1,7,returning,desktop,1,133569.17,0,109.4
2572,treatment,1,3,returning,desktop,0,,0,82.0
5663,treatment,1,5,returning,desktop,0,,0,131.4
11218,control,3,18,returning,mobile,0,,0,163.2
11240,control,2,11,new,mobile,0,,0,202.4
11490,treatment,1,7,returning,mobile,0,,0,56.1
4712,control,2,13,returning,mobile,0,,0,203.6
4164,control,1,7,new,mobile,0,,0,239.7
4979,treatment,3,18,returning,desktop,0,,0,166.9
8198,control,1,6,new,mobile,0,,0,187.6
9021,control,2,10,returning,desktop,0,,0,159.2
2683,control,3,17,new,mobile,0,,0,158.2
5866,control,2,14,new,mobile,0,,0,194.7
2509,treatment,2,13,new,mobile,0,,0,166.4
5191,treatment,2,12,returning,mobile,0,,0,107.5
1511,control,2,9,new,desktop,0,,0,229.4
4315,control,1,4,new,desktop,0,,0,126.2
6968,control,2,11,returning,mobile,0,,0,189.8
1245,control,1,5,returning,mobile,0,,0,233.2
8586,control,1,1,returning,mobile,0,,1,156.1
6131,control,2,8,returning,mobile,0,,0,156.1
10571,treatment,2,13,returning,desktop,0,,1,177.4
4122,treatment,3,21,returning,mobile,0,,0,47.0
11216,control,3,17,returning,desktop,0,,1,218.1
5412,treatment,3,19,new,mobile,0,,0,173.9
6845,treatment,1,7,new,desktop,0,,0,100.6
6278,treatment,3,20,returning,mobile,0,,0,161.1
255,control,1,5,returning,desktop,0,,0,151.9
5237,control,3,20,returning,mobile,0,,0,129.7
4512,treatment,1,7,returning,mobile,0,,0,135.5
6696,control,3,21,returning,mobile,1,212606.16,0,187.7
9905,treatment,1,5,returning,desktop,0,,0,100.0
760,control,2,13,new,mobile,0,,1,301.4
655,treatment,1,3,new,desktop,0,,0,162.2
7291,control,1,1,returning,mobile,0,,0,176.8
3402,treatment,2,8,returning,desktop,0,,0,169.0
1421,treatment,2,14,returning,mobile,0,,0,98.8
3045,treatment,2,11,new,desktop,0,,0,106.1
2831,control,2,12,new,desktop,0,,0,246.3
8058,control,3,17,returning,desktop,1,120216.26,1,183.1
329,treatment,1,6,returning,desktop,0,,0,129.3
254,control,1,3,returning,mobile,0,,0,189.1
6699,treatment,2,11,returning,desktop,1,146871.31,0,26.6
4378,control,1,4,returning,mobile,1,110540.28,0,211.1
3020,control,2,13,new,desktop,0,,0,314.3
3030,control,2,8,new,desktop,0,,0,169.7
2637,control,3,20,new,desktop,0,,0,179.7
8085,control,3,19,new,mobile,0,,0,190.8
6488,treatment,1,1,new,mobile,0,,0,140.2
3019,control,1,4,new,mobile,1,276537.21,0,198.2
2946,control,2,8,new,mobile,0,,0,156.6
3660,control,3,17,new,mobile,1,191423.57,0,121.9
8500,control,1,3,new,mobile,0,,0,171.5
7047,control,2,8,returning,mobile,0,,0,151.7
5897,control,3,19,returning,mobile,0,,1,204.3
2664,control,2,12,new,mobile,0,,0,208.6
9056,treatment,2,9,returning,mobile,0,,1,184.7
1363,treatment,1,2,returning,desktop,0,,0,132.1
9702,control,3,17,new,desktop,0,,0,124.0
3482,treatment,1,3,new,desktop,0,,0,100.5
11554,control,2,10,returning,mobile,0,,0,207.3
10638,treatment,2,8,returning,mobile,1,414311.43,0,205.4
11096,treatment,3,19,returning,mobile,0,,0,109.4
8305,treatment,3,17,returning,mobile,0,,0,112.1
6795,treatment,1,7,returning,mobile,0,,0,48.8
8075,treatment,1,4,returning,mobile,0,,0,136.3
2881,control,1,2,returning,mobile,0,,0,180.4
3382,treatment,1,3,new,mobile,0,,0,110.1
1303,treatment,3,16,new,desktop,1,137062.38,0,218.2
6042,control,3,15,new,mobile,0,,0,171.3
4958,control,2,12,returning,desktop,1,192949.51,0,220.1
4837,control,2,12,new,mobile,0,,0,241.0
11671,control,1,2,returning,mobile,1,110189.0,0,208.9
7144,control,3,18,returning,mobile,0,,0,153.5
9633,control,3,15,new,desktop,0,,0,200.0
7238,treatment,1,5,returning,desktop,0,,0,149.8
943,control,2,10,returning,mobile,0,,1,165.9
3236,control,3,17,new,mobile,0,,0,198.6
3258,control,1,4,returning,desktop,1,300793.38,0,289.7
7865,treatment,3,19,returning,desktop,0,,0,169.8
8890,control,3,19,new,mobile,0,,0,145.4
177,control,2,8,returning,mobile,0,,0,163.3
436,control,2,10,new,mobile,0,,1,104.3
6344,control,2,11,returning,mobile,0,,1,131.1
309,control,2,13,new,mobile,0,,0,188.1
1566,control,3,18,returning,desktop,1,185706.71,0,232.3
3965,control,2,12,returning,mobile,0,,0,256.1
8109,treatment,3,16,new,mobile,0,,0,122.2
6418,control,3,20,returning,desktop,1,168404.07,0,174.4
10527,treatment,3,15,new,mobile,0,,0,149.6
4978,control,3,20,returning,desktop,0,,0,166.5
5844,treatment,2,10,new,desktop,1,419575.15,0,178.8
11442,control,1,2,returning,mobile,0,,0,282.4
596,control,3,17,new,desktop,1,129349.73,0,202.0
9821,treatment,1,6,returning,desktop,0,,0,147.6
4626,treatment,3,17,returning,mobile,0,,0,124.4
8424,treatment,1,1,returning,desktop,0,,0,186.6
9974,control,1,5,new,desktop,1,75618.95,0,145.0
2624,treatment,3,19,new,mobile,0,,0,66.6
4573,control,3,20,returning,desktop,0,,0,157.4
10695,treatment,3,20,returning,desktop,0,,0,219.9
10973,treatment,2,11,returning,mobile,1,767621.13,0,74.0
232,control,3,17,returning,desktop,0,,0,161.6
180,treatment,2,10,new,mobile,0,,0,87.7
738,control,3,19,returning,mobile,1,310402.91,0,190.1
11530,treatment,2,9,new,desktop,1,226113.3,0,82.4
5610,treatment,2,11,returning,desktop,1,293777.49,1,126.7
11949,treatment,1,6,returning,desktop,1,312648.41,0,159.3
8594,control,3,17,new,mobile,0,,0,209.8
5997,treatment,2,10,returning,mobile,1,207194.39,0,178.9
7411,treatment,3,17,returning,mobile,0,,0,219.2
5618,treatment,1,3,returning,mobile,0,,0,189.8
1322,control,1,1,new,mobile,0,,0,248.0
1996,treatment,1,4,returning,mobile,1,365396.56,0,145.6
8792,treatment,2,9,returning,mobile,0,,0,233.1
6483,treatment,2,12,returning,mobile,0,,0,128.2
10475,control,3,17,returning,desktop,0,,0,196.6
801,treatment,3,18,returning,desktop,1,263366.31,0,85.3
11118,control,1,1,returning,mobile,0,,0,268.9
2087,control,1,6,returning,mobile,1,298992.16,0,147.2
7133,control,3,20,returning,mobile,1,737139.33,0,146.0
70,control,2,12,new,mobile,0,,0,204.8
6149,treatment,3,18,returning,desktop,0,,0,70.0
8087,treatment,3,16,returning,mobile,0,,0,146.3
1681,treatment,1,6,returning,mobile,0,,0,116.8
378,control,3,15,new,desktop,0,,0,220.0
1470,control,1,2,new,mobile,1,126637.86,0,238.0
2604,treatment,3,19,returning,mobile,0,,0,214.3
4182,control,3,20,returning,mobile,0,,1,216.3
8613,treatment,1,6,returning,mobile,0,,0,62.7
4506,control,3,17,returning,desktop,0,,0,154.6
4231,treatment,1,1,returning,mobile,0,,0,211.7
3092,treatment,2,13,new,desktop,1,101351.53,0,120.5
2727,treatment,2,9,returning,mobile,0,,0,152.0
478,treatment,2,11,new,mobile,0,,0,131.5
1330,control,2,14,new,mobile,0,,0,118.7
2284,treatment,3,18,new,mobile,0,,0,102.1
3733,treatment,1,2,returning,desktop,1,168683.7,0,171.8
11571,treatment,3,20,new,mobile,0,,0,193.4
752,control,1,4,returning,mobile,0,,0,168.3
5895,control,1,6,returning,mobile,1,114509.51,0,91.7
10080,treatment,3,15,returning,mobile,0,,0,177.3
874,control,3,18,returning,mobile,0,,0,264.9
7613,treatment,2,14,returning,desktop,0,,0,229.9
7464,treatment,1,6,returning,desktop,0,,0,77.7
4565,control,3,15,returning,mobile,0,,0,172.8
1546,control,3,17,new,desktop,1,204057.61,0,191.9
740,control,3,16,returning,desktop,0,,0,111.6
10266,control,3,15,new,desktop,0,,0,75.8
2684,treatment,3,21,returning,mobile,0,,0,109.4
9813,treatment,3,18,new,mobile,0,,1,170.6
8875,control,2,8,returning,mobile,0,,0,163.4
7780,treatment,1,2,new,mobile,1,104368.83,0,133.0
3519,treatment,1,1,new,mobile,0,,0,175.3
5146,treatment,3,16,new,desktop,0,,0,156.6
2355,control,3,19,returning,desktop,1,237221.39,0,188.7
10125,control,2,13,new,mobile,0,,0,190.8
5551,control,2,13,new,mobile,1,97029.02,0,172.9
774,treatment,1,3,returning,mobile,0,,1,202.1
8201,control,1,2,new,mobile,0,,0,233.9
10986,control,3,19,new,mobile,0,,0,159.1
9496,control,1,3,returning,mobile,1,115618.82,0,158.3
642,treatment,2,13,new,desktop,0,,0,236.1
6105,control,1,7,new,mobile,0,,0,145.5
5707,treatment,2,9,new,mobile,0,,0,162.9
5933,control,1,1,new,mobile,0,,0,156.6
7973,treatment,3,18,new,mobile,1,87783.38,0,79.7
4310,treatment,3,16,new,desktop,0,,0,184.5
866,treatment,3,16,new,mobile,0,,0,279.8
7236,treatment,1,3,returning,mobile,0,,0,156.2
11477,control,1,5,returning,mobile,0,,0,174.2
7108,treatment,2,9,returning,mobile,0,,0,117.9
11864,treatment,2,14,new,mobile,0,,0,204.5
7143,treatment,1,7,returning,desktop,0,,0,74.1
6924,treatment,1,1,new,mobile,0,,0,107.8
7960,treatment,3,15,returning,mobile,1,171231.75,0,178.6
963,control,3,15,new,desktop,0,,0,162.7
10216,treatment,2,11,returning,mobile,0,,0,193.0
7989,treatment,2,11,new,desktop,0,,0,136.4
8410,treatment,2,11,returning,mobile,0,,0,129.4
8851,control,2,12,returning,desktop,0,,1,95.8
3310,control,1,5,returning,mobile,0,,0,184.9
2167,treatment,2,10,new,mobile,0,,0,71.4
364,control,2,14,returning,desktop,0,,0,219.4
3724,control,3,17,returning,desktop,0,,0,153.5
2826,treatment,3,16,returning,mobile,0,,0,176.8
5915,control,2,11,new,desktop,0,,0,233.3
3598,treatment,2,13,new,desktop,0,,0,134.9
4727,treatment,3,21,returning,desktop,0,,0,206.3
547,control,3,16,returning,mobile,0,,0,189.7
2941,treatment,2,10,returning,desktop,0,,0,153.9
472,control,1,7,new,mobile,0,,0,278.2
1642,control,3,21,new,mobile,0,,0,165.7
6181,control,2,9,returning,mobile,0,,0,182.8
3339,control,3,17,returning,mobile,0,,0,179.0
5289,control,2,11,returning,desktop,0,,0,195.5
1173,control,3,19,returning,desktop,0,,0,126.6
6903,treatment,1,7,new,mobile,1,91803.65,0,89.5
5157,control,2,12,returning,desktop,0,,0,114.1
10431,control,2,13,new,mobile,0,,0,268.5
6555,control,3,20,new,desktop,0,,0,159.4
8086,treatment,2,14,returning,desktop,0,,0,165.7
9290,control,2,9,returning,mobile,1,332847.95,0,228.7
5398,control,3,15,new,desktop,0,,0,157.5
10256,control,3,18,returning,desktop,0,,0,144.8
1411,treatment,3,20,returning,desktop,0,,0,65.6
6963,treatment,3,21,new,mobile,0,,0,83.1
8984,treatment,2,12,new,desktop,0,,0,97.8
5359,control,2,10,new,desktop,0,,0,168.3
11533,control,2,8,new,mobile,0,,0,192.6
2695,treatment,3,15,new,desktop,0,,0,128.3
816,treatment,2,8,returning,mobile,0,,0,157.5
2132,treatment,3,21,new,mobile,0,,0,56.5
1798,control,2,8,new,mobile,0,,0,99.2
4576,control,1,2,new,desktop,1,91158.99,0,206.0
3123,control,1,3,new,mobile,0,,0,187.6
6390,control,3,15,returning,desktop,0,,0,130.6
4276,control,1,6,returning,desktop,0,,0,143.8
11099,control,2,8,returning,mobile,0,,0,218.9
8002,treatment,3,18,returning,desktop,1,144647.12,0,146.5
6546,treatment,2,14,new,mobile,1,247800.14,0,95.6
10163,control,1,3,returning,mobile,0,,0,87.6
7226,control,2,13,returning,mobile,0,,1,234.5
238,treatment,1,3,new,mobile,0,,1,117.5
1533,treatment,1,3,returning,mobile,0,,0,89.4
11296,treatment,3,15,returning,desktop,1,124576.02,0,140.0
5776,control,1,7,returning,desktop,0,,0,200.2
3411,treatment,3,19,returning,mobile,1,209219.34,0,130.9
2832,control,2,14,new,mobile,0,,0,159.9
10923,treatment,3,20,returning,mobile,0,,0,186.3
1536,control,2,14,returning,desktop,0,,0,173.4
3880,control,3,15,returning,desktop,0,,0,218.9
11408,control,2,12,new,mobile,0,,0,207.7
1300,control,2,10,returning,mobile,0,,0,218.6
5258,control,1,2,new,desktop,0,,0,220.3
8584,control,1,3,new,mobile,0,,0,118.2
1481,control,2,10,returning,mobile,0,,0,180.8
2794,treatment,3,18,returning,mobile,0,,0,179.2
7013,control,2,8,returning,desktop,0,,0,145.0
11733,treatment,3,17,returning,mobile,0,,0,186.4
5092,treatment,3,17,returning,mobile,1,162775.61,0,149.1
2330,control,1,7,returning,mobile,0,,0,114.1
5702,control,3,16,returning,desktop,0,,0,287.9
5432,control,1,6,returning,desktop,1,187843.29,0,107.1
11487,treatment,1,5,returning,mobile,0,,0,86.3
8280,control,3,15,new,mobile,0,,0,149.4
3662,treatment,2,11,returning,desktop,0,,0,186.8
556,control,2,8,new,mobile,0,,1,114.8
4826,control,2,12,new,desktop,0,,0,140.2
1164,control,1,1,returning,desktop,0,,0,164.5
7202,control,2,13,returning,mobile,0,,0,197.9
4716,control,1,5,returning,mobile,0,,0,182.9
398,control,2,14,returning,mobile,0,,0,141.2
9330,treatment,2,8,new,desktop,0,,0,142.9
7632,treatment,3,19,returning,mobile,0,,0,179.5
10552,control,2,13,new,mobile,0,,0,184.9
6150,treatment,3,18,returning,mobile,1,218048.43,0,127.8
7600,treatment,2,14,new,mobile,0,,0,152.5
6195,control,1,2,returning,desktop,0,,0,152.6
724,treatment,3,21,returning,desktop,1,154328.81,0,142.4
301,treatment,1,3,new,mobile,0,,0,132.0
10077,treatment,3,18,returning,desktop,0,,0,98.1
10603,treatment,2,14,returning,desktop,0,,0,108.6
4295,treatment,2,12,returning,mobile,0,,0,157.1
5219,control,1,3,new,mobile,0,,0,134.2
4186,treatment,1,3,returning,mobile,0,,0,135.9
10914,treatment,3,20,new,mobile,0,,0,149.5
11165,treatment,1,1,new,desktop,0,,0,191.6
11798,control,2,8,new,mobile,0,,0,176.5
3143,treatment,1,6,new,desktop,0,,0,118.0
5937,control,1,5,returning,mobile,1,200135.26,0,227.9
3206,control,2,10,returning,mobile,0,,0,248.7
4956,control,1,4,returning,mobile,0,,0,128.5
4583,treatment,1,1,returning,desktop,0,,0,52.7
10864,control,1,6,returning,mobile,1,248754.52,0,161.6
11482,treatment,3,17,new,desktop,0,,0,133.2
6513,control,3,21,new,desktop,1,212650.91,0,177.9
11386,control,1,7,returning,mobile,0,,0,244.7
1153,control,2,10,returning,desktop,0,,0,192.7
1213,treatment,2,9,returning,desktop,0,,0,130.6
4504,control,3,20,new,mobile,0,,0,225.2
9850,control,1,2,returning,mobile,0,,0,129.8
11641,treatment,1,7,new,mobile,0,,0,166.5
8750,treatment,3,15,new,mobile,0,,0,105.5
11546,treatment,3,19,returning,desktop,0,,0,45.7
9715,control,3,17,new,desktop,0,,0,134.3
666,treatment,2,12,returning,mobile,0,,1,187.2
10811,control,3,21,returning,desktop,0,,0,124.9
643,control,1,3,returning,mobile,0,,0,221.4
11086,treatment,2,9,new,mobile,0,,0,105.2
3768,control,3,19,returning,mobile,1,180960.07,0,195.7
4273,treatment,1,2,returning,desktop,1,206064.14,0,136.4
5427,treatment,2,11,new,mobile,0,,0,179.6
787,treatment,3,18,returning,desktop,0,,0,199.9
2858,control,1,7,returning,mobile,0,,0,194.2
3203,treatment,2,14,returning,mobile,1,255927.63,0,170.2
6959,control,3,18,new,mobile,1,492783.05,0,185.8
4188,control,3,19,returning,mobile,0,,0,239.0
10596,control,1,7,returning,mobile,0,,0,216.3
9953,treatment,3,15,new,mobile,1,146811.79,0,113.0
4825,control,1,2,new,mobile,0,,0,234.4
2906,treatment,2,9,new,mobile,0,,0,155.9
4627,treatment,1,2,returning,mobile,0,,0,118.6
10350,treatment,3,16,returning,desktop,0,,0,159.7
997,treatment,3,18,returning,desktop,0,,0,62.3
9653,control,1,6,returning,mobile,0,,0,240.7
8585,treatment,3,20,returning,mobile,0,,1,172.5
6493,treatment,1,1,new,mobile,0,,0,113.6
10499,treatment,2,11,returning,mobile,0,,0,20.0
157,control,3,18,new,mobile,0,,0,242.9
7615,control,1,5,returning,desktop,1,177168.25,0,251.2
3086,control,3,19,new,desktop,0,,0,216.8
8368,treatment,1,5,returning,mobile,0,,0,107.1
1553,control,1,2,new,mobile,0,,0,111.9
11721,control,2,13,returning,mobile,0,,0,189.5
6005,control,3,17,returning,desktop,0,,0,193.5
7397,control,2,8,new,desktop,0,,0,225.3
3796,treatment,3,20,new,desktop,0,,0,56.9
496,treatment,3,21,new,mobile,0,,0,137.1
2322,control,3,16,returning,mobile,0,,0,207.0
6159,control,3,15,returning,desktop,0,,0,91.6
5401,treatment,3,18,returning,mobile,0,,0,108.2
152,treatment,3,21,returning,desktop,0,,0,117.6
6292,treatment,2,12,returning,mobile,1,88426.7,0,212.3
9124,control,2,13,returning,mobile,0,,0,134.6
6387,control,3,18,new,mobile,0,,1,253.0
9943,treatment,2,11,new,desktop,0,,0,196.2
1739,treatment,3,19,new,desktop,0,,0,62.2
3002,treatment,1,4,returning,desktop,0,,0,82.8
10639,treatment,2,14,new,mobile,0,,0,99.2
7195,treatment,3,17,returning,mobile,0,,0,52.6
6694,treatment,2,10,returning,desktop,0,,0,130.0
10802,control,3,18,returning,mobile,1,167087.11,0,228.2
2884,control,1,4,new,mobile,0,,0,202.3
3721,treatment,3,18,new,mobile,0,,0,169.3
10565,treatment,2,8,returning,mobile,0,,0,133.3
10885,treatment,1,2,new,desktop,0,,0,130.5
5959,treatment,3,18,returning,desktop,0,,0,117.7
5719,control,1,4,returning,mobile,0,,0,223.1
7360,treatment,2,14,returning,mobile,0,,0,149.4
2277,treatment,3,17,new,mobile,0,,0,121.1
4824,treatment,3,16,new,mobile,0,,0,171.7
4705,control,2,12,returning,desktop,0,,0,205.6
4462,control,3,20,returning,mobile,0,,1,188.3
344,treatment,3,18,new,mobile,0,,0,162.3
7568,treatment,1,5,returning,mobile,1,345964.66,0,176.4
4137,treatment,3,16,returning,mobile,0,,0,149.9
8659,treatment,1,3,new,mobile,0,,0,111.9
6084,control,3,16,new,mobile,0,,0,153.6
8728,control,2,9,returning,desktop,1,320064.89,0,164.3
2224,control,3,15,returning,mobile,0,,0,92.3
4197,control,2,12,returning,mobile,1,213825.85,0,149.8
7601,treatment,2,10,returning,desktop,0,,0,46.2
8137,treatment,1,5,new,mobile,0,,0,196.9
8335,control,1,6,new,mobile,0,,0,208.7
5082,treatment,2,10,returning,desktop,0,,0,152.3
7068,treatment,3,16,new,desktop,0,,0,159.6
9578,treatment,3,16,returning,mobile,1,279394.11,0,212.8
10960,treatment,3,16,returning,desktop,0,,0,143.7
4735,treatment,2,12,new,mobile,1,108812.06,0,151.6
10222,treatment,2,10,returning,mobile,0,,0,69.6
1466,treatment,1,4,returning,mobile,1,123387.93,0,143.5
4594,control,1,4,new,desktop,0,,0,233.2
2235,treatment,1,1,returning,mobile,0,,0,207.7
10191,treatment,3,17,returning,desktop,0,,0,85.6
3904,treatment,3,19,new,desktop,0,,0,148.3
284,control,1,2,returning,mobile,0,,0,224.9
11113,control,3,19,returning,mobile,1,202605.79,0,224.6
5441,control,1,2,returning,mobile,0,,0,181.5
10283,control,2,10,returning,desktop,0,,0,105.6
8253,treatment,1,3,returning,mobile,0,,0,168.3
7276,treatment,1,4,returning,mobile,0,,0,175.1
4152,treatment,1,6,returning,desktop,0,,0,21.7
10600,treatment,2,10,returning,mobile,0,,0,107.1
8386,control,3,17,returning,mobile,0,,0,225.9
2122,control,1,6,returning,mobile,0,,0,89.6
5370,control,1,3,returning,desktop,0,,0,185.9
5013,control,3,21,new,desktop,0,,0,97.9
9248,control,2,8,new,mobile,0,,0,184.9
5993,treatment,3,16,returning,desktop,0,,0,87.1
3162,treatment,1,6,returning,desktop,0,,0,158.7
2631,control,1,6,returning,mobile,0,,0,161.1
7039,treatment,2,11,returning,mobile,0,,0,204.9
10235,treatment,2,13,returning,desktop,0,,0,183.3
11372,control,2,9,returning,desktop,0,,0,233.8
10763,control,3,18,returning,mobile,0,,0,134.5
1204,treatment,1,2,new,mobile,0,,0,96.7
8112,control,2,12,new,mobile,0,,0,211.4
617,treatment,2,9,new,desktop,0,,0,166.8
1927,control,2,10,new,mobile,0,,1,133.3
3115,control,1,3,new,desktop,0,,0,202.7
2642,treatment,3,20,new,mobile,0,,0,212.0
11010,treatment,3,21,returning,mobile,0,,1,147.1
2563,treatment,3,17,returning,mobile,0,,0,102.1
8951,control,3,19,returning,mobile,0,,0,202.4
2729,control,3,21,new,mobile,0,,0,182.6
6931,control,3,16,returning,mobile,0,,0,197.4
9526,treatment,2,14,returning,mobile,0,,0,108.4
2127,control,1,1,returning,desktop,1,225164.57,0,181.8
8605,treatment,2,14,new,mobile,0,,1,76.8
9887,treatment,3,21,new,mobile,1,242849.93,0,179.1
8406,treatment,3,17,new,mobile,0,,0,163.6
8532,control,1,4,returning,desktop,0,,0,247.4
806,control,1,4,new,mobile,0,,0,147.9
4695,control,3,17,new,mobile,0,,0,173.3
5538,treatment,1,2,returning,mobile,1,67853.53,0,81.1
10305,treatment,3,21,new,mobile,0,,0,207.5
3141,control,2,14,new,desktop,0,,0,199.7
4281,control,3,19,returning,mobile,1,270159.24,0,228.2
5339,treatment,2,8,returning,mobile,0,,0,199.8
9060,treatment,1,4,new,mobile,0,,0,160.6
10469,control,1,4,new,desktop,0,,0,167.7
8258,control,2,9,new,mobile,0,,0,242.4
548,control,1,1,returning,mobile,0,,0,232.0
27,control,3,21,returning,mobile,0,,0,82.0
7273,control,3,21,new,mobile,0,,0,124.1
3919,treatment,1,3,returning,desktop,1,191670.08,0,263.0
4487,treatment,2,9,returning,desktop,0,,0,187.3
8300,control,1,3,returning,mobile,0,,0,210.6
5813,treatment,2,10,new,mobile,0,,0,102.2
1222,control,2,14,returning,mobile,0,,0,126.8
7225,treatment,1,5,returning,mobile,0,,0,213.4
2549,control,1,4,returning,mobile,0,,0,322.7
11359,control,2,11,returning,mobile,0,,0,165.3
438,treatment,1,1,returning,mobile,0,,0,132.3
8763,control,1,2,returning,desktop,1,254522.14,0,182.1
11309,control,3,16,returning,mobile,0,,0,201.5
6409,treatment,1,4,new,desktop,0,,0,148.6
1862,treatment,3,15,new,desktop,0,,0,144.0
2700,treatment,2,8,new,mobile,0,,0,182.1
8384,control,3,16,returning,mobile,0,,0,170.9
6704,control,1,1,returning,mobile,0,,0,203.6
2482,control,3,15,returning,desktop,0,,0,200.1
5768,treatment,2,11,new,mobile,0,,0,123.7
10115,control,3,21,new,mobile,0,,0,105.6
2707,treatment,1,6,returning,mobile,0,,0,154.3
6330,control,1,1,new,desktop,0,,0,213.7
327,treatment,2,13,returning,mobile,1,102244.18,0,185.1
5136,treatment,3,19,returning,desktop,1,140595.22,0,156.3
5326,control,2,13,returning,mobile,0,,0,239.0
2500,control,3,16,returning,desktop,0,,0,199.9
1005,treatment,2,11,returning,mobile,0,,0,169.8
8052,treatment,2,10,returning,mobile,1,166756.87,0,108.5
6503,treatment,3,20,new,mobile,1,84520.6,0,166.2
4012,control,2,11,new,mobile,0,,0,138.9
10727,treatment,1,4,returning,mobile,0,,1,78.1
535,control,1,1,new,desktop,0,,1,160.1
7631,treatment,3,17,new,mobile,1,184867.86,0,98.5
3961,control,3,20,returning,desktop,0,,0,210.6
586,treatment,1,3,new,mobile,0,,0,116.7
9882,control,2,8,new,desktop,1,86202.46,0,151.9
8356,treatment,1,2,new,mobile,0,,0,180.4
6401,control,3,18,returning,mobile,0,,0,178.1
11124,control,3,17,returning,mobile,0,,0,161.4
8067,control,2,13,new,mobile,0,,0,203.4
492,treatment,1,5,returning,mobile,0,,0,95.0
5528,control,3,15,returning,mobile,0,,0,263.0
6915,treatment,3,18,new,mobile,0,,0,201.5
5708,treatment,1,6,returning,desktop,0,,0,134.5
6815,treatment,2,14,new,desktop,1,207933.13,0,44.1
9421,control,3,19,new,desktop,0,,0,150.2
3549,control,3,21,returning,mobile,0,,0,207.2
6166,treatment,1,5,returning,desktop,0,,0,156.9
1917,treatment,1,5,returning,desktop,0,,0,132.8
3186,control,2,9,new,desktop,0,,1,163.7
5533,treatment,1,2,returning,mobile,0,,0,146.3
1911,control,3,20,new,desktop,0,,0,157.8
7718,treatment,3,18,returning,mobile,0,,0,27.2
6124,control,1,4,new,desktop,0,,0,189.9
1134,treatment,2,10,returning,mobile,0,,0,162.5
7455,treatment,2,14,new,mobile,0,,0,187.4
7009,control,1,6,new,mobile,0,,0,234.7
2519,treatment,1,3,new,desktop,0,,0,143.2
8629,control,3,16,new,mobile,0,,0,302.7
1318,control,1,3,returning,mobile,0,,0,231.4
4369,control,2,13,returning,mobile,0,,1,125.5
122,treatment,3,21,returning,desktop,0,,0,132.4
9195,control,1,4,new,mobile,0,,0,145.5
2450,treatment,3,19,new,desktop,0,,0,167.1
5830,treatment,2,13,new,desktop,0,,0,160.3
6259,control,1,5,returning,mobile,0,,0,176.9
2602,treatment,3,16,new,mobile,0,,0,106.9
1523,treatment,2,13,returning,mobile,0,,0,176.8
7882,control,1,7,new,mobile,0,,0,239.1
2174,control,2,11,new,desktop,1,189238.17,0,202.4
3284,control,3,18,returning,desktop,0,,0,187.4
4555,control,3,16,returning,mobile,0,,0,154.3
3606,control,2,13,returning,desktop,1,429548.61,0,120.1
10336,treatment,2,12,new,mobile,0,,0,212.3
8987,control,3,19,new,mobile,0,,0,234.5
5596,treatment,2,9,new,mobile,0,,0,126.0
10877,control,1,3,returning,mobile,0,,0,168.2
3769,treatment,2,12,returning,mobile,0,,0,77.4
7531,control,1,1,returning,mobile,0,,0,130.4
11933,control,2,13,new,mobile,0,,0,188.1
4039,control,2,11,new,mobile,0,,0,146.6
3503,control,2,14,returning,mobile,0,,0,222.0
1408,control,2,14,new,desktop,0,,0,164.9
4632,control,1,2,new,mobile,0,,1,208.4
5982,treatment,2,11,returning,desktop,0,,0,121.4
11582,treatment,1,2,new,desktop,0,,0,89.9
4936,control,2,11,returning,desktop,0,,0,228.6
7062,control,3,17,returning,desktop,1,126012.39,1,223.4
2580,treatment,1,7,new,desktop,0,,0,173.0
6404,treatment,1,7,new,mobile,0,,0,92.5
3270,control,1,1,returning,mobile,0,,0,273.5
11462,control,3,19,returning,mobile,0,,0,183.3
1868,control,3,20,new,desktop,1,174477.12,0,221.8
11892,control,1,4,new,mobile,0,,0,181.3
5964,control,3,16,returning,mobile,1,223093.07,0,162.5
2522,treatment,1,1,new,desktop,0,,0,113.3
8852,control,3,15,new,desktop,0,,0,168.4
1821,treatment,3,19,new,desktop,0,,0,244.1
6454,control,3,15,returning,mobile,0,,0,217.8
52,control,1,2,new,mobile,0,,0,55.7
3889,treatment,3,21,returning,desktop,0,,0,95.1
5188,treatment,3,19,returning,desktop,1,80088.96,0,20.0
7918,control,3,18,new,mobile,0,,0,233.0
3578,control,1,4,returning,mobile,0,,0,214.4
4566,treatment,3,15,returning,mobile,0,,0,156.9
7417,control,2,10,new,mobile,0,,0,191.3
9878,treatment,1,7,returning,mobile,0,,0,205.6
6153,control,1,2,returning,desktop,1,149698.36,0,196.3
1859,control,2,8,returning,desktop,0,,0,93.6
10382,treatment,1,1,new,mobile,0,,0,170.3
11435,treatment,3,18,returning,mobile,0,,0,207.9
4962,control,3,19,returning,desktop,0,,1,186.2
7258,treatment,2,10,new,mobile,0,,0,48.5
10551,treatment,3,15,new,desktop,0,,0,235.5
8622,treatment,2,12,returning,mobile,0,,0,67.6
11066,control,2,9,new,mobile,0,,0,186.2
5199,treatment,2,11,returning,desktop,0,,0,120.3
9400,treatment,1,4,returning,mobile,0,,0,226.1
426,treatment,1,5,new,mobile,0,,0,83.7
4285,treatment,3,16,returning,mobile,0,,0,88.9
11054,control,3,19,returning,mobile,0,,0,171.0
11565,control,3,21,returning,desktop,1,181154.7,0,227.4
229,treatment,3,15,returning,mobile,0,,0,152.1
7506,treatment,2,8,new,desktop,0,,0,122.5
2742,treatment,2,14,new,mobile,0,,0,129.3
5138,control,1,7,new,mobile,0,,0,162.3
10492,control,1,7,returning,desktop,0,,0,224.2
7054,control,3,21,returning,mobile,0,,0,235.4
9746,treatment,3,21,new,mobile,0,,1,176.5
2922,control,3,19,returning,mobile,0,,0,185.8
8194,treatment,2,8,returning,mobile,0,,0,174.1
10112,control,3,18,returning,mobile,0,,0,154.2
3654,control,1,7,returning,mobile,0,,0,220.0
6596,control,1,4,returning,mobile,0,,0,184.1
5921,control,1,5,returning,desktop,0,,0,204.9
1129,treatment,2,11,returning,desktop,0,,0,162.0
7345,control,2,11,returning,desktop,1,239176.67,1,193.3
2332,control,2,8,new,desktop,0,,0,269.1
2209,control,1,6,returning,mobile,0,,0,114.6
8380,control,2,14,returning,mobile,0,,0,143.1
11156,control,3,16,new,mobile,0,,0,210.1
6074,control,2,9,returning,mobile,0,,0,145.9
3154,control,1,3,returning,desktop,0,,1,287.4
6423,treatment,3,18,new,mobile,0,,0,129.3
9407,control,2,9,new,mobile,0,,0,191.4
9352,treatment,2,11,new,mobile,0,,0,135.5
11523,treatment,1,3,new,desktop,1,273737.42,0,159.9
4991,control,2,11,returning,desktop,0,,0,237.4
2375,control,1,7,new,mobile,0,,0,136.3
1633,treatment,3,15,returning,desktop,0,,0,103.1
6995,treatment,2,11,returning,desktop,0,,0,180.4
2299,control,1,4,returning,desktop,0,,0,212.9
9899,treatment,3,21,returning,desktop,0,,0,119.4
4253,control,2,13,returning,desktop,0,,0,129.7
10993,treatment,3,18,returning,mobile,0,,0,67.5
2722,treatment,1,2,returning,mobile,0,,0,244.5
9166,control,2,13,returning,mobile,0,,1,127.7
11255,control,1,5,returning,mobile,0,,0,207.8
6059,treatment,3,20,returning,mobile,0,,0,104.3
7982,treatment,2,11,new,desktop,0,,0,202.9
8903,treatment,1,6,new,desktop,0,,0,135.2
9419,treatment,2,11,returning,mobile,0,,0,113.8
5827,treatment,1,3,returning,mobile,1,128760.05,1,129.5
5095,treatment,3,15,new,mobile,0,,0,162.1
10817,treatment,1,1,returning,desktop,0,,0,185.2
6096,control,1,1,new,mobile,0,,0,271.6
7809,treatment,1,1,returning,mobile,0,,0,106.8
11893,treatment,2,11,returning,mobile,0,,1,170.3
9752,treatment,2,14,returning,mobile,0,,0,124.0
2551,treatment,1,5,returning,mobile,0,,0,73.8
6114,treatment,2,14,returning,mobile,0,,1,218.1
9272,treatment,3,21,new,desktop,0,,0,136.1
939,treatment,3,17,new,mobile,0,,0,156.8
7373,treatment,3,18,new,mobile,0,,0,186.2
10631,control,2,12,new,desktop,0,,0,225.6
7765,treatment,2,13,new,desktop,0,,0,121.8
11666,treatment,2,9,new,mobile,0,,0,129.5
4853,treatment,1,4,returning,desktop,0,,0,48.6
2645,control,1,2,new,mobile,0,,0,218.4
10484,treatment,3,16,new,desktop,0,,0,128.8
3166,treatment,1,3,returning,desktop,1,278108.79,0,142.8
3640,treatment,2,10,new,mobile,0,,0,219.1
8102,control,3,16,returning,desktop,0,,0,166.8
6922,treatment,1,7,returning,mobile,0,,0,54.0
7689,control,1,5,new,mobile,0,,0,242.4
2062,control,1,5,returning,desktop,0,,0,206.7
4646,treatment,2,12,returning,desktop,0,,0,200.7
6204,control,1,7,returning,desktop,0,,0,182.0
2813,treatment,3,15,returning,mobile,0,,0,108.5
11256,control,3,18,returning,desktop,0,,0,127.4
10359,treatment,3,19,new,mobile,0,,0,138.9
10785,treatment,2,12,returning,mobile,0,,0,207.1
2550,control,1,5,new,mobile,0,,0,144.4
8467,control,3,17,new,mobile,0,,0,112.0
10971,treatment,1,2,new,mobile,0,,0,126.1
6956,control,3,15,returning,desktop,0,,0,216.1
8666,treatment,3,21,new,mobile,0,,0,231.0
4175,treatment,3,17,returning,mobile,1,220057.47,0,127.2
10501,control,2,9,new,desktop,0,,0,148.3
1025,treatment,1,2,new,mobile,0,,0,139.6
4849,control,1,6,new,mobile,0,,0,201.7
5800,control,3,20,returning,mobile,0,,0,131.2
7815,treatment,3,15,new,mobile,0,,0,73.1
1952,control,3,20,new,mobile,0,,1,114.9
11897,control,3,15,returning,mobile,0,,0,149.2
352,control,2,10,returning,mobile,0,,0,210.3
8298,control,3,19,returning,mobile,0,,0,79.7
5481,control,2,11,returning,mobile,0,,0,197.9
9423,treatment,1,4,returning,desktop,0,,0,117.4
4798,control,2,9,returning,desktop,1,275491.37,0,205.7
5621,control,1,1,returning,mobile,0,,0,133.0
3663,treatment,3,21,new,mobile,1,228514.05,0,134.3
8850,treatment,1,1,returning,mobile,0,,0,184.1
4658,control,1,7,returning,desktop,0,,0,207.3
8270,control,1,7,returning,mobile,0,,0,145.6
3151,control,1,6,returning,mobile,0,,0,205.1
7278,treatment,2,9,new,mobile,0,,0,110.4
8870,treatment,3,15,new,mobile,1,307303.1,0,127.9
4814,treatment,2,10,returning,mobile,1,88322.84,0,107.1
5841,control,1,1,returning,desktop,0,,0,231.7
8463,treatment,3,18,returning,desktop,0,,0,187.5
5144,treatment,1,1,returning,desktop,0,,0,63.6
2940,control,1,6,new,desktop,0,,0,243.4
4511,treatment,1,7,returning,desktop,0,,0,79.3
1341,control,1,4,new,mobile,0,,0,184.6
11243,treatment,3,17,returning,mobile,1,397929.36,0,133.1
1392,treatment,3,15,new,mobile,1,999469.12,0,22.3
9865,control,3,17,new,desktop,0,,0,272.3
6679,control,3,16,new,mobile,0,,0,153.6
9320,control,3,18,returning,mobile,0,,0,184.2
7367,control,1,1,returning,mobile,0,,0,192.1
9220,control,2,8,new,mobile,0,,0,251.8
1584,control,2,12,returning,mobile,0,,0,241.0
1413,treatment,3,20,new,desktop,0,,0,153.0
5941,treatment,2,10,returning,desktop,0,,0,175.1
10498,treatment,3,16,returning,desktop,0,,0,198.9
2257,treatment,1,4,new,mobile,0,,0,90.4
8892,treatment,1,7,new,desktop,1,186021.26,1,231.8
2213,treatment,1,3,new,mobile,0,,0,70.4
5604,treatment,1,3,returning,mobile,0,,0,158.9
2623,control,3,17,new,mobile,1,163898.03,0,173.3
10325,control,2,13,returning,mobile,0,,0,251.0
5418,treatment,3,19,new,mobile,0,,0,121.7
4939,treatment,3,17,returning,desktop,1,276437.37,0,171.2
10602,treatment,2,9,new,desktop,0,,0,198.7
3625,treatment,1,2,returning,desktop,0,,0,103.4
6180,control,3,19,returning,mobile,0,,1,158.4
4268,treatment,1,5,returning,mobile,0,,0,143.6
10775,control,2,13,new,mobile,0,,0,225.3
464,control,1,2,returning,mobile,0,,0,195.9
1755,control,1,3,new,mobile,0,,0,200.9
10275,control,1,5,returning,desktop,1,265104.72,0,168.1
8271,control,3,20,new,mobile,0,,0,223.8
5826,control,3,20,returning,mobile,1,158564.17,0,293.0
7894,control,2,11,returning,mobile,0,,0,153.6
379,control,3,17,returning,mobile,0,,0,197.5
3107,control,2,14,returning,mobile,0,,1,182.3
4804,control,3,21,new,mobile,1,240972.76,0,219.9
1336,treatment,2,9,new,mobile,0,,0,259.8
11021,control,3,15,new,desktop,0,,0,193.8
11629,control,1,7,new,mobile,0,,0,204.8
2717,treatment,2,10,new,mobile,0,,0,221.8
9881,control,3,15,returning,mobile,0,,0,201.8
6301,control,3,19,new,mobile,0,,0,204.5
7323,control,2,11,returning,mobile,0,,0,168.5
7751,treatment,1,6,new,mobile,0,,0,69.5
11512,treatment,3,15,returning,desktop,0,,0,131.9
7801,control,2,9,returning,mobile,0,,0,211.9
1812,control,3,21,returning,mobile,0,,0,151.8
7224,control,2,11,returning,mobile,0,,0,174.9
6637,control,3,15,returning,desktop,0,,0,94.6
1895,control,1,5,new,desktop,0,,0,112.4
8860,control,1,2,new,mobile,0,,0,170.7
6327,treatment,2,11,new,mobile,0,,0,123.4
11123,treatment,1,7,new,desktop,0,,0,129.0
6527,control,1,7,new,mobile,0,,0,185.3
1190,treatment,3,18,returning,desktop,0,,0,85.6
5195,treatment,1,3,new,desktop,0,,0,145.6
9346,treatment,2,10,returning,mobile,0,,0,101.2
7869,treatment,3,21,new,desktop,1,307547.47,1,59.6
8745,treatment,1,4,new,desktop,0,,0,162.6
3455,treatment,1,7,new,mobile,0,,0,103.1
8575,treatment,2,12,returning,desktop,0,,0,155.9
8764,treatment,3,16,returning,mobile,1,72279.97,0,273.1
10725,treatment,3,15,new,mobile,0,,0,207.3
5817,control,2,9,new,mobile,0,,0,143.7
8948,treatment,3,21,new,mobile,0,,0,100.0
4614,control,2,8,returning,mobile,1,372918.45,0,171.6
3993,control,1,1,returning,mobile,0,,0,171.3
11973,treatment,2,10,new,mobile,0,,0,91.4
1031,treatment,1,7,new,mobile,0,,0,147.7
7686,treatment,1,5,returning,mobile,0,,1,139.1
2221,control,2,12,new,desktop,0,,0,251.1
3775,treatment,2,13,returning,desktop,0,,0,123.9
8524,control,1,7,returning,desktop,0,,0,228.6
9299,treatment,3,19,new,mobile,0,,0,141.2
1756,treatment,3,18,new,desktop,0,,0,148.6
6177,treatment,1,5,new,mobile,0,,0,62.1
8774,treatment,3,15,returning,mobile,0,,0,102.6
4328,treatment,2,13,new,desktop,0,,0,209.1
10245,control,3,17,new,desktop,0,,0,191.2
111,control,2,9,returning,mobile,0,,0,188.6
9699,control,2,12,returning,mobile,0,,0,198.5
11948,control,3,16,returning,mobile,0,,0,191.2
2918,treatment,1,1,returning,mobile,1,141428.84,0,212.8
6202,control,1,5,returning,mobile,0,,0,54.3
1516,control,3,21,returning,desktop,0,,0,143.9
11334,control,2,9,new,desktop,0,,0,124.0
11055,control,2,14,returning,mobile,1,37956.53,0,230.8
10862,treatment,3,21,new,desktop,0,,0,66.9
10087,treatment,1,1,new,desktop,1,170257.09,1,199.3
2264,control,1,3,returning,mobile,0,,0,181.2
9271,control,1,7,new,mobile,0,,0,178.7
9411,control,3,16,returning,mobile,0,,0,206.0
10183,control,3,21,new,mobile,0,,0,186.8
10068,treatment,3,20,returning,mobile,1,196506.57,0,157.4
894,control,1,4,new,mobile,0,,0,208.2
1491,control,1,7,new,mobile,0,,1,195.7
1851,control,2,11,returning,desktop,1,94005.98,0,114.5
7303,treatment,3,18,returning,mobile,0,,1,163.8
325,treatment,2,14,returning,mobile,0,,0,127.8
1216,treatment,1,6,returning,mobile,1,135060.9,0,134.6
2934,treatment,1,5,returning,mobile,0,,1,82.5
4690,treatment,3,20,new,mobile,0,,0,144.6
8881,treatment,2,12,returning,desktop,1,336219.2,1,195.8
8614,control,1,5,returning,mobile,1,131693.01,0,249.8
10293,treatment,1,3,new,mobile,0,,0,96.0
11013,treatment,3,21,returning,desktop,0,,0,177.8
11776,control,1,1,new,mobile,0,,0,248.3
1130,treatment,1,2,new,mobile,1,172639.65,0,167.7
9696,control,3,18,returning,desktop,0,,0,288.7
2919,control,3,16,new,mobile,0,,0,146.2
3085,treatment,1,3,returning,mobile,1,139938.72,0,124.5
4589,treatment,3,19,returning,mobile,1,409607.75,0,104.0
4305,control,3,19,returning,desktop,0,,0,226.9
2796,treatment,2,9,new,mobile,0,,0,73.6
5748,treatment,3,19,returning,mobile,0,,0,150.0
799,treatment,2,12,returning,mobile,0,,1,107.6
735,control,3,17,returning,desktop,0,,0,253.3
6385,control,2,13,new,mobile,0,,0,190.0
2245,control,1,5,returning,mobile,0,,0,258.6
179,treatment,1,3,new,mobile,0,,0,140.5
8313,control,2,9,returning,mobile,0,,0,214.3
10310,control,2,13,returning,mobile,0,,1,120.8
1175,treatment,1,4,returning,desktop,0,,0,166.4
11484,treatment,1,1,new,mobile,1,83412.3,0,163.6
8327,treatment,1,5,returning,mobile,0,,0,207.3
1832,treatment,1,3,new,desktop,0,,0,107.3
9698,control,1,1,new,mobile,0,,0,200.8
6209,control,1,3,new,desktop,1,524256.21,0,185.5
9637,treatment,1,7,returning,desktop,1,318757.49,0,145.2
1782,treatment,3,16,returning,mobile,0,,0,114.2
3202,treatment,2,12,new,mobile,0,,0,74.0
199,control,2,8,returning,mobile,0,,1,84.9
9842,control,3,15,returning,desktop,1,133258.44,0,149.1
4088,treatment,1,2,returning,desktop,0,,0,183.3
5194,treatment,1,1,new,mobile,0,,0,144.2
549,treatment,1,2,new,desktop,0,,0,170.9
3340,treatment,2,14,returning,desktop,1,276606.53,0,109.6
11318,control,2,13,returning,mobile,0,,0,170.2
11648,control,3,20,returning,mobile,0,,0,126.5
9105,treatment,3,21,returning,mobile,0,,0,101.5
11920,control,2,11,returning,desktop,0,,0,158.2
2533,treatment,2,14,returning,desktop,0,,0,122.3
8062,control,1,6,returning,desktop,0,,0,184.2
2315,control,3,16,returning,desktop,0,,0,211.1
11424,control,2,11,returning,mobile,0,,0,173.1
8541,control,1,1,new,desktop,0,,0,185.6
9894,treatment,1,6,new,mobile,0,,0,239.6
10030,treatment,2,13,returning,mobile,0,,0,179.8
67,treatment,1,2,returning,mobile,0,,0,206.1
5128,control,3,15,new,desktop,0,,0,160.2
4713,treatment,2,10,new,mobile,0,,0,61.3
5215,control,1,3,returning,mobile,1,306711.92,0,154.4
3261,control,1,7,new,desktop,0,,0,137.1
5034,treatment,2,13,returning,mobile,0,,0,100.7
2573,treatment,1,3,returning,desktop,0,,0,101.7
9041,control,2,11,returning,desktop,1,174386.04,0,159.3
8632,treatment,2,9,returning,desktop,0,,0,98.3
623,treatment,3,21,returning,mobile,0,,0,119.7
1682,treatment,1,7,returning,desktop,0,,0,102.5
788,control,3,19,returning,desktop,0,,0,126.9
3333,control,1,7,returning,desktop,1,131214.02,0,234.9
9169,control,3,19,returning,mobile,0,,0,162.0
7182,control,2,9,new,mobile,1,375061.15,0,236.9
11628,treatment,1,5,returning,mobile,1,342185.66,0,154.1
3281,treatment,3,21,returning,desktop,0,,1,117.0
6851,treatment,1,7,new,mobile,0,,0,181.7
10941,treatment,1,7,returning,desktop,0,,0,119.1
8084,treatment,1,4,new,desktop,0,,0,196.3
7260,control,1,2,returning,mobile,0,,0,111.6
10373,control,2,10,returning,mobile,0,,0,211.9
516,control,3,19,returning,desktop,1,421212.01,0,175.6
479,treatment,3,17,new,mobile,0,,0,212.6
9705,control,1,2,new,mobile,0,,0,210.8
6861,control,3,17,returning,mobile,0,,0,103.8
8215,control,3,16,new,mobile,0,,0,127.5
2648,treatment,3,16,new,mobile,0,,0,63.5
9834,treatment,1,1,returning,mobile,0,,0,114.7
6077,treatment,2,11,returning,mobile,0,,0,106.2
8130,control,1,1,returning,desktop,0,,0,137.4
1034,treatment,1,1,returning,mobile,0,,0,192.8
9852,treatment,3,17,returning,mobile,1,144755.55,0,180.5
2599,treatment,2,12,new,mobile,0,,0,295.5
10679,control,2,12,returning,mobile,0,,0,209.1
6215,control,3,16,new,mobile,0,,0,182.0
9288,treatment,2,11,new,mobile,0,,0,148.2
9428,control,3,20,new,mobile,1,345369.22,0,189.1
345,treatment,3,15,returning,mobile,1,268636.67,0,103.8
5522,control,2,10,new,desktop,0,,0,137.0
5876,control,1,7,new,mobile,0,,0,200.1
1872,control,2,12,returning,desktop,0,,0,233.9
11030,treatment,1,5,returning,mobile,0,,0,181.3
7229,control,3,16,returning,mobile,0,,0,177.8
3987,control,3,19,new,mobile,0,,0,202.4
11525,treatment,3,15,new,mobile,1,157021.58,0,85.7
2889,control,3,21,returning,mobile,0,,0,183.0
7948,control,1,7,returning,mobile,0,,0,220.1
4624,treatment,2,13,returning,mobile,0,,0,191.4
4819,treatment,3,21,new,mobile,0,,0,182.3
221,control,3,18,returning,mobile,0,,0,145.7
11023,treatment,3,16,returning,desktop,1,212812.58,0,116.7
7457,treatment,2,13,new,mobile,0,,0,185.5
9984,treatment,3,16,new,desktop,0,,0,172.2
10745,treatment,3,15,new,mobile,0,,0,75.9
5894,treatment,1,2,new,mobile,0,,0,105.4
7377,control,2,10,new,mobile,0,,0,213.1
4017,control,1,4,returning,mobile,0,,0,208.4
5939,treatment,2,11,new,desktop,0,,0,186.4
4249,control,2,11,new,mobile,0,,0,231.7
10977,control,1,6,returning,mobile,1,145163.86,0,175.4
8407,control,2,9,new,desktop,0,,0,285.5
10055,treatment,3,19,returning,mobile,0,,1,158.8
6253,control,2,14,returning,desktop,0,,0,164.7
1265,treatment,1,4,returning,mobile,0,,0,196.6
4242,treatment,3,19,returning,desktop,0,,0,129.8
5651,treatment,1,2,returning,mobile,0,,1,109.9
10849,treatment,3,21,returning,mobile,1,151577.09,0,202.0
11016,treatment,2,14,new,mobile,0,,0,144.7
7078,treatment,3,17,new,mobile,0,,0,154.8
11012,treatment,1,7,returning,mobile,0,,0,126.5
7052,control,1,1,new,mobile,0,,0,157.0
8333,control,2,10,new,desktop,0,,0,244.1
2882,control,3,18,returning,desktop,1,169409.67,0,143.8
1678,control,1,1,new,mobile,0,,1,190.9
8932,control,3,15,new,mobile,0,,0,278.9
902,control,3,18,returning,mobile,0,,0,205.0
11966,control,3,20,returning,desktop,0,,0,246.3
2297,treatment,1,5,new,mobile,0,,0,138.2
3403,treatment,1,7,new,mobile,0,,0,156.6
7370,treatment,2,13,returning,desktop,0,,0,225.2
297,treatment,3,18,new,mobile,0,,0,156.5
10915,treatment,3,20,returning,desktop,0,,0,176.1
4154,control,2,12,returning,mobile,0,,0,53.6
9747,treatment,2,10,new,desktop,1,120837.83,0,190.9
6339,control,3,21,new,mobile,0,,0,238.2
28,control,2,9,returning,mobile,0,,0,161.2
6370,treatment,2,8,new,mobile,0,,0,199.9
8886,control,1,7,returning,desktop,0,,0,196.1
3830,treatment,1,4,new,desktop,0,,0,218.9
11621,treatment,1,7,returning,mobile,0,,0,129.7
3249,treatment,2,11,returning,desktop,1,97321.82,0,184.8
5859,treatment,1,6,new,mobile,0,,0,173.6
9502,treatment,2,12,returning,desktop,0,,0,159.0
10418,control,1,3,returning,mobile,0,,0,128.9
2581,control,3,21,new,desktop,0,,0,163.5
6568,treatment,1,7,new,mobile,0,,0,174.4
7937,control,2,9,new,mobile,0,,0,182.8
8146,treatment,3,17,returning,mobile,0,,0,123.7
1371,control,1,2,new,mobile,0,,0,142.4
11826,control,2,13,returning,mobile,0,,0,170.3
9090,control,2,11,new,mobile,0,,0,222.6
10843,control,3,17,new,mobile,1,402553.74,0,107.0
5552,control,1,5,returning,desktop,0,,0,208.1
6823,control,3,19,new,mobile,0,,0,158.9
5255,treatment,3,21,returning,desktop,0,,0,154.2
682,control,1,7,new,desktop,0,,0,183.9
11166,treatment,1,7,returning,desktop,1,114150.28,0,170.4
4776,control,3,16,returning,mobile,0,,0,171.3
5423,treatment,1,6,returning,desktop,0,,0,248.5
3160,control,1,3,returning,mobile,1,230199.14,0,211.3
8722,control,2,8,returning,mobile,0,,0,108.3
2988,treatment,2,9,new,desktop,1,71670.39,0,149.4
4909,treatment,2,12,returning,mobile,1,94230.8,0,142.5
1883,control,2,14,returning,mobile,0,,0,134.5
5862,control,3,18,new,mobile,0,,0,233.6
8315,control,3,15,returning,desktop,0,,0,186.3
1941,control,3,18,new,mobile,0,,0,262.1
3297,treatment,1,1,new,desktop,0,,0,102.8
3535,treatment,3,17,new,desktop,0,,0,197.6
3730,treatment,3,21,returning,desktop,1,218635.74,0,103.9
491,treatment,1,6,new,mobile,0,,0,52.3
7302,treatment,3,17,returning,desktop,1,2896559.17,0,76.2
1182,control,3,20,returning,mobile,0,,0,126.0
1376,control,3,18,returning,mobile,0,,0,105.4
5015,control,3,21,returning,mobile,0,,0,174.0
7551,treatment,3,20,new,mobile,0,,0,247.3
11046,treatment,3,16,new,mobile,0,,0,200.7
627,treatment,2,10,returning,mobile,0,,0,98.3
4759,control,2,9,new,mobile,0,,0,208.6
11579,treatment,1,4,returning,mobile,0,,0,125.6
2113,control,2,10,new,mobile,0,,0,142.7
8291,treatment,3,21,returning,mobile,0,,0,162.0
5873,control,1,4,returning,desktop,0,,0,301.5
1768,control,2,14,returning,desktop,1,93413.62,0,159.6
8798,treatment,1,1,returning,desktop,0,,0,68.5
4181,treatment,3,19,new,mobile,0,,0,104.0
9345,treatment,3,15,new,desktop,0,,0,140.3
6012,treatment,3,15,returning,desktop,0,,0,184.2
1463,control,2,12,returning,mobile,0,,0,136.7
2888,treatment,3,18,new,mobile,0,,0,224.3
6373,treatment,3,16,returning,desktop,0,,0,197.8
685,treatment,1,4,returning,desktop,0,,0,114.4
4540,control,1,1,returning,desktop,0,,0,128.1
4515,control,1,2,returning,desktop,1,184331.91,0,162.7
9225,control,3,16,new,mobile,0,,0,142.2
9439,treatment,1,1,new,mobile,0,,0,223.7
1367,control,2,8,new,desktop,0,,0,204.5
3917,treatment,3,20,new,desktop,0,,0,107.4
11762,control,1,3,new,desktop,0,,0,184.3
2640,control,3,19,returning,mobile,0,,0,88.7
11351,control,3,16,returning,mobile,0,,0,141.8
5603,treatment,1,7,returning,mobile,0,,0,203.7
10831,treatment,3,20,returning,mobile,0,,0,39.0
5730,control,2,14,returning,mobile,0,,0,283.4
5731,control,2,8,new,mobile,0,,0,193.4
10024,treatment,3,17,new,mobile,0,,0,110.3
8304,control,3,21,new,desktop,0,,0,165.7
2301,treatment,3,15,returning,mobile,0,,0,136.7
4788,treatment,1,1,returning,mobile,0,,0,108.9
2939,control,3,18,returning,mobile,0,,0,151.3
5660,treatment,1,3,new,mobile,0,,0,20.0
8208,control,2,11,returning,mobile,0,,0,226.5
10385,treatment,3,21,returning,desktop,1,175557.29,0,101.0
7259,treatment,3,17,returning,mobile,0,,0,129.7
1980,control,3,16,new,mobile,0,,0,270.2
3804,control,3,15,returning,mobile,0,,0,166.2
4535,treatment,1,6,new,desktop,0,,0,121.3
6551,treatment,3,17,returning,mobile,0,,0,165.4
11617,control,1,4,new,mobile,0,,0,203.3
6607,treatment,3,16,returning,desktop,0,,0,136.6
6843,treatment,2,10,new,mobile,0,,0,106.3
9004,control,3,20,returning,mobile,0,,0,203.9
4801,control,2,13,returning,mobile,1,238345.72,0,174.8
2281,control,2,12,new,desktop,0,,0,177.9
6415,treatment,1,4,new,desktop,0,,0,161.1
6416,control,2,11,returning,mobile,0,,0,152.5
4470,control,1,2,returning,desktop,0,,0,205.8
5134,control,1,6,new,mobile,1,147576.09,1,218.3
7448,control,1,7,returning,mobile,0,,0,175.7
999,treatment,3,16,returning,mobile,0,,0,169.3
4131,treatment,1,1,returning,mobile,1,124616.17,0,192.5
5267,control,1,4,returning,desktop,0,,0,179.7
9387,treatment,3,18,returning,desktop,0,,0,137.3
11767,treatment,2,13,returning,mobile,0,,0,141.3
1785,control,3,19,new,mobile,0,,0,233.4
3183,control,3,17,new,desktop,0,,1,218.1
10395,treatment,3,17,new,desktop,0,,0,242.0
495,treatment,2,12,new,mobile,0,,0,183.0
6445,control,3,15,new,desktop,0,,0,199.1
9318,control,2,8,new,desktop,0,,0,191.6
6009,treatment,1,6,returning,mobile,0,,0,159.1
2861,control,1,2,new,desktop,0,,0,160.1
2039,treatment,3,20,returning,mobile,0,,0,85.4
4042,treatment,2,10,new,mobile,0,,0,124.3
9298,treatment,1,4,returning,mobile,0,,0,103.6
2898,control,1,2,returning,desktop,0,,0,169.1
367,treatment,3,18,returning,desktop,0,,0,135.2
850,treatment,2,13,returning,mobile,0,,1,88.5
7516,treatment,1,1,returning,mobile,1,68187.35,0,176.6
6394,control,3,15,new,mobile,0,,0,143.7
7757,control,1,1,returning,mobile,0,,0,213.0
6210,treatment,1,1,new,desktop,0,,0,169.3
2654,treatment,2,8,returning,desktop,0,,0,159.5
3504,treatment,3,21,new,mobile,1,323871.2,0,112.5
8275,control,3,18,new,mobile,0,,0,150.6
1542,control,3,19,new,desktop,0,,0,156.3
9932,treatment,2,13,returning,mobile,0,,0,216.2
10634,treatment,1,4,new,desktop,1,190083.73,0,168.6
323,control,1,2,new,mobile,0,,0,193.5
2032,treatment,3,18,returning,desktop,0,,0,145.7
7583,control,1,6,returning,mobile,0,,0,201.8
6850,treatment,1,5,new,mobile,0,,0,73.4
814,treatment,1,6,returning,mobile,0,,0,92.8
2529,treatment,1,2,new,mobile,1,512589.66,0,125.2
11248,control,3,20,new,mobile,0,,0,160.6
6455,treatment,3,15,new,mobile,0,,0,138.4
11032,control,3,19,new,mobile,0,,0,123.0
10219,control,1,4,new,desktop,0,,0,171.5
5275,control,1,1,returning,mobile,0,,0,139.2
1080,control,3,21,returning,mobile,0,,0,165.3
2227,treatment,1,5,new,mobile,0,,0,137.7
9373,treatment,3,20,new,mobile,0,,0,48.4
10956,treatment,2,8,returning,mobile,0,,0,171.8
10328,control,3,18,returning,mobile,0,,0,102.9
2706,control,1,6,new,mobile,0,,0,232.7
8980,treatment,3,20,returning,mobile,0,,0,103.4
7294,control,1,1,returning,mobile,0,,0,146.7
1165,control,1,5,new,mobile,0,,0,179.8
3262,treatment,3,20,returning,mobile,0,,0,189.7
6120,control,3,16,new,desktop,0,,0,221.1
6058,treatment,2,8,new,mobile,0,,0,133.7
1451,treatment,2,13,returning,mobile,0,,0,71.6
4230,control,3,19,returning,desktop,0,,0,194.3
3863,treatment,2,14,new,mobile,0,,0,133.4
2937,control,2,14,returning,mobile,0,,0,169.3
9690,control,2,13,new,mobile,0,,0,192.2
3918,treatment,1,1,returning,desktop,0,,0,83.5
5488,control,1,3,new,mobile,1,267415.11,0,206.3
7761,control,3,17,new,mobile,0,,0,207.6
9774,treatment,1,2,returning,mobile,1,147072.79,0,142.8
1724,treatment,3,21,new,mobile,0,,0,117.9
9863,control,2,12,returning,desktop,0,,0,194.9
6500,treatment,2,12,returning,mobile,0,,0,153.7
4057,control,3,19,returning,mobile,0,,0,212.8
11410,control,3,17,new,mobile,0,,0,227.1
3000,control,3,17,new,mobile,0,,0,155.9
7121,control,1,5,returning,mobile,0,,0,254.6
11830,control,1,7,returning,desktop,1,122468.4,0,209.6
1232,treatment,2,8,returning,mobile,0,,0,145.8
1515,treatment,1,7,returning,desktop,0,,0,139.0
2314,control,2,13,returning,mobile,0,,0,130.9
1452,treatment,2,10,returning,desktop,1,104524.32,0,153.2
6432,control,2,10,returning,mobile,1,179089.13,0,133.6
8348,control,3,18,returning,desktop,0,,0,202.7
10226,treatment,1,6,returning,mobile,0,,0,139.4
4322,treatment,2,13,returning,desktop,1,169927.26,0,174.3
11600,control,2,8,new,mobile,0,,0,144.3
839,control,2,14,returning,desktop,0,,0,250.1
11895,control,2,10,new,desktop,1,206913.97,0,172.3
8737,treatment,3,21,new,mobile,1,202206.48,0,228.7
3900,control,2,11,returning,desktop,0,,0,268.6
10192,control,1,4,new,desktop,0,,0,275.1
3568,control,2,14,returning,desktop,0,,1,137.5
11114,control,1,7,returning,mobile,0,,0,168.0
5453,treatment,3,18,new,desktop,0,,0,94.5
3088,control,3,20,returning,desktop,0,,0,100.2
7802,treatment,2,14,new,mobile,0,,0,63.6
10653,treatment,3,16,returning,mobile,0,,0,145.6
4547,treatment,1,6,new,mobile,0,,1,97.7
4693,treatment,2,10,returning,mobile,0,,0,113.9
1715,control,2,9,new,mobile,0,,0,165.9
4271,treatment,3,15,new,mobile,0,,0,112.3
340,treatment,2,11,returning,mobile,0,,0,138.5
8919,treatment,1,6,new,mobile,0,,0,154.5
4087,treatment,1,6,returning,desktop,0,,0,140.7
11847,treatment,1,2,returning,desktop,0,,0,133.7
9758,treatment,2,10,new,desktop,1,129862.58,0,106.7
9914,control,3,20,new,desktop,0,,0,175.0
589,control,2,14,returning,mobile,0,,0,141.6
3366,control,3,21,returning,desktop,0,,1,202.8
2671,treatment,2,11,returning,mobile,1,64352.4,0,163.4
5516,treatment,1,2,new,desktop,0,,0,102.7
3590,control,3,19,returning,desktop,0,,0,184.3
35,control,1,6,returning,mobile,0,,0,131.6
29,control,2,12,returning,mobile,0,,0,125.7
2396,treatment,1,2,returning,desktop,0,,0,117.7
9707,treatment,3,17,returning,desktop,1,169404.55,0,99.8
6827,control,2,11,returning,desktop,0,,0,211.1
5507,control,2,8,returning,desktop,0,,0,126.6
6633,treatment,3,20,returning,desktop,0,,0,136.3
2171,control,3,18,returning,desktop,0,,0,140.1
7441,treatment,1,6,returning,mobile,1,114446.36,0,103.6
6753,treatment,3,20,returning,mobile,0,,0,148.9
890,treatment,2,12,returning,desktop,0,,0,185.7
3879,control,2,14,returning,desktop,0,,0,247.7
3323,treatment,1,1,new,mobile,0,,0,185.2
11274,control,3,18,returning,desktop,0,,0,145.2
3515,treatment,1,2,returning,mobile,0,,0,121.1
6391,control,1,1,returning,mobile,1,256138.06,0,193.7
10006,control,2,9,new,mobile,0,,0,170.8
5674,treatment,1,1,new,desktop,0,,0,189.2
7773,control,2,11,new,desktop,0,,0,204.1
3734,treatment,3,18,returning,desktop,0,,0,168.4
6803,control,1,2,returning,mobile,0,,0,163.5
11356,control,1,4,returning,mobile,0,,0,166.0
9366,control,3,18,returning,mobile,1,79104.81,1,166.3
4529,control,1,5,returning,desktop,0,,0,142.3
1655,treatment,1,3,new,mobile,0,,0,119.2
7465,treatment,1,2,returning,desktop,0,,0,92.6
7284,control,1,5,returning,desktop,0,,0,205.0
224,treatment,3,19,new,desktop,0,,0,162.7
10341,treatment,1,7,returning,mobile,1,50384.17,0,166.9
8785,treatment,2,14,returning,desktop,0,,0,147.1
10929,treatment,2,10,returning,mobile,0,,0,148.9
5983,treatment,3,16,returning,mobile,1,152757.62,0,181.3
4240,treatment,3,20,new,mobile,1,1531012.55,0,101.8
5883,treatment,2,12,returning,mobile,0,,0,182.1
1591,control,1,6,new,mobile,0,,0,206.8
8417,treatment,3,21,returning,desktop,0,,0,164.8
3257,control,3,17,returning,desktop,1,193906.3,0,139.9
6692,control,1,6,new,mobile,0,,0,97.8
6904,control,3,18,new,mobile,0,,0,170.2
2182,treatment,3,19,returning,desktop,0,,0,86.6
8158,control,3,16,returning,desktop,1,122056.47,0,237.3
11485,control,2,13,new,desktop,0,,0,171.4
7112,treatment,2,12,returning,mobile,0,,0,187.7
9570,treatment,3,15,new,desktop,0,,0,157.7
9393,treatment,1,4,returning,mobile,0,,0,101.2
10316,treatment,1,1,returning,desktop,0,,1,136.5
4818,treatment,1,7,new,desktop,1,106374.04,0,152.8
6935,treatment,3,17,new,mobile,0,,0,93.1
6536,control,1,4,returning,mobile,0,,0,173.6
1210,control,3,15,returning,mobile,0,,0,241.1
7470,treatment,1,6,new,desktop,0,,0,194.8
422,control,1,1,new,desktop,0,,0,140.3
10491,control,3,18,returning,mobile,0,,0,155.3
1707,control,1,2,returning,mobile,0,,0,125.2
1159,control,3,20,returning,mobile,0,,0,207.5
2307,treatment,1,6,returning,mobile,0,,0,127.7
274,treatment,1,6,returning,mobile,0,,0,73.8
172,treatment,3,15,returning,desktop,0,,0,149.7
3957,treatment,3,15,returning,mobile,0,,0,23.8
5607,control,3,15,returning,mobile,0,,0,193.4
7174,treatment,1,7,returning,mobile,0,,0,108.6
4866,control,2,10,new,mobile,0,,0,171.8
8055,treatment,3,21,returning,mobile,0,,0,117.5
3189,control,1,5,returning,mobile,0,,0,287.2
1726,control,3,17,returning,desktop,0,,0,131.6
6207,control,3,16,returning,mobile,0,,0,165.9
8189,treatment,3,20,returning,desktop,0,,0,79.3
1565,treatment,2,10,returning,mobile,1,130426.38,0,99.0
1783,control,3,15,returning,desktop,0,,0,279.5
844,control,1,5,returning,mobile,0,,0,161.3
11214,control,1,3,returning,mobile,0,,0,226.4
7799,control,2,10,new,desktop,0,,0,156.0
905,treatment,1,5,returning,mobile,0,,1,78.7
3495,control,1,6,returning,desktop,0,,0,133.6
11605,control,2,14,returning,mobile,1,61400.77,0,177.0
7407,treatment,3,19,returning,desktop,0,,0,208.5
1548,treatment,1,4,new,desktop,0,,0,157.6
10015,treatment,1,1,returning,mobile,0,,1,138.0
2081,control,2,10,returning,mobile,0,,0,198.0
9163,treatment,2,10,returning,mobile,0,,0,122.6
10398,control,3,15,returning,mobile,0,,0,152.7
6498,control,2,11,new,mobile,0,,0,169.8
3986,control,1,3,new,desktop,0,,0,99.4
8678,treatment,2,12,returning,mobile,0,,0,177.0
10033,treatment,3,18,returning,mobile,0,,0,104.2
8546,treatment,2,12,new,desktop,0,,0,138.7
8804,control,3,21,new,mobile,0,,0,220.4
10574,control,2,13,returning,desktop,1,94294.16,0,148.0
4678,control,2,10,returning,desktop,0,,0,219.2
3821,treatment,3,20,new,mobile,0,,0,113.0
5210,control,3,19,new,mobile,0,,0,199.7
2647,treatment,1,4,returning,desktop,0,,0,92.1
6444,treatment,2,9,new,desktop,0,,0,20.0
9191,control,3,20,returning,desktop,0,,0,201.8
7389,control,1,5,returning,mobile,0,,0,219.3
257,treatment,3,18,returning,mobile,1,142011.22,0,95.5
9097,control,3,17,returning,mobile,1,185938.03,0,166.8
4351,control,1,1,returning,desktop,1,161528.08,0,240.9
8469,treatment,3,15,returning,mobile,0,,0,57.5
9282,treatment,2,9,returning,mobile,0,,0,106.5
5924,control,2,11,new,mobile,0,,0,196.8
2156,treatment,3,15,returning,mobile,0,,0,80.3
8765,control,1,4,returning,mobile,0,,0,161.2
10662,treatment,2,12,new,desktop,0,,1,102.5
3716,treatment,1,3,new,desktop,0,,0,188.0
4058,treatment,3,18,returning,mobile,0,,0,88.0
10356,treatment,1,7,returning,mobile,0,,0,129.3
9949,treatment,2,10,returning,mobile,0,,0,218.1
3623,control,1,5,new,mobile,0,,0,245.1
5649,control,2,8,returning,mobile,0,,0,177.1
6459,treatment,3,20,returning,mobile,0,,0,134.1
3103,treatment,3,20,new,mobile,0,,0,52.9
559,treatment,2,14,new,mobile,1,215614.68,0,130.8
6680,control,2,12,returning,desktop,1,84750.06,0,158.0
6322,control,2,9,new,mobile,0,,0,129.2
1437,control,1,7,returning,mobile,0,,0,99.4
508,treatment,2,14,returning,mobile,0,,0,167.9
5276,treatment,2,14,returning,mobile,0,,0,108.8
4473,treatment,1,4,new,mobile,0,,0,98.7
1870,treatment,3,21,returning,mobile,1,519384.44,0,99.7
5664,control,3,20,returning,mobile,0,,0,230.7
6453,control,2,13,new,mobile,0,,0,181.9
5931,treatment,2,12,returning,desktop,0,,0,144.0
8388,treatment,1,3,new,desktop,0,,0,205.8
756,control,3,21,returning,mobile,1,136591.7,0,125.6
7446,treatment,2,11,returning,mobile,0,,0,102.5
7856,treatment,1,1,returning,desktop,0,,0,77.1
4051,treatment,3,20,returning,mobile,0,,1,101.2
10200,treatment,3,20,returning,desktop,0,,0,115.1
3837,treatment,1,3,new,mobile,0,,0,123.2
4387,control,1,5,returning,mobile,0,,0,107.9
9102,treatment,2,10,new,mobile,0,,0,149.0
2119,control,3,16,new,mobile,0,,0,223.1
9245,control,2,13,returning,mobile,0,,0,205.3
730,treatment,2,14,returning,desktop,1,141798.41,0,228.6
502,treatment,1,5,returning,mobile,0,,0,177.8
9782,treatment,2,13,returning,desktop,0,,0,135.4
644,control,1,7,new,desktop,0,,0,187.6
7203,control,1,5,new,mobile,0,,0,224.5
1540,control,3,18,new,mobile,0,,0,257.4
10723,control,1,3,returning,mobile,0,,0,141.4
1212,treatment,2,10,new,desktop,0,,0,146.9
8855,treatment,3,18,returning,mobile,0,,0,99.9
10937,treatment,2,13,new,desktop,0,,0,165.4
673,treatment,1,7,new,mobile,0,,0,183.2
4916,treatment,2,9,returning,mobile,0,,0,154.3
6107,treatment,1,4,returning,desktop,1,206765.38,0,171.7
6940,control,3,16,returning,mobile,1,212472.69,0,180.5
3378,treatment,1,2,returning,desktop,1,218904.2,0,102.7
4477,treatment,3,18,new,desktop,0,,0,85.9
5616,control,2,13,new,mobile,0,,0,224.7
10846,treatment,3,17,new,mobile,1,109724.77,0,172.5
1465,treatment,3,15,returning,mobile,0,,0,114.9
4746,control,2,13,returning,mobile,0,,0,188.1
11249,control,2,14,returning,desktop,0,,1,165.9
1193,treatment,1,1,returning,mobile,0,,0,120.8
3794,control,1,3,returning,mobile,0,,0,165.9
1873,treatment,3,19,returning,desktop,1,323636.97,0,158.4
3591,treatment,2,12,new,desktop,0,,0,100.9
3159,treatment,2,12,new,desktop,0,,0,171.6
9689,control,3,15,new,mobile,0,,0,173.1
506,treatment,1,5,new,desktop,0,,0,114.8
244,treatment,3,16,returning,desktop,0,,0,148.2
5679,treatment,2,14,new,desktop,0,,0,107.8
507,control,3,18,new,mobile,0,,0,181.0
9811,control,3,19,returning,mobile,0,,0,123.2
10473,treatment,2,14,returning,mobile,0,,0,115.5
6408,control,2,13,new,mobile,1,214132.44,1,181.3
8053,treatment,3,20,returning,mobile,0,,0,124.7
6671,control,3,19,new,mobile,0,,0,130.5
6759,control,1,5,returning,desktop,0,,0,204.1
7234,control,3,19,new,mobile,0,,1,173.1
1774,treatment,2,10,returning,mobile,0,,0,105.0
6228,control,2,14,new,mobile,0,,0,158.6
8192,treatment,3,18,new,mobile,0,,0,167.8
7105,control,1,6,new,desktop,0,,0,151.8
9801,control,2,9,returning,mobile,0,,0,263.1
798,control,1,1,new,desktop,0,,0,145.9
3619,control,1,1,returning,mobile,0,,0,218.0
2382,control,2,9,returning,mobile,0,,0,287.2
2830,treatment,3,15,new,desktop,0,,0,139.2
9941,treatment,2,14,returning,mobile,0,,0,151.8
11180,treatment,3,15,returning,desktop,0,,0,151.1
11511,control,3,21,new,mobile,0,,0,181.8
4634,control,1,4,new,desktop,0,,0,228.1
313,control,1,5,returning,desktop,0,,0,244.3
747,control,3,17,returning,mobile,0,,0,146.4
3570,control,1,1,returning,mobile,1,51185.32,0,238.0
791,control,2,9,new,mobile,0,,0,168.9
2477,control,2,10,new,mobile,0,,0,165.7
6121,control,3,16,new,mobile,0,,0,163.0
6930,treatment,2,11,new,mobile,0,,0,191.3
11189,control,2,14,returning,desktop,0,,0,165.5
2571,control,3,18,returning,mobile,0,,0,155.1
5754,treatment,1,1,new,desktop,0,,0,103.4
7670,treatment,1,7,new,desktop,0,,0,116.2
10369,control,2,8,new,mobile,0,,0,206.7
5600,control,2,13,new,mobile,0,,0,200.2
9474,control,1,1,new,mobile,0,,0,83.9
4356,treatment,2,14,returning,mobile,0,,0,171.2
2164,control,3,21,new,desktop,0,,0,143.0
8811,treatment,3,16,returning,desktop,0,,0,187.5
8640,control,2,14,new,mobile,0,,0,196.4
381,treatment,3,21,returning,mobile,0,,0,79.4
10919,treatment,1,2,returning,desktop,0,,0,178.6
1293,treatment,2,14,returning,mobile,1,219893.85,0,169.1
1913,treatment,3,20,new,mobile,1,123893.39,0,60.3
6614,control,3,19,returning,mobile,0,,0,207.5
600,treatment,2,8,returning,desktop,0,,0,162.5
3893,treatment,2,13,returning,mobile,0,,0,117.2
4142,treatment,2,11,returning,mobile,0,,0,55.4
5541,treatment,3,21,new,mobile,0,,0,135.7
1653,control,1,7,returning,desktop,0,,0,157.2
7804,control,3,15,returning,desktop,0,,0,141.9
9457,control,3,16,returning,mobile,0,,0,165.5
1894,control,2,8,new,mobile,0,,0,145.8
1945,treatment,1,1,new,desktop,1,143933.89,0,162.3
3396,treatment,3,19,returning,desktop,0,,0,154.6
7935,treatment,3,19,returning,mobile,0,,0,188.4
4363,treatment,3,16,returning,mobile,0,,0,134.2
11720,treatment,2,12,returning,desktop,0,,0,112.3
376,control,1,3,returning,mobile,0,,0,150.6
1967,treatment,2,9,new,desktop,0,,0,142.3
3958,treatment,2,8,returning,desktop,0,,0,134.1
8064,treatment,1,5,returning,mobile,0,,0,70.6
10526,control,2,11,returning,mobile,1,200509.98,0,199.1
4424,control,2,10,returning,mobile,0,,0,209.5
5352,treatment,2,13,returning,desktop,0,,0,216.4
5697,control,2,12,returning,desktop,0,,0,156.4
1244,control,1,1,returning,mobile,0,,0,122.2
11947,control,1,7,returning,mobile,0,,0,208.2
9675,control,1,1,returning,mobile,0,,0,203.9
6519,control,2,9,returning,mobile,0,,0,138.7
7483,treatment,3,21,new,desktop,0,,0,198.2
7673,treatment,3,16,returning,desktop,0,,0,137.7
1472,control,3,21,returning,mobile,1,519967.07,0,253.4
3347,treatment,2,8,new,mobile,1,225595.08,0,178.5
4523,treatment,3,18,returning,desktop,0,,0,162.9
2658,treatment,1,3,new,mobile,0,,0,185.6
2854,control,1,4,new,mobile,0,,0,167.2
4507,control,1,1,returning,mobile,0,,0,159.8
11371,control,1,4,returning,mobile,0,,0,230.8
10778,control,2,14,new,mobile,0,,0,170.5
11727,control,2,9,new,mobile,1,91576.75,0,140.9
4046,control,2,9,new,mobile,0,,0,172.8
4063,control,2,10,returning,mobile,0,,0,185.4
5327,treatment,3,21,new,mobile,1,176073.99,0,162.3
7518,treatment,1,7,returning,mobile,0,,0,168.5
9049,treatment,1,7,returning,desktop,0,,0,124.9
6948,treatment,1,1,returning,mobile,0,,0,197.4
4307,treatment,2,14,new,desktop,0,,0,167.5
5140,treatment,1,3,returning,desktop,0,,0,110.4
7059,treatment,1,3,returning,desktop,0,,0,60.1
9244,control,2,10,returning,mobile,0,,0,269.9
9607,treatment,2,12,new,mobile,0,,0,141.0
3991,treatment,1,6,returning,desktop,0,,0,78.4
1050,control,1,7,new,mobile,0,,0,245.5
3824,control,2,11,new,mobile,0,,0,191.4
9530,control,2,13,new,desktop,0,,0,152.0
10411,treatment,2,13,returning,mobile,1,211143.38,0,237.9
2036,treatment,3,20,returning,desktop,0,,0,214.5
4040,treatment,1,1,new,desktop,0,,0,256.4
11428,control,1,7,returning,mobile,0,,0,154.6
10441,control,1,2,new,mobile,0,,0,190.2
11224,control,3,18,returning,mobile,0,,0,156.2
1973,treatment,1,1,returning,mobile,0,,0,131.6
6910,control,2,14,returning,mobile,0,,0,209.3
2100,control,2,13,returning,mobile,0,,0,148.4
1500,treatment,3,18,new,desktop,0,,0,139.1
5206,control,3,16,returning,mobile,0,,0,112.9
3513,treatment,3,17,new,desktop,1,105579.63,0,107.1
8409,treatment,3,20,returning,mobile,0,,0,182.6
653,treatment,1,6,returning,mobile,1,137090.79,0,164.9
171,control,2,10,returning,mobile,0,,0,160.7
4086,treatment,2,9,returning,mobile,0,,0,136.4
243,control,2,10,returning,mobile,0,,0,224.6
9470,control,1,7,new,desktop,0,,0,107.7
5799,treatment,1,4,returning,mobile,1,510118.64,0,132.4
10190,control,2,8,new,mobile,0,,0,156.9
4372,control,2,11,new,mobile,0,,0,128.2
1645,control,1,5,returning,desktop,0,,0,121.5
5595,treatment,3,19,returning,mobile,1,123245.46,0,48.2
2757,treatment,1,2,returning,mobile,0,,0,230.6
7641,control,1,7,returning,mobile,0,,0,197.0
9238,treatment,2,8,returning,mobile,0,,0,50.8
9020,treatment,1,3,new,mobile,1,223983.52,0,102.3
7887,control,1,2,returning,mobile,0,,0,100.9
5232,treatment,3,17,new,mobile,0,,0,174.6
2077,treatment,1,6,returning,mobile,0,,0,151.6
4104,control,2,12,returning,mobile,0,,0,270.4
11470,treatment,2,9,returning,desktop,0,,0,147.6
3997,control,3,17,returning,desktop,0,,1,178.0
4802,control,2,10,returning,mobile,0,,0,183.9
5969,treatment,1,3,returning,desktop,0,,0,173.2
7016,treatment,2,12,returning,mobile,0,,0,160.0
7091,control,3,20,returning,mobile,0,,0,200.1
7387,treatment,2,8,new,mobile,0,,0,100.9
8332,treatment,1,5,returning,mobile,0,,0,146.6
10150,treatment,3,18,new,desktop,0,,0,68.9
11245,treatment,1,2,returning,desktop,0,,0,125.6
6858,control,3,18,returning,mobile,0,,0,181.6
7754,treatment,3,20,new,mobile,0,,0,144.5
5850,treatment,2,10,returning,desktop,0,,0,192.8
9192,control,3,18,returning,mobile,0,,0,176.0
6486,treatment,2,12,returning,mobile,0,,0,118.9
9977,treatment,1,3,new,mobile,0,,0,132.6
4662,treatment,3,17,new,mobile,1,325104.02,0,151.5
4079,control,1,3,new,mobile,0,,0,200.5
6055,control,1,2,new,mobile,1,72375.58,0,241.2
10133,control,2,8,returning,desktop,0,,0,247.5
5975,treatment,3,20,returning,mobile,0,,0,163.7
641,treatment,2,12,returning,mobile,0,,0,197.5
1271,treatment,1,3,new,mobile,0,,0,180.6
9344,control,2,11,new,desktop,0,,0,204.8
2779,control,3,15,returning,desktop,0,,0,270.1
7625,control,1,4,new,mobile,0,,0,145.4
4933,treatment,2,8,new,desktop,0,,0,178.8
6061,treatment,3,21,returning,desktop,1,97410.47,0,107.6
1986,treatment,2,12,new,mobile,0,,0,127.5
3862,control,3,15,returning,mobile,1,68038.89,0,160.8
3481,control,1,7,new,desktop,0,,0,167.6
1535,control,2,8,returning,desktop,0,,0,219.6
326,treatment,1,3,new,mobile,0,,0,116.3
5765,control,1,4,new,desktop,0,,0,161.3
2339,treatment,2,14,returning,desktop,1,148152.24,0,183.9
3981,control,1,4,returning,mobile,0,,1,222.1
9016,treatment,1,6,new,desktop,0,,0,145.2
10616,control,3,19,new,mobile,0,,1,220.9
4055,treatment,2,11,new,mobile,0,,0,228.6
2238,control,2,12,returning,mobile,0,,0,224.0
5230,control,3,16,new,mobile,0,,0,247.9
9151,control,2,11,returning,mobile,0,,0,255.4
4572,treatment,3,21,returning,desktop,0,,0,146.8
11602,control,2,13,returning,mobile,0,,0,259.2
5475,treatment,2,11,returning,mobile,0,,1,169.5
9624,treatment,3,21,returning,mobile,0,,0,80.0
865,control,2,14,returning,desktop,0,,0,240.4
8206,control,3,21,returning,desktop,0,,0,168.0
4943,treatment,1,4,returning,mobile,0,,0,113.1
7978,treatment,1,3,new,desktop,0,,0,120.6
6011,treatment,3,21,new,mobile,0,,0,86.1
7536,treatment,3,16,returning,desktop,0,,0,207.7
372,control,1,7,returning,desktop,0,,0,210.8
10535,control,3,18,new,mobile,0,,1,159.8
10736,control,2,10,returning,desktop,0,,0,186.3
610,control,3,21,returning,desktop,0,,0,272.0
6844,control,1,5,returning,desktop,0,,0,204.3
10452,treatment,2,11,returning,mobile,0,,0,139.2
8370,control,2,9,returning,desktop,0,,0,243.7
11139,control,1,3,new,mobile,1,94240.55,0,203.6
9380,control,3,21,returning,desktop,1,193375.3,0,209.6
11574,treatment,3,15,returning,mobile,0,,0,123.1
8016,control,1,4,new,desktop,0,,0,177.5
5831,treatment,3,17,returning,mobile,1,114381.67,0,143.9
2365,treatment,1,4,returning,mobile,0,,0,173.5
3214,treatment,3,21,new,desktop,0,,0,152.9
5457,control,3,21,returning,desktop,1,209685.41,0,168.3
912,treatment,1,6,returning,desktop,0,,0,159.8
10844,treatment,3,18,returning,mobile,0,,0,155.7
10461,treatment,2,8,new,mobile,0,,0,128.5
3790,treatment,3,20,returning,mobile,0,,0,50.5
8778,treatment,3,21,returning,desktop,0,,0,126.2
10104,treatment,2,10,returning,mobile,0,,0,125.7
5582,control,3,16,new,desktop,0,,0,173.6
6655,treatment,3,18,new,mobile,0,,0,148.5
10264,control,3,19,new,mobile,0,,0,167.8
8398,treatment,3,18,returning,mobile,0,,0,180.8
5061,control,3,18,new,mobile,0,,0,200.1
1424,control,2,13,returning,desktop,0,,0,170.3
11764,control,1,6,returning,desktop,0,,0,221.5
480,control,2,14,returning,mobile,0,,0,127.8
663,control,2,8,returning,mobile,0,,0,170.6
6481,treatment,2,10,returning,desktop,0,,0,102.9
10771,control,1,4,returning,desktop,0,,0,200.8
9745,treatment,2,14,returning,mobile,0,,1,20.0
2989,control,2,8,new,mobile,1,242213.5,0,141.2
1120,treatment,2,9,returning,desktop,1,1745210.46,0,125.0
2777,treatment,3,15,returning,mobile,0,,0,126.2
4536,control,1,7,returning,mobile,0,,0,152.1
10651,treatment,3,16,new,mobile,0,,1,186.4
8047,treatment,3,16,returning,mobile,0,,0,126.1
8297,treatment,1,2,returning,mobile,0,,0,179.0
6350,treatment,1,4,returning,mobile,0,,0,193.9
9923,treatment,3,21,new,mobile,0,,0,135.1
11185,control,3,21,new,mobile,0,,0,209.8
9986,treatment,1,4,returning,mobile,0,,0,142.1
5574,treatment,3,17,returning,desktop,0,,0,165.6
6136,control,1,3,returning,mobile,0,,1,154.7
5270,control,3,20,new,mobile,0,,0,174.1
4428,control,1,6,new,desktop,0,,0,89.9
9358,treatment,3,18,new,mobile,0,,0,122.7
5248,control,1,3,returning,desktop,0,,0,163.4
8661,control,1,1,new,mobile,0,,0,132.4
3982,control,1,5,returning,mobile,1,106007.93,0,154.3
8652,treatment,2,14,returning,desktop,0,,0,208.5
11423,treatment,3,19,returning,mobile,0,,0,175.5
2894,treatment,3,21,new,desktop,0,,0,148.8
2670,control,1,2,returning,desktop,0,,0,163.0
3978,control,3,15,new,mobile,1,190050.89,0,306.0
11446,control,2,8,returning,mobile,1,218661.15,0,157.4
280,treatment,2,13,returning,mobile,0,,0,129.5
9471,treatment,2,12,returning,mobile,0,,0,61.0
8918,control,1,2,returning,mobile,0,,0,191.5
8872,treatment,1,6,returning,desktop,0,,0,209.5
9103,control,1,2,returning,mobile,0,,0,140.3
5198,control,1,4,returning,desktop,0,,0,207.4
4665,treatment,2,12,new,desktop,0,,0,147.5
1695,treatment,1,4,returning,desktop,1,244744.92,0,210.7
10686,treatment,3,19,returning,mobile,0,,0,90.0
5019,treatment,2,8,returning,mobile,0,,0,172.2
6134,control,2,13,new,mobile,0,,0,186.1
3480,treatment,1,4,returning,mobile,0,,0,111.7
5555,treatment,1,7,new,mobile,0,,0,197.4
4417,treatment,2,8,new,mobile,0,,0,202.6
11168,treatment,3,21,new,mobile,0,,0,63.2
4156,control,3,17,new,desktop,0,,0,207.9
4884,control,1,1,new,mobile,0,,0,188.5
5808,treatment,3,16,returning,desktop,0,,0,141.6
3810,treatment,1,7,returning,desktop,0,,0,225.4
11853,control,1,2,new,mobile,0,,0,191.4
10333,treatment,2,10,new,desktop,0,,0,165.8
9569,control,2,9,returning,mobile,0,,0,192.5
4297,control,1,7,returning,mobile,0,,0,229.8
6650,control,1,6,returning,mobile,1,475298.54,0,191.6
4684,treatment,2,14,returning,mobile,0,,0,211.1
10098,treatment,3,20,new,mobile,0,,0,176.2
9608,treatment,3,19,returning,mobile,0,,0,136.6
7014,treatment,2,13,returning,desktop,0,,0,20.0
5594,control,2,8,new,mobile,0,,0,140.7
2210,control,1,7,new,desktop,1,253252.31,0,203.2
9464,control,3,17,returning,desktop,0,,0,228.6
8674,control,1,1,returning,mobile,0,,0,178.2
5403,control,2,10,new,desktop,0,,0,171.5
7965,control,1,4,new,desktop,0,,0,170.4
4564,treatment,2,13,returning,mobile,0,,0,110.1
185,treatment,2,8,returning,mobile,1,65227.62,0,153.9
7442,treatment,1,1,new,mobile,0,,0,139.3
10355,control,3,17,new,mobile,0,,0,179.6
4517,control,2,8,new,desktop,0,,0,239.8
2351,control,1,1,returning,mobile,0,,0,205.5
554,treatment,2,12,returning,desktop,0,,1,74.1
1398,treatment,2,11,new,mobile,0,,0,111.6
1385,treatment,2,11,new,mobile,0,,0,162.4
9395,treatment,2,10,returning,mobile,0,,0,167.1
11365,treatment,3,17,returning,mobile,0,,1,135.1
5857,treatment,3,21,new,mobile,0,,0,107.0
4904,treatment,3,17,returning,mobile,0,,0,174.6
298,treatment,1,2,new,mobile,0,,0,104.7
444,control,1,6,returning,desktop,0,,0,251.7
10548,control,1,2,new,desktop,0,,1,104.7
5216,control,2,11,new,mobile,0,,0,197.3
9307,treatment,3,21,returning,desktop,0,,0,184.8
7243,treatment,3,15,returning,mobile,0,,0,94.6
2078,control,2,12,returning,mobile,0,,0,144.6
6018,treatment,2,13,returning,mobile,0,,0,184.7
4752,treatment,2,11,new,desktop,0,,0,132.0
9588,treatment,1,5,returning,mobile,1,1287367.0,0,176.7
2230,treatment,2,9,new,mobile,0,,0,169.1
2843,control,1,2,new,mobile,0,,0,161.1
2538,control,3,15,new,desktop,0,,0,202.1
195,control,1,2,returning,mobile,0,,0,150.0
9951,control,1,5,returning,mobile,0,,0,276.1
7192,control,2,8,returning,mobile,0,,0,212.7
818,treatment,3,17,returning,desktop,0,,0,82.5
3368,treatment,2,11,new,mobile,0,,0,136.7
6496,control,3,17,returning,mobile,0,,0,174.1
2579,control,1,1,new,desktop,0,,0,175.1
1132,treatment,3,17,new,mobile,0,,0,147.7
6755,control,1,2,returning,mobile,0,,0,189.0
5506,control,2,12,new,mobile,0,,0,192.3
6523,control,3,17,new,desktop,0,,0,145.0
7848,control,2,12,new,desktop,1,114132.47,0,130.6
9280,treatment,3,15,returning,mobile,0,,0,61.9
321,treatment,2,12,returning,mobile,1,139661.55,0,155.9
1372,treatment,2,9,returning,mobile,0,,0,186.8
4043,control,1,5,new,mobile,0,,0,141.1
10576,treatment,2,9,new,desktop,1,132081.59,0,161.4
7454,treatment,1,2,new,mobile,0,,0,216.1
908,control,3,18,returning,mobile,0,,0,238.8
306,control,2,11,returning,mobile,1,266362.32,0,231.2
3951,control,2,10,returning,mobile,0,,0,197.8
5530,treatment,2,8,new,mobile,0,,0,202.3
6825,treatment,1,5,returning,mobile,0,,0,112.7
10660,control,3,17,new,mobile,0,,0,157.1
8893,treatment,1,4,returning,desktop,0,,0,126.3
8914,control,3,15,new,desktop,0,,0,195.7
9045,control,3,20,returning,mobile,0,,0,97.4
8483,treatment,1,5,new,mobile,0,,0,158.2
10076,treatment,2,14,returning,mobile,0,,0,207.0
927,control,2,13,returning,mobile,0,,0,100.4
245,treatment,3,19,returning,mobile,0,,0,153.6
16,control,1,4,new,mobile,1,721869.21,1,136.7
144,treatment,1,4,returning,desktop,0,,0,158.8
5984,control,3,15,new,mobile,0,,1,232.1
2364,treatment,2,14,returning,mobile,0,,0,112.6
9259,control,1,4,returning,mobile,0,,0,219.6
130,treatment,3,16,returning,mobile,0,,0,84.4
1162,treatment,1,4,new,mobile,0,,0,98.3
8347,treatment,2,8,returning,desktop,0,,0,103.2
11750,treatment,3,18,new,mobile,1,308575.21,0,143.1
7501,treatment,3,21,returning,mobile,0,,0,138.8
6756,control,2,10,returning,desktop,0,,0,121.6
7472,treatment,3,17,new,mobile,0,,0,126.0
8105,treatment,3,19,new,mobile,0,,0,146.8
5459,control,2,8,returning,mobile,0,,0,259.6
6871,treatment,2,9,returning,mobile,0,,1,103.5
5309,control,3,21,returning,desktop,1,237876.26,0,200.9
1877,control,1,4,new,mobile,0,,0,223.5
2489,control,1,5,returning,desktop,0,,0,249.6
7727,control,2,13,returning,mobile,0,,0,189.0
4480,treatment,2,9,new,mobile,0,,0,114.0
1183,control,1,1,returning,mobile,1,113315.17,0,221.5
2526,control,2,10,returning,desktop,0,,0,135.4
7766,control,3,17,new,desktop,0,,0,164.0
1171,control,3,20,returning,desktop,0,,0,205.0
10423,control,1,1,returning,mobile,0,,0,246.6
2183,treatment,2,12,new,mobile,0,,0,101.5
11451,treatment,3,17,new,mobile,0,,0,84.9
8926,control,3,15,new,desktop,0,,0,212.5
11438,control,2,10,returning,mobile,1,176471.34,0,222.6
11611,control,3,15,returning,desktop,1,113320.72,0,158.0
3372,control,1,1,returning,mobile,0,,0,165.1
9723,control,1,4,new,desktop,0,,0,146.6
1860,control,3,18,new,mobile,0,,0,177.6
7035,control,3,21,new,desktop,0,,0,173.2
6913,treatment,3,21,new,mobile,0,,0,171.5
10539,treatment,3,21,new,mobile,0,,0,108.4
1879,treatment,3,21,new,desktop,1,342409.69,0,72.7
7040,treatment,3,19,returning,desktop,0,,1,134.8
3589,treatment,1,6,returning,mobile,0,,0,75.5
8145,treatment,1,7,new,mobile,0,,0,153.2
3122,control,2,14,new,desktop,0,,0,208.9
388,treatment,2,9,new,mobile,0,,0,184.2
1312,treatment,3,16,new,mobile,0,,0,103.5
1033,treatment,1,6,new,mobile,0,,1,144.3
9604,control,2,9,returning,mobile,0,,0,269.9
7855,control,1,4,returning,desktop,0,,0,184.1
6383,treatment,1,1,new,mobile,0,,0,105.5
7656,treatment,3,17,returning,mobile,0,,0,131.9
7440,treatment,1,1,new,mobile,0,,0,216.2
4937,control,3,15,returning,mobile,1,64926.03,0,193.7
932,control,2,10,returning,mobile,1,147806.15,1,178.0
8853,control,3,21,new,desktop,0,,0,195.7
4020,treatment,3,17,new,mobile,0,,0,165.3
692,treatment,2,9,returning,desktop,0,,0,26.4
8861,control,1,5,new,desktop,0,,0,206.0
5988,control,1,6,returning,mobile,0,,0,189.0
6365,treatment,1,5,new,mobile,0,,0,184.2
1910,treatment,2,12,new,mobile,0,,0,137.6
830,control,1,6,new,mobile,1,215735.44,0,160.0
3499,control,2,13,new,mobile,0,,0,224.4
2082,control,1,7,new,mobile,0,,0,202.0
10685,treatment,2,8,new,mobile,0,,0,134.4
11327,treatment,3,18,returning,mobile,1,190727.28,0,74.1
45,treatment,1,6,new,desktop,0,,0,49.3
3940,control,1,3,returning,mobile,0,,0,105.9
7628,treatment,3,15,returning,desktop,0,,0,198.9
10082,control,1,4,new,mobile,0,,0,195.9
4320,control,1,4,returning,mobile,0,,0,221.4
2966,treatment,3,17,returning,mobile,0,,0,201.7
3970,control,2,13,returning,mobile,0,,0,156.2
1188,treatment,1,5,new,desktop,0,,0,106.0
11449,treatment,2,14,returning,desktop,0,,0,179.7
7696,treatment,1,1,returning,mobile,0,,0,164.5
8441,treatment,3,20,new,mobile,0,,0,182.3
9198,control,3,16,new,mobile,0,,0,179.7
285,treatment,2,12,returning,mobile,1,107501.2,0,150.9
10916,treatment,1,6,returning,desktop,0,,0,85.8
6309,control,2,11,returning,mobile,0,,1,188.1
4160,control,3,20,returning,desktop,0,,0,163.1
3093,treatment,1,3,new,mobile,0,,0,117.9
9392,treatment,3,15,returning,mobile,0,,0,145.8
4557,treatment,1,1,new,mobile,0,,0,123.3
5556,treatment,1,7,returning,desktop,1,136402.43,0,158.1
6631,treatment,1,7,new,mobile,0,,0,154.8
4324,control,2,11,new,mobile,0,,0,250.7
7970,control,1,5,returning,mobile,0,,0,162.7
7720,control,1,6,new,desktop,0,,0,179.1
3365,control,3,20,returning,desktop,0,,0,142.0
1405,control,1,4,new,mobile,0,,0,162.9
3196,control,3,20,new,mobile,0,,0,226.9
8232,control,3,21,returning,desktop,0,,0,206.1
7435,control,3,21,returning,mobile,0,,0,235.8
970,control,2,13,returning,mobile,0,,0,223.6
9743,treatment,1,6,returning,mobile,0,,0,114.0
6544,treatment,2,13,returning,mobile,0,,0,140.5
3735,control,3,18,new,mobile,1,150202.6,0,252.2
926,control,1,4,new,mobile,1,179482.99,0,132.3
11394,control,1,6,new,desktop,1,181081.37,0,241.8
8714,treatment,3,15,returning,desktop,1,162739.43,0,154.4
4726,control,2,10,returning,desktop,0,,1,226.4
8150,control,3,17,new,mobile,0,,0,93.2
2852,control,3,16,returning,mobile,0,,0,185.0
11701,control,1,1,returning,mobile,0,,0,128.8
7509,treatment,1,1,new,mobile,0,,0,104.8
5957,treatment,3,16,returning,mobile,0,,0,113.0
520,treatment,1,3,new,desktop,0,,0,87.5
10633,treatment,1,6,new,desktop,0,,0,158.8
9586,treatment,2,14,returning,mobile,1,165567.43,0,100.2
4472,control,3,16,returning,mobile,1,217392.65,0,157.5
7461,control,1,5,returning,desktop,0,,0,175.2
4349,treatment,3,16,returning,desktop,0,,0,228.0
10768,control,3,17,new,mobile,0,,0,180.0
9642,control,1,4,returning,desktop,0,,0,220.2
3627,treatment,2,14,returning,mobile,0,,0,109.6
1790,control,2,9,new,mobile,0,,0,101.6
9934,control,1,1,returning,mobile,0,,0,181.9
2060,control,1,7,returning,mobile,0,,0,178.7
10931,control,1,4,returning,mobile,0,,0,217.6
6841,treatment,3,15,new,desktop,0,,0,66.2
4014,control,1,4,returning,mobile,0,,0,162.0
6007,treatment,3,20,returning,desktop,0,,0,167.9
1903,treatment,2,9,new,mobile,0,,0,141.3
6216,control,3,16,new,mobile,0,,0,152.3
4687,control,3,17,returning,mobile,0,,0,176.8
8073,control,2,13,new,mobile,0,,0,193.2
4923,control,3,17,returning,desktop,0,,0,257.1
7572,treatment,3,16,returning,mobile,0,,0,62.0
7573,control,3,17,new,desktop,0,,0,165.1
9044,treatment,1,4,new,desktop,1,106036.84,0,174.8
76,control,3,18,new,desktop,0,,0,177.6
2346,control,2,13,new,mobile,0,,0,189.7
6448,control,1,5,new,desktop,1,83427.76,0,239.4
7941,control,3,19,returning,desktop,0,,0,150.3
431,treatment,1,2,returning,mobile,0,,0,79.0
4587,treatment,3,16,new,mobile,0,,0,113.1
5484,control,2,13,new,mobile,0,,0,180.8
8904,control,3,20,returning,desktop,0,,0,167.8
6406,treatment,3,18,returning,desktop,1,67026.7,0,220.0
7299,treatment,2,11,returning,mobile,0,,0,178.7
6809,control,3,17,new,mobile,0,,0,232.4
9788,control,2,13,returning,mobile,0,,0,199.4
9203,control,3,16,returning,desktop,0,,0,227.2
1554,control,3,19,returning,desktop,0,,0,236.9
5875,control,1,5,new,mobile,0,,0,151.1
241,treatment,3,17,new,mobile,0,,0,105.4
784,treatment,2,11,returning,mobile,0,,0,154.6
9979,control,1,5,new,desktop,0,,0,186.7
3067,control,3,18,new,mobile,0,,0,172.6
11703,control,2,8,returning,mobile,0,,0,143.0
978,control,2,10,returning,mobile,0,,0,149.0
4906,treatment,1,4,new,desktop,0,,0,133.2
6265,control,2,12,returning,mobile,1,298766.93,0,158.1
8995,control,2,13,returning,desktop,1,109347.71,0,86.7
5696,control,3,17,returning,desktop,0,,0,151.4
2942,control,3,19,returning,mobile,0,,0,135.3
6854,control,3,16,returning,mobile,0,,0,184.1
9202,treatment,1,2,returning,mobile,0,,0,201.0
6966,treatment,3,17,new,mobile,0,,0,88.8
11665,treatment,1,5,returning,desktop,1,95598.7,0,20.0
11969,treatment,2,8,returning,mobile,1,315538.11,0,157.2
9677,treatment,3,21,new,mobile,0,,0,163.6
1621,control,2,8,returning,desktop,0,,0,207.8
5643,treatment,2,12,returning,mobile,0,,0,178.3
11990,treatment,3,21,returning,mobile,0,,0,150.3
2147,control,2,11,returning,desktop,0,,0,203.5
1802,treatment,3,21,new,mobile,0,,1,136.2
2096,control,2,13,returning,mobile,0,,0,200.0
8830,treatment,3,15,returning,mobile,0,,0,139.5
7608,control,3,19,returning,desktop,0,,0,232.0
1358,control,1,3,returning,mobile,0,,1,139.4
9736,treatment,2,8,new,desktop,1,280651.21,0,176.9
8859,control,1,6,returning,mobile,0,,1,178.3
11026,treatment,1,5,new,mobile,0,,0,86.3
6927,control,3,18,new,desktop,0,,0,243.7
7922,control,3,20,returning,mobile,0,,0,217.5
3566,treatment,3,20,new,mobile,0,,0,146.4
11911,treatment,3,16,returning,mobile,0,,0,97.7
10754,control,2,9,returning,mobile,0,,0,154.9
7883,control,1,1,new,mobile,0,,0,133.3
1610,control,1,3,returning,mobile,0,,0,79.3
3097,control,3,20,new,mobile,0,,0,186.1
8014,control,2,12,returning,mobile,0,,0,136.0
2416,control,2,14,new,mobile,0,,0,227.9
2018,control,1,2,returning,desktop,0,,0,163.8
2972,treatment,3,19,new,desktop,0,,0,174.8
6425,control,2,14,returning,desktop,1,145899.59,0,166.7
4126,control,3,17,new,desktop,0,,0,254.3
5847,treatment,3,17,returning,desktop,0,,0,137.6
5376,treatment,3,19,returning,mobile,0,,0,207.4
11759,control,1,6,returning,desktop,0,,0,76.5
11502,treatment,2,14,new,desktop,1,208084.94,0,209.6
3247,control,3,16,returning,mobile,1,266596.25,0,149.3
125,control,3,16,new,desktop,1,132102.52,0,187.1
1107,control,3,17,new,mobile,0,,0,258.2
11203,treatment,1,2,new,mobile,1,212982.18,0,156.2
8125,treatment,3,17,new,mobile,0,,0,105.7
841,control,2,10,returning,mobile,0,,0,182.8
6395,treatment,2,11,returning,desktop,0,,1,163.1
11865,control,3,17,returning,mobile,1,127797.77,0,107.6
5650,control,3,20,new,desktop,0,,0,209.1
10980,treatment,1,5,returning,desktop,1,226640.73,1,186.7
3342,treatment,3,17,new,desktop,1,225827.88,0,87.2
599,treatment,2,12,returning,mobile,1,382671.57,0,153.8
2124,control,2,8,returning,desktop,1,91664.04,0,222.7
5513,control,2,13,returning,desktop,1,151825.3,0,141.3
8415,control,1,3,new,desktop,0,,0,179.3
9441,treatment,1,2,returning,mobile,0,,0,56.2
10140,control,1,2,returning,mobile,0,,1,190.2
9119,treatment,1,1,returning,desktop,0,,1,71.0
11594,treatment,2,11,returning,desktop,0,,0,109.9
6000,treatment,1,6,returning,mobile,0,,0,155.4
2198,treatment,1,5,returning,mobile,0,,0,134.6
4052,treatment,2,8,returning,mobile,0,,0,137.8
1217,control,3,18,new,desktop,0,,0,243.3
3363,treatment,2,10,new,desktop,0,,0,128.1
2502,treatment,3,17,returning,desktop,0,,0,100.3
726,control,1,2,returning,mobile,0,,0,161.9
7137,control,3,21,returning,desktop,0,,0,221.1
979,treatment,1,6,new,mobile,0,,0,53.8
809,treatment,3,16,returning,mobile,1,159181.85,0,81.7
7339,control,3,17,new,desktop,0,,0,166.2
1476,treatment,2,8,returning,mobile,1,194211.43,0,118.0
9010,control,3,16,returning,mobile,0,,0,197.0
7335,control,3,19,new,mobile,0,,0,188.7
8010,treatment,1,6,new,desktop,0,,1,105.2
4907,treatment,2,10,returning,desktop,0,,0,150.7
10805,treatment,1,3,new,desktop,0,,0,218.5
10830,control,1,6,returning,mobile,0,,0,150.6
4931,treatment,3,15,returning,mobile,0,,0,221.2
4543,treatment,2,10,new,desktop,0,,0,79.7
3963,treatment,2,14,returning,mobile,0,,0,97.6
10129,control,2,11,returning,mobile,0,,0,127.5
2672,control,1,3,returning,desktop,0,,0,169.7
7104,control,2,9,returning,mobile,0,,0,215.9
1236,control,1,6,new,mobile,0,,0,188.7
1226,treatment,2,11,new,mobile,0,,0,155.1
1765,control,2,11,new,mobile,0,,0,154.3
9701,control,1,1,new,mobile,1,156610.44,0,75.9
7681,treatment,1,5,new,mobile,0,,0,136.3
10572,treatment,2,14,returning,mobile,1,155058.84,1,195.4
9750,control,2,11,new,mobile,0,,0,203.0
9673,treatment,1,4,returning,mobile,0,,0,102.0
3218,control,3,18,new,desktop,0,,0,142.9
5738,treatment,3,20,returning,desktop,0,,1,221.5
288,control,3,19,new,desktop,0,,0,212.2
7437,control,2,10,returning,mobile,0,,0,98.5
2967,control,3,15,returning,mobile,1,125094.89,0,161.9
3165,treatment,2,10,returning,mobile,1,128128.77,0,236.2
11290,control,1,6,returning,mobile,0,,0,196.6
10661,control,3,17,returning,desktop,1,219149.52,0,227.0
1658,treatment,2,11,returning,mobile,0,,1,149.6
1976,control,3,16,returning,desktop,1,162525.29,0,133.0
2398,control,1,3,new,mobile,0,,0,160.0
453,treatment,3,15,returning,mobile,1,87109.1,0,183.1
2711,treatment,1,2,returning,mobile,1,194492.42,0,90.8
10985,treatment,3,16,new,mobile,0,,0,152.4
6793,treatment,2,9,new,mobile,0,,0,106.1
3682,control,2,8,returning,mobile,0,,0,187.7
6716,treatment,3,21,returning,mobile,0,,0,191.7
423,control,2,12,returning,mobile,1,124003.11,0,192.4
8457,treatment,3,20,returning,desktop,1,664820.56,0,150.1
5317,control,3,16,new,mobile,0,,0,230.6
658,control,3,16,new,desktop,0,,0,250.0
3302,control,1,3,new,desktop,0,,0,244.3
10105,treatment,1,1,returning,desktop,0,,0,140.3
2846,treatment,1,3,returning,desktop,0,,0,149.6
4067,control,1,7,returning,mobile,0,,0,232.7
9402,treatment,2,10,new,mobile,1,167312.43,1,140.7
5245,control,3,15,new,mobile,0,,0,100.1
1002,control,3,20,new,desktop,0,,0,197.2
4199,control,1,7,new,mobile,0,,0,215.0
2419,control,2,9,new,mobile,0,,0,120.3
876,treatment,2,14,new,mobile,0,,0,96.3
10889,control,3,15,new,mobile,0,,0,153.3
6727,control,3,15,returning,desktop,1,124064.43,0,191.7
3848,treatment,1,6,new,mobile,0,,0,194.7
962,control,2,13,returning,mobile,0,,0,226.9
1581,treatment,2,12,new,mobile,0,,0,258.6
9726,treatment,1,1,returning,mobile,0,,0,162.2
7329,control,1,4,new,mobile,0,,0,217.2
2207,treatment,3,18,returning,mobile,0,,0,123.3
4267,control,2,8,returning,desktop,0,,0,241.5
8381,control,2,12,returning,mobile,0,,0,200.6
11902,control,1,7,new,desktop,0,,0,153.0
4232,control,3,20,new,desktop,1,126296.69,0,215.1
758,treatment,1,6,returning,mobile,0,,0,176.9
4867,control,2,12,new,mobile,0,,0,135.5
5407,control,1,2,new,mobile,0,,0,172.6
5314,treatment,3,17,returning,desktop,0,,0,151.9
2285,control,2,11,returning,desktop,0,,0,121.1
8874,treatment,1,6,returning,mobile,0,,0,159.5
10414,treatment,3,18,new,mobile,0,,0,147.0
5508,control,1,6,returning,mobile,0,,0,175.3
5310,control,3,15,returning,mobile,0,,0,211.1
10656,control,3,18,returning,mobile,0,,0,212.5
4828,control,1,5,new,desktop,0,,0,132.0
9246,treatment,3,17,new,desktop,1,142689.02,0,151.4
7314,treatment,2,10,returning,mobile,0,,0,77.1
808,control,3,19,returning,mobile,0,,0,166.4
3908,treatment,1,6,returning,mobile,0,,0,171.7
6142,control,2,10,new,desktop,0,,0,201.9
7460,treatment,1,3,returning,mobile,0,,0,113.2
9989,control,2,9,returning,mobile,0,,0,193.1
1957,treatment,1,7,new,desktop,0,,0,193.9
2446,treatment,1,3,returning,mobile,0,,0,194.1
8352,treatment,2,12,returning,mobile,0,,0,126.9
9793,control,3,17,new,desktop,0,,0,240.0
8518,control,3,18,new,mobile,0,,0,220.5
11828,control,2,10,new,desktop,0,,0,219.0
2403,treatment,3,17,new,mobile,0,,0,73.6
8645,control,3,19,returning,desktop,0,,0,200.9
1074,treatment,1,4,returning,mobile,0,,0,155.1
10362,treatment,3,19,returning,mobile,0,,0,200.8
3399,treatment,3,19,returning,desktop,0,,0,176.1
4241,treatment,2,11,returning,desktop,0,,0,92.8
6525,control,2,8,returning,desktop,0,,0,207.0
5437,treatment,2,14,returning,desktop,1,359325.58,0,76.2
7586,control,2,12,returning,mobile,1,134963.86,0,232.6
10198,treatment,1,2,returning,desktop,0,,0,62.1
2092,treatment,2,14,new,mobile,0,,0,147.4
4528,treatment,1,1,returning,mobile,0,,0,170.8
11993,treatment,3,18,returning,mobile,0,,0,70.5
1699,treatment,1,6,new,mobile,0,,0,140.1
8961,control,2,10,returning,mobile,0,,0,129.4
10062,control,1,1,returning,mobile,0,,0,190.3
11005,treatment,1,5,returning,desktop,0,,0,118.0
8705,control,2,14,returning,desktop,0,,0,145.6
8993,control,1,1,new,mobile,0,,0,161.2
1004,control,2,12,returning,mobile,0,,0,256.9
10907,treatment,2,10,returning,desktop,0,,0,102.3
10764,treatment,2,9,returning,desktop,0,,0,143.3
7697,control,2,14,returning,desktop,0,,0,190.8
4652,treatment,3,21,new,mobile,0,,0,211.4
10031,treatment,3,16,returning,mobile,0,,0,61.2
10013,control,2,9,returning,mobile,0,,0,118.0
6157,control,3,17,returning,mobile,0,,0,181.5
1486,control,3,19,returning,mobile,0,,0,203.3
11070,control,2,9,returning,mobile,0,,0,226.8
5369,treatment,2,11,returning,desktop,0,,0,224.2
1412,treatment,1,7,new,mobile,0,,0,151.3
6290,treatment,3,20,returning,mobile,1,451174.16,0,159.2
11317,control,1,3,new,mobile,0,,0,154.3
10890,control,1,6,new,mobile,0,,0,180.5
10841,treatment,1,7,returning,desktop,0,,1,194.2
710,control,1,5,returning,desktop,0,,0,166.2
9561,treatment,1,2,new,desktop,1,228175.2,0,170.2
3604,control,1,1,returning,mobile,0,,0,197.9
986,treatment,3,19,returning,desktop,0,,0,183.4
3077,control,2,8,new,mobile,0,,0,143.3
6170,treatment,3,16,new,mobile,0,,0,177.9
11526,treatment,2,13,returning,desktop,0,,0,132.0
8376,treatment,1,7,returning,mobile,0,,0,174.7
6714,treatment,2,11,returning,mobile,1,147808.1,0,111.0
5078,control,3,19,new,mobile,0,,0,219.1
4102,treatment,2,14,new,mobile,0,,0,209.4
7748,treatment,2,10,new,desktop,0,,0,134.2
2723,control,3,19,returning,mobile,0,,0,180.0
11230,treatment,1,7,returning,mobile,0,,0,138.9
1269,control,2,8,new,desktop,0,,0,169.2
2463,control,2,10,returning,desktop,0,,0,168.6
11906,treatment,1,6,new,desktop,1,276498.44,0,55.2
269,control,1,1,returning,mobile,0,,0,251.2
3581,treatment,1,2,new,mobile,0,,0,129.3
4751,control,1,4,returning,mobile,0,,0,205.3
7758,control,1,5,returning,desktop,0,,0,145.8
7150,treatment,1,4,returning,desktop,0,,0,167.3
7476,treatment,3,20,returning,mobile,0,,0,142.6
7451,control,3,17,new,mobile,0,,0,128.5
8833,control,1,5,returning,desktop,0,,0,174.4
2822,treatment,2,12,new,mobile,0,,0,20.0
7877,treatment,3,20,new,desktop,1,122645.21,0,208.6
590,control,3,18,returning,mobile,0,,0,166.7
8403,treatment,1,6,new,mobile,0,,0,140.2
10774,treatment,1,3,new,desktop,0,,0,163.2
8241,control,3,21,returning,mobile,0,,0,155.7
657,treatment,1,6,new,mobile,1,132565.67,0,149.4
9735,control,3,16,returning,desktop,0,,0,208.0
9498,control,1,6,new,desktop,1,282367.55,0,178.2
2038,control,1,2,returning,mobile,0,,0,146.4
7915,treatment,1,2,new,desktop,0,,0,114.8
8684,treatment,3,21,new,mobile,0,,0,137.7
3759,treatment,3,21,returning,mobile,0,,0,164.3
6846,control,2,14,returning,mobile,0,,0,189.1
6152,treatment,1,5,returning,mobile,0,,0,285.2
11341,treatment,3,20,new,mobile,0,,0,135.8
2029,treatment,3,18,returning,mobile,0,,0,169.3
8977,control,1,7,new,mobile,0,,0,156.5
678,control,2,14,new,mobile,0,,0,148.2
8256,control,1,6,returning,mobile,0,,0,221.5
1233,control,3,15,returning,mobile,0,,0,193.0
5455,treatment,1,3,returning,desktop,0,,0,117.0
7682,treatment,3,15,returning,mobile,0,,0,185.0
9364,treatment,2,8,returning,desktop,1,164536.51,0,116.4
7559,treatment,3,19,returning,mobile,1,1254554.3,0,123.5
7287,treatment,3,19,returning,mobile,0,,0,169.7
4857,control,1,5,returning,mobile,0,,0,226.1
7895,control,3,21,returning,desktop,0,,0,129.9
2433,treatment,3,18,returning,mobile,0,,0,149.5
8625,control,2,8,new,mobile,0,,0,113.3
10152,treatment,3,21,returning,desktop,0,,0,126.3
4648,control,1,7,returning,desktop,0,,0,264.4
10795,control,1,2,returning,desktop,0,,0,216.9
7317,treatment,2,10,new,mobile,0,,0,190.4
897,control,1,6,returning,mobile,0,,0,211.2
1612,treatment,2,9,returning,mobile,1,582795.78,1,67.0
1588,treatment,3,18,new,desktop,0,,0,94.0
6687,treatment,1,7,returning,desktop,1,139727.31,1,20.0
9615,control,2,10,new,desktop,0,,0,218.3
9911,control,2,12,returning,mobile,0,,1,216.6
1720,treatment,1,1,new,desktop,0,,0,160.1
10580,control,3,21,new,mobile,0,,0,276.5
9463,control,2,12,returning,mobile,0,,0,130.3
3807,treatment,3,15,new,mobile,0,,0,83.9
8440,control,1,3,new,mobile,0,,0,240.3
8023,treatment,1,1,new,mobile,0,,0,209.7
4702,control,1,1,new,desktop,0,,0,189.6
3962,control,2,9,new,mobile,0,,0,160.1
7854,control,3,15,new,mobile,0,,0,170.2
5558,control,3,20,returning,mobile,1,117809.95,0,155.2
5565,treatment,2,10,returning,mobile,0,,0,42.0
9317,treatment,1,7,new,desktop,0,,0,213.3
10147,control,3,20,new,desktop,0,,0,219.6
6088,control,3,18,new,desktop,0,,0,242.4
891,control,3,19,returning,desktop,0,,0,245.8
9970,treatment,1,4,new,mobile,0,,0,166.2
10798,control,3,20,new,desktop,0,,0,230.0
4007,control,3,18,new,mobile,0,,1,236.3
4940,control,1,5,new,mobile,0,,0,170.2
9524,treatment,3,21,new,mobile,0,,0,136.4
8115,control,3,16,returning,desktop,0,,0,178.8
5899,treatment,3,16,new,mobile,0,,0,120.5
6174,control,3,20,returning,mobile,0,,0,179.0
9052,treatment,1,7,returning,mobile,0,,0,192.5
5820,control,2,8,new,desktop,0,,0,184.1
8963,treatment,2,13,returning,mobile,1,450509.16,0,137.3
9827,treatment,1,1,new,desktop,0,,0,179.8
2800,treatment,2,14,new,mobile,0,,0,174.9
8576,treatment,1,2,new,mobile,0,,0,206.3
585,treatment,2,12,returning,mobile,1,77401.01,0,67.4
3269,treatment,1,2,new,mobile,1,286801.18,0,122.4
3933,treatment,1,6,returning,mobile,0,,1,97.1
4966,control,3,17,new,mobile,0,,0,199.3
1261,control,2,10,returning,mobile,0,,0,179.0
8395,control,3,19,new,mobile,0,,0,119.5
6200,treatment,1,6,returning,desktop,0,,0,194.1
6693,treatment,2,12,returning,desktop,0,,0,126.0
311,control,3,19,new,desktop,1,136830.73,1,254.9
1717,control,2,10,returning,mobile,0,,0,241.2
8040,treatment,1,4,new,mobile,0,,0,155.1
6010,treatment,1,4,new,mobile,0,,0,164.6
2053,control,3,20,new,desktop,0,,0,194.3
10707,treatment,2,12,returning,desktop,0,,0,162.5
4669,treatment,2,14,returning,mobile,0,,0,152.6
4299,treatment,1,3,new,mobile,0,,0,135.1
6647,control,1,5,new,desktop,0,,0,137.2
3784,control,1,2,new,mobile,0,,0,107.8
1009,treatment,3,18,new,desktop,0,,0,151.8
10009,control,2,9,returning,mobile,0,,0,194.5
2186,control,1,2,returning,mobile,0,,0,202.6
3624,treatment,3,18,returning,desktop,0,,0,81.5
11741,treatment,3,16,returning,mobile,0,,0,76.4
9805,control,1,5,returning,mobile,0,,0,164.3
11608,control,1,1,returning,mobile,0,,0,145.6
8497,control,3,16,new,mobile,0,,0,175.5
8024,control,1,7,new,mobile,0,,0,150.2
4835,control,3,18,new,mobile,0,,0,182.0
4060,treatment,2,10,returning,mobile,0,,0,116.8
4757,control,1,1,new,mobile,0,,0,201.5
7350,control,3,17,returning,mobile,1,180789.67,0,194.3
91,control,2,10,returning,mobile,1,157165.57,0,90.5
1988,treatment,3,20,new,mobile,0,,0,109.6
471,control,3,16,returning,mobile,0,,0,173.0
1327,control,3,19,returning,mobile,0,,0,186.3
11866,treatment,3,18,returning,desktop,1,183158.93,0,178.8
9644,control,2,10,returning,mobile,0,,0,179.9
2118,control,1,7,returning,desktop,0,,0,164.6
2938,control,1,5,new,mobile,0,,0,146.0
889,control,3,18,returning,mobile,0,,0,129.2
984,control,2,10,returning,mobile,1,245898.27,0,196.1
6933,treatment,2,9,new,mobile,0,,0,180.0
9069,treatment,1,4,new,mobile,0,,0,124.3
7702,treatment,3,15,returning,mobile,1,148511.55,0,115.2
10314,treatment,3,15,returning,mobile,0,,0,156.5
2926,treatment,3,21,returning,desktop,0,,0,180.6
7800,control,1,5,returning,mobile,0,,0,226.9
3215,control,1,6,new,desktop,0,,0,140.8
5885,control,2,14,returning,mobile,1,163406.78,0,310.6
2342,control,1,2,new,mobile,0,,0,142.6
8621,treatment,2,10,returning,mobile,0,,0,109.6
7959,control,1,1,returning,mobile,0,,0,168.4
9113,control,2,12,new,mobile,0,,0,137.5
8545,control,1,6,new,mobile,0,,0,215.2
10086,treatment,2,11,returning,mobile,0,,0,100.2
8122,treatment,1,4,returning,mobile,1,250896.8,0,120.6
628,control,1,3,returning,mobile,0,,0,150.0
7938,control,1,3,new,desktop,0,,0,182.4
4948,treatment,2,12,returning,desktop,1,181363.83,0,191.0
5081,control,3,15,new,mobile,0,,0,175.3
4245,treatment,1,2,returning,mobile,0,,0,124.1
7421,control,3,15,returning,mobile,1,152694.6,0,174.8
4766,control,3,16,returning,desktop,0,,0,189.5
1602,control,1,7,returning,mobile,0,,0,239.9
11518,control,1,7,returning,mobile,0,,0,125.6
1270,control,3,20,new,mobile,0,,0,212.1
129,control,1,5,returning,desktop,1,1162847.47,0,118.7
9594,treatment,2,12,returning,mobile,0,,0,106.3
10233,control,3,21,new,mobile,0,,0,159.9
1712,control,2,13,returning,mobile,1,55514.8,0,214.8
4183,treatment,2,10,returning,desktop,0,,0,192.4
8724,treatment,1,4,returning,mobile,0,,0,179.4
4236,control,1,7,returning,desktop,0,,0,178.1
6996,treatment,3,17,returning,desktop,0,,0,121.3
7525,control,3,15,new,desktop,0,,0,196.4
2399,control,1,2,new,desktop,0,,0,287.1
10732,control,3,20,returning,mobile,1,649183.46,0,161.8
8837,treatment,3,19,returning,mobile,0,,0,53.0
7874,control,1,3,returning,desktop,1,341436.93,0,194.4
8461,treatment,3,17,new,mobile,1,131893.72,0,210.0
10097,control,1,2,returning,desktop,0,,0,196.5
1187,control,1,2,returning,mobile,0,,0,199.7
8438,treatment,3,19,new,mobile,0,,0,177.9
11748,control,1,3,new,mobile,0,,0,161.2
11659,control,2,13,new,desktop,0,,0,136.5
1978,treatment,3,18,returning,mobile,1,132766.11,0,108.8
5315,control,2,13,new,mobile,0,,0,208.4
11863,treatment,3,21,returning,mobile,0,,0,113.0
4248,control,1,6,returning,desktop,0,,0,142.3
10927,treatment,1,7,new,mobile,0,,0,87.1
916,treatment,3,21,returning,mobile,0,,0,219.3
1306,treatment,1,7,new,mobile,0,,0,151.6
7898,control,2,14,returning,mobile,1,62491.59,0,156.1
3050,control,3,17,returning,desktop,0,,0,218.8
7886,control,1,7,new,mobile,0,,0,148.9
6654,treatment,1,6,returning,desktop,0,,0,190.7
11421,treatment,1,1,new,desktop,0,,0,160.2
1274,treatment,1,2,returning,desktop,0,,0,136.0
5699,treatment,3,17,returning,desktop,0,,0,127.7
6946,treatment,3,20,returning,mobile,0,,0,20.0
9730,treatment,2,9,new,mobile,0,,0,106.5
2797,treatment,2,8,returning,desktop,0,,0,123.2
6798,control,2,13,new,mobile,0,,0,232.3
1399,treatment,2,12,returning,desktop,1,46629.13,0,160.3
6616,control,1,5,returning,desktop,0,,0,210.6
3359,treatment,2,13,returning,mobile,0,,0,153.7
184,control,2,10,new,mobile,0,,0,253.3
7318,treatment,1,4,returning,mobile,0,,0,128.1
4463,control,1,7,returning,mobile,0,,0,246.1
8701,control,3,15,returning,mobile,0,,0,204.8
7708,control,3,15,returning,mobile,0,,0,195.0
3564,control,3,15,returning,mobile,0,,0,163.7
9089,treatment,3,21,new,desktop,0,,0,201.9
11142,control,2,10,returning,desktop,0,,0,230.6
6514,treatment,1,4,new,mobile,0,,0,150.9
4568,control,2,9,new,desktop,1,125873.3,0,137.2
9196,control,2,9,new,desktop,0,,0,204.6
6604,control,2,11,returning,mobile,1,157989.93,0,169.2
9721,treatment,3,17,returning,mobile,0,,0,133.9
2657,control,3,21,new,desktop,0,,0,193.3
9954,control,1,7,new,mobile,0,,0,126.4
4306,control,3,20,returning,mobile,0,,0,179.0
1962,control,1,6,new,mobile,0,,0,229.1
4993,treatment,2,9,returning,desktop,1,743739.64,0,76.4
4892,control,1,7,returning,desktop,0,,0,233.8
6139,control,2,10,returning,desktop,0,,0,212.9
5816,treatment,2,12,new,mobile,0,,0,158.3
5870,control,3,21,new,mobile,1,94521.02,0,121.3
8673,treatment,3,18,returning,mobile,0,,0,240.2
6396,treatment,3,17,returning,mobile,1,128889.15,0,135.1
11370,treatment,1,6,new,desktop,0,,0,123.6
6227,control,1,1,returning,mobile,0,,0,212.2
9046,control,3,19,new,mobile,0,,0,186.6
11967,treatment,2,14,new,mobile,0,,0,87.3
8519,treatment,3,21,returning,mobile,0,,0,133.4
1252,control,1,4,new,mobile,0,,1,166.0
3177,treatment,1,5,returning,mobile,0,,0,133.2
5073,control,1,1,new,mobile,0,,0,187.7
3360,treatment,1,7,returning,desktop,1,236021.35,0,189.3
7251,treatment,2,14,returning,mobile,0,,0,152.8
7927,control,2,9,returning,mobile,0,,0,184.0
9308,treatment,1,3,new,mobile,0,,0,123.4
10218,control,2,14,returning,mobile,0,,0,194.9
10781,control,1,1,new,mobile,0,,1,156.7
3290,control,2,9,returning,desktop,0,,0,197.5
10823,control,2,8,new,mobile,0,,0,156.0
10476,control,2,13,returning,mobile,0,,0,170.3
3191,control,1,1,returning,desktop,0,,0,253.9
11549,control,2,11,returning,mobile,1,138303.35,0,150.2
9023,treatment,1,1,returning,mobile,1,385915.98,0,111.4
1052,control,3,19,new,mobile,0,,0,202.4
4070,control,1,7,new,mobile,0,,0,250.8
8760,control,1,7,new,mobile,0,,0,146.7
3219,control,1,1,new,mobile,0,,0,218.2
8041,control,3,15,returning,mobile,0,,0,136.3
273,control,1,6,returning,desktop,0,,0,164.7
2043,treatment,3,20,new,mobile,0,,0,113.6
4764,treatment,1,6,new,mobile,0,,0,182.4
7201,control,3,21,new,desktop,0,,0,236.7
7543,treatment,3,17,new,desktop,0,,0,158.4
7666,control,1,4,returning,desktop,0,,0,133.2
1087,treatment,2,11,returning,desktop,1,139442.14,1,179.5
1474,control,1,6,returning,mobile,1,206591.17,0,152.1
11312,treatment,3,15,returning,mobile,0,,0,130.8
7921,treatment,1,7,new,mobile,1,249593.57,0,126.7
9157,control,1,4,returning,mobile,1,220057.73,0,124.0
2187,treatment,1,6,new,desktop,0,,0,235.5
10623,treatment,1,2,returning,mobile,0,,0,196.4
4323,treatment,1,2,returning,desktop,0,,0,100.3
9061,treatment,3,21,returning,mobile,1,169741.05,0,132.2
9553,treatment,3,21,new,mobile,0,,0,149.4
5832,control,1,4,new,mobile,0,,0,146.4
8110,treatment,1,1,returning,desktop,0,,0,166.3
7991,treatment,2,10,new,desktop,0,,0,120.3
11233,control,3,20,returning,mobile,0,,0,298.3
8538,treatment,2,11,new,mobile,0,,0,105.4
4710,control,2,13,new,mobile,0,,0,196.8
8193,control,2,8,new,mobile,1,71362.95,0,142.4
9768,treatment,1,4,new,mobile,0,,0,64.8
10504,treatment,3,19,returning,mobile,0,,0,136.2
10389,control,1,7,new,mobile,0,,0,214.8
3479,treatment,1,1,returning,mobile,0,,0,77.9
9158,control,3,20,returning,desktop,0,,0,167.3
3925,control,2,13,returning,desktop,1,161309.06,0,157.3
1749,control,1,6,returning,desktop,0,,0,105.9
733,control,1,7,returning,mobile,0,,0,198.1
2554,treatment,3,16,returning,mobile,0,,0,126.2
10121,control,2,11,returning,mobile,0,,0,162.0
9142,treatment,3,15,new,mobile,0,,0,184.9
8882,treatment,1,7,returning,desktop,0,,0,105.9
10480,treatment,2,11,returning,mobile,0,,0,86.2
2663,control,3,21,returning,mobile,0,,0,166.4
7875,treatment,1,4,returning,mobile,0,,0,201.6
10757,treatment,2,10,returning,mobile,0,,0,233.9
3114,treatment,3,20,new,mobile,0,,0,89.3
3304,treatment,1,6,returning,mobile,1,295070.89,0,98.2
6251,treatment,1,4,new,mobile,0,,0,153.1
1345,treatment,1,2,returning,mobile,0,,0,105.5
10553,treatment,2,10,new,mobile,0,,0,168.2
1691,treatment,1,7,returning,mobile,1,328870.33,0,165.0
7269,treatment,2,10,returning,mobile,0,,0,104.8
9598,control,2,14,returning,desktop,0,,0,230.1
5049,control,2,11,new,mobile,0,,1,225.1
7301,control,3,20,returning,mobile,0,,0,298.9
11922,treatment,3,17,returning,mobile,0,,0,132.8
3309,treatment,2,10,returning,mobile,0,,0,117.4
1505,treatment,1,4,returning,mobile,0,,0,130.9
10978,control,2,10,returning,mobile,0,,0,232.3
1807,control,1,7,new,mobile,0,,0,179.6
3872,control,3,17,new,mobile,0,,1,157.8
7781,treatment,3,16,new,mobile,0,,0,98.0
3792,control,3,15,returning,desktop,1,200678.62,0,206.1
5218,control,3,16,returning,mobile,0,,0,233.7
9922,treatment,1,7,new,desktop,0,,0,169.9
11420,treatment,3,20,new,mobile,0,,0,191.7
1068,treatment,3,16,returning,desktop,0,,0,238.9
8377,treatment,3,19,new,desktop,1,180582.45,0,181.2
11387,control,3,16,returning,desktop,0,,0,239.6
8148,control,2,11,returning,mobile,0,,0,215.7
2697,treatment,1,5,returning,mobile,1,84311.08,0,92.6
6452,control,3,17,returning,mobile,0,,0,187.1
1849,control,3,18,new,desktop,0,,0,177.9
4513,treatment,1,1,returning,mobile,0,,0,154.4
8935,treatment,2,11,new,desktop,0,,0,142.9
11080,treatment,1,3,returning,desktop,0,,0,188.2
2432,treatment,3,20,new,desktop,0,,0,94.2
11928,treatment,3,16,new,desktop,0,,0,116.0
4661,treatment,1,5,new,desktop,0,,0,168.0
6623,control,1,5,returning,desktop,1,98220.85,1,200.1
3436,treatment,2,10,new,mobile,0,,0,109.4
11646,control,2,12,returning,mobile,0,,0,240.8
11499,treatment,2,9,returning,mobile,0,,0,79.5
143,treatment,3,21,new,mobile,0,,0,109.4
10666,treatment,3,21,returning,mobile,0,,0,140.2
5587,treatment,3,18,returning,desktop,1,397963.9,0,151.1
10515,treatment,2,12,returning,mobile,1,282214.72,0,180.3
6993,treatment,2,14,returning,desktop,0,,0,120.7
7560,treatment,1,3,returning,desktop,0,,0,127.0
8013,treatment,2,14,returning,mobile,0,,0,150.6
6805,treatment,2,10,returning,desktop,0,,0,96.8
6750,treatment,2,8,returning,mobile,0,,0,159.7
6101,treatment,2,14,new,desktop,1,119215.11,0,174.6
5291,control,2,14,returning,desktop,0,,0,142.6
7636,control,3,17,returning,mobile,1,157711.54,0,161.3
3410,control,1,3,new,desktop,0,,0,246.6
1118,treatment,3,19,returning,mobile,0,,0,95.5
7372,treatment,3,15,returning,desktop,0,,0,133.1
1757,control,3,17,returning,mobile,0,,0,197.7
498,treatment,2,12,returning,desktop,0,,0,183.9
7274,control,1,7,returning,desktop,0,,0,224.6
7507,treatment,3,18,returning,mobile,0,,0,212.2
871,treatment,3,17,returning,mobile,1,340091.74,0,151.0
3358,control,1,1,new,desktop,0,,0,119.5
913,treatment,1,6,returning,mobile,0,,0,125.9
722,control,1,6,returning,desktop,0,,0,150.0
2806,control,3,16,returning,desktop,0,,0,172.4
11927,control,3,15,returning,mobile,0,,0,159.7
887,control,1,5,new,desktop,0,,0,170.6
11516,control,1,7,returning,mobile,0,,0,109.0
8820,treatment,3,17,returning,desktop,1,391694.74,0,131.0
9965,control,2,8,returning,desktop,0,,0,221.8
10051,control,3,17,new,mobile,0,,0,84.3
1521,control,2,9,returning,mobile,0,,0,154.5
10466,treatment,3,20,returning,mobile,0,,0,190.0
2747,control,2,13,returning,mobile,0,,0,159.4
10457,treatment,1,3,returning,desktop,0,,0,198.1
3546,control,1,3,new,mobile,0,,0,240.2
315,control,3,20,new,mobile,1,113209.82,0,143.4
1800,treatment,2,9,returning,desktop,0,,0,178.7
328,treatment,1,2,new,mobile,0,,0,151.2
8172,treatment,3,19,returning,desktop,0,,0,52.9
4205,treatment,2,13,returning,desktop,0,,0,116.9
5851,treatment,2,10,returning,mobile,1,190436.37,0,95.1
6130,control,2,8,new,mobile,0,,0,153.2
5448,control,1,5,new,mobile,0,,0,228.9
3130,treatment,2,8,returning,mobile,0,,0,198.9
1997,control,1,1,new,mobile,0,,0,125.0
8923,control,2,9,new,mobile,0,,0,299.3
3969,control,1,7,returning,desktop,0,,0,104.4
9784,control,3,15,new,mobile,0,,0,181.8
7984,treatment,2,8,new,mobile,0,,0,123.8
1974,control,2,10,returning,mobile,0,,0,232.6
337,control,1,7,returning,mobile,0,,0,128.0
2765,control,1,5,returning,mobile,0,,0,177.6
10078,control,2,13,returning,desktop,0,,0,228.8
276,control,2,8,new,desktop,1,255554.0,0,196.1
2986,control,3,16,returning,mobile,0,,0,151.1
8179,treatment,1,4,returning,mobile,0,,0,135.5
4621,control,3,15,new,mobile,0,,0,226.1
6532,treatment,3,17,new,desktop,0,,0,206.6
3478,treatment,3,16,returning,desktop,0,,0,114.4
7796,treatment,1,2,new,mobile,0,,0,71.9
3559,treatment,1,7,new,mobile,0,,0,173.5
8082,treatment,2,8,new,mobile,0,,0,203.5
2810,control,1,2,new,desktop,0,,0,168.8
10926,control,2,13,returning,mobile,0,,0,184.2
4862,treatment,3,17,returning,mobile,0,,0,209.8
2335,control,1,4,new,desktop,0,,0,124.4
8710,control,2,9,returning,mobile,0,,0,169.1
5247,treatment,1,6,new,desktop,0,,0,191.4
3417,treatment,2,8,returning,desktop,0,,0,210.4
308,treatment,3,20,new,desktop,0,,0,120.2
3909,treatment,2,8,returning,mobile,0,,0,60.0
9125,treatment,3,18,returning,mobile,1,177702.8,0,207.9
349,treatment,3,21,returning,desktop,0,,0,146.5
5919,treatment,2,14,returning,desktop,0,,0,66.2
827,treatment,3,16,returning,mobile,0,,0,140.8
5297,treatment,2,8,new,desktop,0,,0,107.7
7244,treatment,3,16,returning,mobile,0,,0,142.7
11399,control,2,11,returning,mobile,0,,0,157.5
9654,treatment,3,15,returning,desktop,0,,0,178.8
4483,treatment,2,13,returning,mobile,0,,0,154.9
8810,treatment,1,7,new,mobile,0,,0,172.6
3683,control,1,7,new,desktop,0,,0,132.2
11684,treatment,2,8,returning,mobile,1,381406.94,0,244.4
10872,control,2,10,new,desktop,0,,0,212.9
2054,treatment,3,17,returning,desktop,1,190793.25,0,165.9
9973,treatment,1,3,returning,mobile,0,,0,166.8
11531,treatment,3,15,new,desktop,0,,1,168.9
72,control,1,3,returning,mobile,0,,0,239.5
7976,treatment,2,9,new,desktop,0,,0,86.3
6856,control,2,9,new,desktop,0,,0,212.4
10910,treatment,2,14,returning,desktop,0,,0,202.7
11426,treatment,1,3,new,mobile,1,131560.63,0,85.6
6752,control,3,17,returning,mobile,0,,1,188.5
9101,control,1,7,returning,mobile,1,271000.72,0,183.9
8599,control,3,17,returning,mobile,1,218238.77,0,196.0
9786,treatment,3,15,returning,desktop,0,,0,200.0
7946,control,2,13,returning,mobile,0,,0,185.7
5357,treatment,2,11,new,desktop,0,,0,234.4
1667,treatment,2,9,new,mobile,0,,0,163.2
5571,control,2,9,returning,mobile,1,124298.44,0,220.2
8542,control,2,12,returning,desktop,0,,0,108.1
53,treatment,1,6,returning,mobile,0,,0,124.3
10318,treatment,3,15,returning,mobile,1,340514.5,1,45.9
6264,treatment,2,13,returning,desktop,1,125420.93,0,155.5
1446,treatment,1,5,new,desktop,0,,0,157.9
7580,control,1,7,returning,mobile,0,,0,168.8
9266,treatment,2,9,returning,desktop,1,106208.44,0,137.0
8143,control,2,12,returning,mobile,0,,0,207.5
1696,treatment,1,2,returning,mobile,0,,0,125.7
2893,treatment,1,3,returning,desktop,0,,0,179.4
11997,control,2,9,returning,desktop,0,,0,167.2
1575,control,2,11,returning,mobile,0,,0,177.5
8911,control,1,5,returning,mobile,0,,0,174.0
3204,treatment,3,16,returning,mobile,0,,1,146.7
4406,treatment,1,1,returning,desktop,0,,0,135.6
1631,control,1,1,returning,desktop,0,,0,280.5
10090,control,3,15,returning,desktop,1,135935.41,0,204.1
1882,treatment,1,3,returning,mobile,0,,0,102.2
11900,treatment,1,7,returning,mobile,0,,0,77.7
5113,treatment,1,1,new,mobile,0,,0,106.1
5709,control,3,19,returning,mobile,0,,0,190.4
5075,treatment,2,14,new,desktop,0,,0,165.9
5510,treatment,1,5,returning,mobile,0,,0,193.1
10583,treatment,3,20,returning,desktop,0,,0,53.6
8091,control,3,19,new,mobile,0,,0,204.8
849,control,1,6,new,desktop,0,,0,217.0
2925,control,1,7,returning,desktop,0,,0,163.8
8543,control,3,16,returning,mobile,0,,0,220.1
8345,treatment,3,18,returning,mobile,0,,0,162.2
2878,control,2,14,returning,desktop,1,205066.67,0,193.8
6368,control,2,11,new,mobile,0,,0,191.3
9713,treatment,2,14,returning,desktop,0,,0,121.6
187,control,1,2,new,desktop,0,,0,113.0
3780,treatment,2,9,new,mobile,0,,0,183.7
1831,control,1,6,new,mobile,0,,0,168.0
9188,treatment,3,20,new,mobile,0,,0,117.3
2960,treatment,1,3,new,mobile,0,,0,35.7
7186,control,3,17,new,mobile,0,,0,114.9
11085,control,1,3,returning,desktop,0,,0,203.7
9234,treatment,2,11,returning,mobile,0,,0,123.1
6905,control,2,9,returning,mobile,0,,0,112.6
5447,treatment,2,12,returning,mobile,0,,0,204.3
6588,treatment,1,7,returning,desktop,0,,0,113.7
1235,control,3,16,returning,desktop,1,284198.34,0,275.8
8412,treatment,1,1,returning,mobile,0,,0,108.4
3916,control,1,1,new,mobile,0,,0,178.4
447,treatment,2,11,new,mobile,0,,1,161.9
8910,control,3,21,new,desktop,0,,0,259.3
5840,control,3,18,returning,mobile,0,,0,138.8
845,control,1,3,new,mobile,0,,0,219.8
5202,control,1,6,new,mobile,0,,0,201.0
10544,treatment,1,4,returning,mobile,0,,1,130.6
8263,treatment,1,4,new,desktop,0,,0,161.1
7494,control,1,1,returning,desktop,0,,0,188.6
7832,treatment,3,18,new,mobile,0,,0,140.9
2441,treatment,1,7,returning,mobile,0,,0,144.6
3104,treatment,1,7,new,desktop,0,,0,154.9
10292,treatment,3,16,returning,mobile,1,87548.99,0,118.4
4775,control,2,9,returning,mobile,0,,0,248.8
8819,treatment,3,21,returning,desktop,0,,0,158.4
6975,treatment,2,14,returning,mobile,0,,0,193.5
6095,treatment,2,12,returning,mobile,0,,0,205.6
1295,control,1,3,new,desktop,0,,0,248.5
9485,treatment,2,14,returning,mobile,0,,1,112.7
5519,control,2,14,returning,mobile,0,,0,151.8
11375,control,2,10,returning,mobile,0,,0,175.8
5068,control,1,6,new,mobile,0,,0,226.8
3443,control,3,21,returning,mobile,0,,0,129.1
10123,control,3,19,returning,desktop,0,,0,246.3
9261,treatment,2,9,new,desktop,0,,1,123.2
9995,control,3,15,returning,desktop,0,,0,167.8
2838,control,1,1,new,mobile,0,,1,227.5
777,treatment,1,2,returning,desktop,1,235830.61,0,189.0
11658,treatment,2,14,returning,mobile,0,,0,207.3
11140,control,1,4,new,mobile,0,,0,184.8
6325,treatment,2,14,returning,mobile,0,,0,155.5
2154,treatment,1,7,new,desktop,0,,0,120.4
5559,treatment,1,5,returning,mobile,1,79178.02,0,98.8
4921,control,1,6,returning,mobile,0,,0,120.1
7772,control,1,6,returning,desktop,1,48537.63,0,197.8
11389,control,2,11,returning,desktop,0,,0,227.7
8009,treatment,3,17,returning,desktop,0,,0,62.5
3137,treatment,1,7,returning,mobile,0,,0,111.6
10103,treatment,3,15,new,mobile,0,,0,105.2
5463,control,3,15,new,mobile,0,,0,164.4
8736,control,2,11,new,desktop,0,,0,176.7
11820,control,3,17,returning,mobile,0,,0,264.7
3184,control,2,13,new,mobile,1,54562.45,0,133.9
9962,control,3,19,returning,desktop,1,1775287.16,0,140.5
1944,control,1,3,returning,mobile,0,,0,152.5
9547,treatment,3,17,returning,mobile,1,90731.44,0,184.7
3200,treatment,2,12,returning,mobile,0,,0,177.2
10402,control,2,8,returning,mobile,0,,0,230.1
1290,treatment,3,15,new,desktop,0,,0,166.4
4582,treatment,3,20,returning,mobile,0,,0,126.4
6336,control,2,14,new,mobile,0,,1,267.9
2501,control,1,4,new,mobile,0,,0,184.7
11411,control,3,18,new,mobile,0,,0,123.6
10713,control,1,7,returning,mobile,0,,0,194.9
11450,treatment,2,11,new,mobile,0,,0,155.7
10149,control,2,8,returning,desktop,0,,0,171.1
4107,treatment,1,3,returning,mobile,1,111602.94,0,198.0
4127,treatment,3,16,new,mobile,0,,0,98.9
9835,treatment,2,9,returning,mobile,0,,0,155.9
6934,treatment,3,17,new,mobile,0,,0,189.5
3967,control,2,14,returning,mobile,0,,0,179.7
1880,treatment,1,3,new,mobile,0,,0,54.0
10180,treatment,2,9,new,mobile,0,,0,101.5
11153,control,2,8,new,mobile,0,,0,131.0
9755,treatment,2,13,new,desktop,0,,0,103.0
5458,treatment,2,13,new,desktop,0,,0,140.5
7459,control,3,17,returning,mobile,1,155226.87,1,112.0
3588,control,1,2,returning,mobile,1,170780.4,0,164.9
10543,control,2,11,new,mobile,0,,0,198.9
3866,control,1,2,returning,desktop,1,289896.37,0,149.2
2149,treatment,2,13,new,mobile,0,,0,139.7
4132,treatment,3,19,returning,desktop,0,,0,48.3
1037,control,3,17,returning,mobile,0,,0,227.0
637,treatment,1,5,returning,desktop,0,,0,155.0
7217,treatment,3,21,returning,mobile,0,,0,182.7
9826,control,1,6,returning,mobile,0,,0,208.2
4135,treatment,2,9,new,mobile,0,,0,122.3
7742,control,3,17,new,mobile,0,,0,180.6
1084,treatment,2,10,new,mobile,0,,0,143.1
6712,treatment,2,13,returning,mobile,0,,0,229.1
862,treatment,3,15,returning,mobile,1,153129.06,0,56.1
5213,treatment,2,11,returning,desktop,0,,0,154.0
904,control,3,16,new,mobile,0,,0,164.0
192,control,1,1,returning,mobile,0,,0,178.7
110,treatment,1,6,returning,desktop,1,140053.97,0,88.1
6027,control,2,8,new,mobile,0,,0,188.7
4456,control,3,17,returning,mobile,0,,0,253.0
1943,control,3,20,returning,mobile,0,,0,221.3
7671,treatment,1,3,new,desktop,0,,0,146.4
4332,treatment,2,8,returning,mobile,0,,0,77.0
10619,treatment,1,2,returning,mobile,0,,0,93.8
10240,control,1,5,returning,desktop,0,,0,188.7
5928,treatment,3,16,new,desktop,0,,0,168.7
2041,control,2,8,returning,desktop,0,,0,80.0
9302,control,2,12,returning,mobile,0,,0,256.9
9000,treatment,1,6,new,mobile,0,,0,154.4
7788,treatment,3,19,returning,mobile,1,818963.94,0,172.3
4879,control,1,1,new,desktop,0,,0,168.0
4660,control,2,8,new,mobile,0,,0,269.6
8223,control,2,13,returning,mobile,0,,0,173.5
5002,treatment,1,2,new,mobile,0,,0,142.7
2776,control,1,5,returning,desktop,0,,0,208.9
4146,control,1,5,new,mobile,0,,0,237.3
2324,control,1,4,returning,mobile,0,,0,102.0
763,control,2,11,returning,mobile,0,,0,121.9
5922,control,3,17,new,desktop,0,,0,190.2
2618,treatment,3,15,new,mobile,0,,0,133.8
2412,treatment,1,5,returning,mobile,0,,0,120.1
1095,treatment,2,11,new,mobile,0,,0,113.9
6066,treatment,3,17,returning,desktop,0,,0,82.7
7266,control,3,19,new,desktop,0,,0,155.2
1547,control,3,18,returning,desktop,0,,0,131.5
4590,treatment,2,13,new,desktop,0,,0,134.6
6035,treatment,2,13,returning,mobile,0,,0,218.9
8093,control,2,10,new,mobile,0,,0,133.2
6954,treatment,1,5,new,desktop,1,81372.0,0,132.4
3136,treatment,2,13,new,desktop,1,344877.71,0,94.5
3857,treatment,3,21,returning,desktop,1,168504.89,0,181.7
5041,control,2,12,new,mobile,0,,0,152.6
7436,control,3,19,new,mobile,0,,0,201.4
11053,treatment,3,18,returning,mobile,0,,0,125.1
5429,treatment,2,12,new,desktop,1,122764.36,0,196.9
6524,control,1,7,new,desktop,0,,0,250.1
6420,treatment,1,5,returning,mobile,0,,0,122.5
9256,control,1,1,new,mobile,0,,0,161.7
3806,control,3,16,returning,mobile,1,90953.6,0,189.4
885,control,3,16,new,desktop,0,,0,126.4
2655,control,1,1,new,desktop,0,,0,145.0
7701,control,1,5,returning,mobile,1,285656.84,0,137.5
7661,control,2,13,returning,mobile,0,,0,166.0
8026,control,1,7,returning,mobile,0,,0,141.2
6775,treatment,2,10,returning,mobile,1,200275.94,0,111.2
10532,control,3,15,returning,mobile,1,107616.68,0,152.0
11063,control,3,20,returning,desktop,0,,0,177.8
465,treatment,3,19,returning,mobile,0,,0,221.1
1258,treatment,3,21,returning,mobile,1,112784.65,0,98.1
11810,treatment,3,16,returning,desktop,0,,0,155.4
2260,control,3,21,returning,mobile,0,,0,155.8
4275,control,1,4,new,mobile,0,,0,222.7
7075,treatment,1,1,returning,mobile,0,,0,155.7
5193,control,1,1,new,mobile,0,,0,230.9
5631,control,2,8,returning,mobile,0,,0,221.9
11623,control,1,3,new,mobile,0,,0,81.6
6232,control,1,7,returning,desktop,0,,1,192.7
7383,treatment,2,12,returning,desktop,0,,0,143.6
5301,treatment,1,2,returning,mobile,0,,0,176.5
2203,treatment,3,19,new,mobile,0,,0,114.4
10703,control,1,4,returning,desktop,1,204827.24,0,125.7
10374,control,1,7,new,mobile,0,,0,193.3
1263,control,1,1,new,mobile,0,,0,231.4
7747,treatment,2,8,returning,mobile,0,,0,166.1
7213,treatment,3,18,new,desktop,0,,0,128.1
976,treatment,1,7,new,mobile,0,,0,67.9
8603,control,1,4,new,desktop,0,,0,172.0
5867,treatment,1,5,returning,desktop,1,166063.54,0,154.6
4926,control,3,20,returning,mobile,1,117480.57,0,175.4
942,treatment,2,10,returning,mobile,0,,0,134.1
5264,treatment,2,10,new,mobile,0,,0,70.8
6583,treatment,1,1,returning,mobile,0,,0,112.4
4724,treatment,1,5,new,mobile,0,,0,105.7
2388,control,2,10,new,mobile,0,,0,166.3
11673,control,3,15,returning,mobile,0,,0,132.0
5022,treatment,1,5,new,mobile,0,,0,137.3
7130,control,3,20,returning,desktop,0,,0,128.7
4392,treatment,3,17,returning,mobile,0,,0,177.8
5149,treatment,1,6,returning,desktop,1,138590.61,0,96.8
10026,control,1,4,returning,desktop,0,,0,140.8
6804,control,2,10,returning,mobile,0,,0,139.4
3222,treatment,2,10,new,desktop,1,203146.15,0,116.4
3883,treatment,1,1,returning,mobile,0,,0,158.7
7955,treatment,3,21,new,mobile,0,,0,144.3
11325,control,2,14,returning,mobile,0,,0,207.8
1611,control,3,20,new,mobile,0,,0,220.3
3876,control,2,10,new,mobile,0,,0,149.9
5954,control,2,10,new,mobile,0,,0,187.8
2790,control,2,9,returning,mobile,0,,0,99.6
945,control,2,13,returning,mobile,0,,0,198.5
10682,treatment,2,14,returning,mobile,0,,0,42.6
1858,control,1,3,returning,mobile,0,,0,166.7
10399,treatment,2,14,new,desktop,0,,0,153.7
4109,treatment,3,15,returning,desktop,0,,0,209.0
5214,treatment,3,17,returning,mobile,0,,0,35.6
10204,control,2,12,new,desktop,0,,0,266.6
3256,treatment,1,3,new,mobile,0,,0,157.5
7324,treatment,2,14,new,mobile,0,,0,153.2
2691,treatment,3,16,returning,mobile,0,,0,161.6
8257,treatment,3,18,returning,desktop,0,,0,179.1
7390,control,1,4,new,mobile,1,141884.16,0,105.8
4628,control,2,8,new,mobile,0,,0,96.9
8962,control,1,4,returning,desktop,0,,0,250.1
1320,treatment,1,5,returning,desktop,1,135043.73,0,186.9
9084,control,3,19,returning,mobile,1,176387.25,0,118.7
11856,control,2,8,returning,desktop,0,,0,169.8
5163,control,2,8,new,mobile,0,,0,134.2
8725,treatment,2,12,returning,mobile,0,,0,113.3
10114,treatment,1,5,new,desktop,1,73075.19,0,206.0
8960,treatment,3,17,new,desktop,0,,0,146.1
1136,control,3,16,returning,mobile,0,,0,182.9
4530,treatment,1,3,returning,mobile,0,,0,182.3
3476,control,2,9,new,mobile,0,,0,271.7
3506,treatment,3,16,new,mobile,0,,0,138.9
4750,control,2,10,returning,desktop,0,,0,142.9
2478,control,3,18,new,mobile,0,,0,222.1
7943,treatment,1,1,returning,mobile,1,71774.09,0,262.1
8159,control,1,7,new,desktop,0,,0,154.8
7087,treatment,2,14,returning,desktop,0,,0,131.7
8843,control,1,3,new,desktop,1,134126.32,0,103.2
9312,treatment,3,17,new,desktop,0,,0,111.7
4502,control,1,1,new,desktop,0,,0,212.1
7966,treatment,2,8,returning,desktop,0,,0,96.1
11839,treatment,2,10,new,mobile,0,,0,97.7
6337,control,1,1,new,desktop,0,,0,118.9
8780,control,3,16,new,mobile,1,383021.09,1,194.9
6983,control,1,7,new,mobile,0,,0,229.9
7232,control,3,15,new,desktop,0,,0,160.0
8953,control,3,19,new,mobile,0,,0,237.2
1875,treatment,2,13,returning,desktop,0,,0,102.2
10207,treatment,2,9,returning,mobile,0,,0,138.7
8279,treatment,1,4,new,mobile,0,,0,148.9
11324,treatment,2,13,returning,mobile,0,,0,135.1
5097,treatment,1,4,returning,desktop,0,,0,90.0
2905,control,2,8,returning,mobile,0,,0,237.3
571,control,3,21,new,desktop,0,,0,154.6
1449,treatment,3,17,returning,desktop,0,,0,79.1
3415,control,1,3,new,desktop,0,,0,306.1
9680,control,2,13,returning,desktop,0,,0,197.9
940,control,2,12,returning,mobile,0,,0,214.1
9316,treatment,3,17,returning,desktop,1,259547.03,0,249.0
8776,control,3,19,new,desktop,0,,0,191.8
8028,treatment,1,3,returning,desktop,1,109252.34,0,114.1
10025,control,2,12,returning,desktop,0,,0,257.4
5842,control,2,11,new,desktop,0,,0,99.7
6838,treatment,2,14,returning,mobile,0,,0,105.6
8751,treatment,2,12,returning,mobile,1,356163.22,0,146.9
3227,treatment,1,7,returning,mobile,0,,0,240.6
11690,treatment,2,8,new,mobile,0,,0,139.0
6333,treatment,2,10,returning,mobile,0,,0,163.7
3979,control,1,7,returning,desktop,0,,0,121.3
4384,control,1,6,new,desktop,1,210421.0,0,197.3
5835,treatment,2,10,new,mobile,0,,0,131.3
9495,control,1,2,returning,desktop,0,,0,252.3
9190,treatment,3,16,returning,mobile,0,,0,153.2
3540,control,3,18,returning,desktop,0,,0,216.3
8498,treatment,3,21,returning,desktop,0,,0,77.9
10743,control,3,18,returning,desktop,0,,0,153.9
10663,treatment,3,17,returning,mobile,1,180907.24,0,145.6
10913,treatment,1,3,returning,mobile,0,,0,188.9
5682,control,2,14,returning,desktop,0,,0,225.7
2828,control,1,2,new,mobile,0,,0,133.8
5781,treatment,1,5,new,mobile,0,,0,139.9
3635,treatment,3,16,returning,mobile,0,,0,148.8
4997,control,3,16,returning,mobile,1,214712.56,0,117.0
1339,treatment,3,20,new,mobile,0,,0,83.4
3263,control,2,11,returning,desktop,1,172125.98,0,163.7
8675,control,2,9,returning,desktop,0,,0,132.8
6839,treatment,1,5,new,mobile,1,405774.31,0,162.0
5090,control,3,15,new,mobile,0,,0,144.6
5742,treatment,3,16,new,mobile,1,262022.43,0,141.2
651,control,1,1,new,mobile,0,,0,181.8
6040,control,2,14,new,desktop,1,133367.12,0,196.6
2903,control,1,5,returning,mobile,1,191848.86,0,239.0
2259,control,2,13,new,mobile,0,,0,164.7
11875,treatment,2,12,new,mobile,1,297894.08,0,130.7
5396,control,3,18,new,desktop,0,,0,190.4
7083,treatment,3,20,new,mobile,0,,0,82.1
11751,treatment,3,21,returning,mobile,1,595326.69,0,94.1
9523,control,2,13,returning,mobile,0,,0,125.6
3522,treatment,2,9,returning,mobile,0,,0,216.6
2731,control,3,18,returning,mobile,0,,1,147.1
7958,control,1,6,returning,mobile,1,104914.07,0,177.1
4479,treatment,3,18,new,mobile,0,,0,64.0
5661,control,2,10,returning,mobile,0,,0,260.7
1597,control,1,1,new,desktop,0,,0,195.4
68,control,3,16,returning,mobile,0,,1,212.5
2585,control,3,17,returning,desktop,0,,0,210.3
11000,treatment,3,17,returning,desktop,0,,0,177.7
6282,control,1,6,returning,mobile,0,,0,148.3
3197,treatment,3,16,returning,desktop,0,,0,161.2
11239,treatment,3,15,new,mobile,0,,0,146.3
5328,treatment,2,10,new,mobile,0,,0,174.3
9513,control,3,16,returning,mobile,1,330815.59,0,151.1
9609,treatment,2,9,new,desktop,0,,0,205.8
1259,treatment,1,2,new,desktop,0,,0,83.9
7657,treatment,3,15,returning,mobile,0,,0,103.1
6351,treatment,2,14,returning,mobile,1,230788.24,0,69.0
10214,treatment,3,21,returning,mobile,0,,0,79.4
7524,control,2,8,returning,desktop,0,,0,259.7
992,treatment,2,12,new,desktop,0,,0,83.3
3505,treatment,1,7,returning,desktop,1,236741.11,1,194.2
114,treatment,1,6,returning,desktop,0,,0,111.2
920,treatment,2,8,returning,desktop,0,,0,193.2
2510,treatment,3,18,new,desktop,0,,0,126.8
11283,treatment,2,13,new,desktop,0,,0,216.7
166,control,1,4,returning,mobile,0,,0,184.0
6742,control,1,2,returning,mobile,0,,0,156.7
7634,treatment,1,5,returning,mobile,0,,0,130.8
10244,control,1,1,new,desktop,0,,0,174.0
8676,treatment,2,10,returning,mobile,0,,0,129.2
4604,treatment,1,6,returning,mobile,0,,0,147.5
8836,control,3,21,new,mobile,0,,0,163.0
10197,control,2,13,returning,mobile,0,,0,249.8
950,control,3,21,returning,mobile,0,,0,228.5
4595,control,2,10,returning,mobile,0,,0,155.6
9799,control,1,4,returning,desktop,0,,0,219.9
3771,treatment,3,19,returning,mobile,1,176880.75,0,138.2
2507,treatment,3,19,new,desktop,0,,0,86.5
5108,control,1,3,returning,mobile,1,170644.76,0,203.6
2851,control,2,12,returning,mobile,0,,0,197.0
6001,control,1,4,returning,mobile,0,,0,292.0
8743,control,1,7,returning,mobile,0,,0,256.9
11974,control,2,14,returning,mobile,0,,0,141.8
7774,treatment,2,9,returning,desktop,0,,0,237.7
9971,treatment,2,11,returning,mobile,0,,0,68.5
4447,control,2,13,returning,desktop,0,,0,105.5
5795,treatment,3,17,returning,mobile,0,,0,95.4
10412,control,3,20,returning,mobile,0,,0,143.7
4461,control,1,6,returning,mobile,0,,0,261.3
8970,treatment,1,3,new,mobile,0,,0,159.0
2506,control,3,20,new,desktop,0,,0,300.0
9085,control,2,12,returning,desktop,0,,0,188.2
6624,control,2,8,returning,mobile,0,,0,218.5
1115,treatment,1,7,returning,desktop,0,,0,136.0
6943,treatment,1,4,returning,mobile,0,,0,146.1
10063,treatment,2,12,new,desktop,0,,0,149.9
299,treatment,1,1,returning,mobile,0,,0,172.3
1676,treatment,3,15,returning,desktop,0,,0,176.8
3348,treatment,2,12,returning,mobile,0,,0,102.4
6171,treatment,3,16,returning,desktop,0,,0,183.1
2736,control,1,6,new,desktop,0,,0,225.8
5670,treatment,2,12,new,mobile,0,,0,128.5
9591,treatment,2,9,returning,mobile,0,,0,116.5
4989,treatment,2,10,returning,mobile,1,881182.18,0,122.9
11133,control,3,19,returning,desktop,1,497943.92,0,155.9
2379,control,3,19,new,mobile,0,,0,153.5
7432,treatment,3,20,returning,mobile,0,,0,108.7
7426,control,1,3,returning,mobile,0,,0,195.2
8350,control,1,4,returning,desktop,0,,0,111.5
4326,treatment,2,9,returning,mobile,0,,0,111.4
4173,treatment,2,14,new,mobile,0,,0,129.4
9221,treatment,1,3,new,mobile,0,,0,90.8
4551,control,1,1,returning,desktop,0,,0,180.0
11606,control,1,2,new,desktop,0,,0,214.4
8611,control,2,14,new,mobile,0,,0,158.3
9602,control,2,9,new,desktop,0,,0,199.5
2104,treatment,3,15,returning,mobile,0,,0,137.9
5337,treatment,3,19,returning,mobile,0,,0,58.4
8301,treatment,3,15,returning,mobile,0,,0,207.3
3760,control,1,7,new,mobile,0,,0,237.0
9372,control,2,10,returning,mobile,0,,0,179.6
1838,control,2,8,returning,mobile,0,,0,202.9
9641,treatment,3,15,returning,desktop,0,,0,199.0
9966,control,1,5,new,mobile,0,,0,209.2
11785,treatment,2,12,new,mobile,0,,0,145.8
5711,treatment,3,21,new,mobile,0,,0,130.3
608,control,3,17,returning,mobile,0,,1,235.2
4501,control,3,20,returning,mobile,0,,0,225.8
7037,control,1,5,returning,mobile,0,,0,196.1
1094,control,3,16,returning,mobile,0,,0,211.3
7862,control,2,10,returning,desktop,0,,0,152.5
6719,treatment,1,7,returning,desktop,1,134186.62,0,137.9
8635,control,1,6,returning,mobile,0,,0,162.1
10747,control,2,8,returning,mobile,1,201744.86,0,191.7
4488,control,3,15,new,desktop,0,,0,154.9
161,control,1,4,returning,desktop,0,,0,57.8
204,control,3,15,returning,mobile,0,,0,140.1
6484,treatment,3,18,new,mobile,0,,0,175.6
3941,control,2,11,new,mobile,0,,0,221.2
8365,treatment,1,7,returning,desktop,0,,0,143.9
6104,treatment,2,10,new,mobile,0,,0,244.0
4934,control,2,11,new,desktop,0,,0,150.0
2935,treatment,3,21,returning,mobile,1,284578.54,0,101.0
1815,treatment,2,8,returning,desktop,0,,0,65.5
7648,control,1,2,new,desktop,0,,0,210.1
2436,treatment,3,16,returning,desktop,1,64996.34,0,152.6
1231,control,2,8,new,desktop,0,,0,204.0
11323,treatment,1,6,new,desktop,0,,0,118.1
11680,control,1,2,returning,mobile,1,121610.15,0,145.5
3047,control,1,4,returning,desktop,0,,0,157.3
5706,control,2,14,returning,mobile,0,,0,190.5
11586,treatment,2,13,new,desktop,0,,0,64.2
2916,control,1,7,returning,mobile,0,,0,283.2
10882,treatment,3,17,new,mobile,0,,0,113.1
7546,control,3,20,returning,mobile,0,,0,196.3
3989,treatment,1,2,new,mobile,0,,0,187.2
4252,control,3,17,new,desktop,0,,0,247.0
6112,control,3,19,new,desktop,1,171772.85,0,227.3
6829,treatment,3,15,returning,mobile,0,,0,114.1
9257,treatment,1,7,new,mobile,0,,0,167.8
8077,control,1,7,new,desktop,0,,0,219.6
6205,control,1,7,returning,desktop,1,187024.39,0,166.0
3294,control,2,11,returning,mobile,0,,0,149.7
4035,control,1,6,returning,desktop,0,,0,156.4
2726,treatment,3,17,returning,desktop,0,,0,246.5
4291,control,2,11,returning,mobile,0,,0,186.5
4335,treatment,3,17,new,mobile,0,,0,147.7
2553,treatment,2,10,new,mobile,0,,0,148.2
3878,treatment,3,21,new,mobile,0,,0,96.8
6206,treatment,2,10,new,desktop,0,,0,158.4
8533,control,2,9,returning,desktop,0,,0,208.4
8152,treatment,2,14,returning,desktop,0,,0,186.7
6880,control,2,14,returning,mobile,0,,0,173.1
7486,treatment,3,17,new,desktop,0,,0,213.4
4754,control,3,19,returning,desktop,0,,0,135.0
4887,control,3,21,returning,desktop,0,,0,196.0
858,treatment,1,5,returning,desktop,0,,0,273.6
371,treatment,3,15,returning,mobile,0,,0,196.8
6540,treatment,1,5,new,mobile,1,372516.38,0,105.4
10035,treatment,2,13,returning,desktop,1,275610.65,0,164.8
2562,treatment,3,20,returning,desktop,0,,0,117.3
3802,control,2,8,new,desktop,0,,0,144.8
2641,treatment,2,12,new,mobile,0,,0,121.4
5456,treatment,3,16,returning,mobile,0,,0,133.5
11117,control,3,21,returning,mobile,0,,0,192.7
4491,treatment,2,10,returning,mobile,0,,0,170.6
2348,treatment,3,21,returning,mobile,0,,0,71.7
650,control,2,13,new,mobile,0,,0,46.3
6860,control,3,20,new,mobile,0,,0,183.0
2782,control,2,14,returning,desktop,0,,0,229.7
8185,control,1,3,returning,mobile,0,,0,151.0
10242,control,2,11,new,mobile,0,,0,162.3
10410,control,2,8,returning,desktop,0,,0,215.6
11517,treatment,2,11,returning,mobile,1,53484.02,0,168.2
7208,control,3,19,returning,mobile,1,156602.08,0,245.4
5945,control,3,21,new,mobile,0,,0,206.8
8244,control,2,12,returning,mobile,1,121533.63,0,119.9
616,treatment,3,20,returning,desktop,0,,0,128.1
10120,control,2,14,returning,desktop,0,,0,130.5
2576,treatment,1,4,new,desktop,0,,0,95.8
54,treatment,2,14,returning,mobile,0,,0,176.6
11899,control,1,4,new,desktop,0,,0,151.0
3341,control,1,7,new,mobile,0,,0,147.2
10034,control,2,10,returning,desktop,1,286679.26,0,169.0
1706,treatment,3,20,new,mobile,1,201740.71,0,129.1
10861,control,3,19,returning,mobile,0,,0,193.0
7992,treatment,1,2,returning,desktop,0,,0,164.8
7916,treatment,3,20,returning,desktop,0,,0,205.7
1494,treatment,2,11,returning,desktop,0,,0,140.4
5877,treatment,1,1,returning,mobile,0,,0,94.0
11955,treatment,2,9,returning,mobile,0,,0,120.1
8160,control,3,20,returning,mobile,1,159830.21,0,201.1
804,treatment,1,6,returning,mobile,0,,0,121.1
4954,treatment,3,20,returning,desktop,0,,0,196.5
7744,treatment,1,4,new,mobile,1,96954.96,0,63.6
1813,treatment,3,18,new,mobile,0,,0,118.7
9149,control,2,11,returning,desktop,0,,0,128.1
991,treatment,2,9,new,desktop,0,,0,121.1
2775,treatment,3,21,returning,mobile,0,,0,194.7
9429,treatment,3,21,new,mobile,0,,1,116.5
2449,treatment,2,13,returning,mobile,0,,0,35.1
3514,treatment,2,9,new,mobile,0,,0,130.5
7934,control,1,2,new,mobile,0,,0,185.2
10066,treatment,2,10,returning,mobile,0,,0,141.2
220,control,3,17,new,desktop,0,,1,251.5
8154,treatment,3,15,returning,mobile,0,,0,82.4
1289,control,2,11,returning,desktop,0,,0,267.0
3164,treatment,2,14,new,desktop,0,,0,138.7
4679,control,3,19,returning,mobile,0,,0,143.4
2619,treatment,2,11,new,mobile,0,,0,105.1
3613,treatment,2,9,returning,desktop,0,,0,137.5
44,control,1,4,returning,mobile,0,,0,233.3
9600,treatment,3,19,returning,desktop,0,,0,135.9
8920,treatment,2,14,new,desktop,0,,0,151.9
8775,treatment,3,17,returning,desktop,0,,0,141.6
3793,control,3,18,returning,mobile,1,255870.89,0,192.9
3572,control,3,16,returning,desktop,0,,0,183.5
11975,control,3,18,returning,mobile,0,,0,163.3
1504,control,1,1,new,desktop,0,,0,195.5
8048,treatment,1,1,returning,mobile,0,,0,194.0
11795,treatment,2,14,new,mobile,0,,0,213.0
7597,control,2,12,returning,desktop,0,,1,165.5
3440,treatment,2,12,returning,mobile,1,317938.6,0,79.1
1893,treatment,3,15,new,mobile,1,99862.25,0,109.8
11564,control,1,4,returning,desktop,0,,0,138.6
11349,control,1,1,returning,desktop,1,195426.83,0,208.9
10999,treatment,2,12,returning,mobile,0,,0,106.5
5256,treatment,2,9,new,desktop,0,,0,91.9
1956,treatment,2,14,new,mobile,0,,0,92.5
11302,treatment,3,19,new,desktop,0,,0,126.4
5168,treatment,1,4,new,mobile,0,,0,114.7
4815,control,3,18,returning,mobile,0,,0,208.3
3576,control,1,7,new,mobile,0,,0,172.1
6461,control,1,2,new,mobile,0,,0,214.0
1506,treatment,2,13,returning,desktop,0,,0,50.5
8471,control,3,18,new,mobile,0,,0,151.3
671,control,1,6,new,mobile,1,141905.1,0,175.1
6492,treatment,3,15,new,mobile,0,,0,76.4
7049,treatment,1,5,new,mobile,0,,0,208.4
9836,control,2,11,returning,desktop,1,131239.41,0,233.3
10681,control,3,18,returning,mobile,0,,0,245.2
1086,treatment,3,20,new,mobile,0,,0,203.7
898,control,2,12,new,mobile,0,,0,193.7
3307,control,2,12,returning,mobile,0,,0,142.2
11652,treatment,2,9,returning,desktop,0,,0,122.3
6240,treatment,1,1,returning,mobile,0,,0,115.6
2667,treatment,1,2,returning,desktop,1,196550.65,0,133.6
7647,control,3,18,returning,mobile,0,,0,244.2
3194,treatment,1,3,returning,mobile,0,,0,141.6
2891,control,3,19,returning,mobile,0,,0,200.8
6004,control,2,8,returning,desktop,0,,0,228.7
7740,control,1,5,new,mobile,0,,0,238.5
9862,treatment,3,20,returning,mobile,0,,0,168.1
4740,treatment,3,16,returning,mobile,0,,0,189.3
2622,treatment,2,11,new,desktop,0,,0,132.0
8691,treatment,3,16,returning,mobile,0,,0,171.9
6203,treatment,1,5,new,mobile,0,,0,59.0
9267,control,3,16,returning,desktop,0,,0,214.0
9531,treatment,3,21,returning,mobile,0,,0,128.4
8405,treatment,1,6,returning,mobile,0,,0,26.9
5814,treatment,2,11,new,mobile,1,204690.93,0,139.5
3,treatment,1,6,returning,mobile,0,,0,126.4
5971,control,3,21,returning,mobile,0,,0,192.6
2371,control,2,12,returning,mobile,0,,0,242.1
3805,control,3,15,returning,mobile,0,,0,193.1
1770,treatment,2,13,returning,desktop,0,,0,144.1
10194,control,1,7,new,mobile,1,328859.45,0,218.0
8442,control,3,17,new,desktop,0,,0,222.7
6080,treatment,3,17,returning,desktop,0,,0,151.6
532,treatment,2,8,returning,mobile,0,,0,86.9
10339,control,1,1,returning,mobile,1,160552.83,0,215.6
10375,treatment,1,2,returning,mobile,1,517006.86,0,159.3
6477,treatment,3,21,returning,mobile,0,,0,105.7
6978,control,3,19,returning,mobile,0,,0,279.0
10693,control,2,14,returning,desktop,0,,1,241.9
10945,treatment,3,21,new,mobile,0,,0,63.0
3121,control,1,3,returning,mobile,1,197166.07,0,181.9
10815,control,3,17,new,mobile,0,,0,190.4
6260,control,3,20,new,desktop,0,,0,245.7
732,control,1,3,new,desktop,0,,0,111.6
3407,treatment,1,4,returning,mobile,0,,0,175.7
2340,control,2,10,returning,mobile,0,,0,197.6
5992,treatment,1,2,new,desktop,0,,0,141.9
6329,control,1,7,returning,desktop,0,,0,236.1
2799,treatment,3,17,returning,mobile,0,,0,134.2
8325,treatment,3,15,returning,mobile,0,,0,172.6
2566,control,2,12,returning,mobile,0,,0,124.2
2582,treatment,1,2,returning,mobile,0,,0,164.1
9806,treatment,3,18,returning,mobile,0,,0,182.8
8905,treatment,1,2,returning,mobile,0,,0,106.2
10184,control,1,7,new,mobile,0,,0,201.3
8773,treatment,3,17,new,mobile,0,,0,194.3
384,control,1,3,returning,mobile,0,,0,180.6
10760,treatment,2,10,returning,mobile,1,187754.12,0,228.1
11360,control,2,12,returning,desktop,0,,0,173.9
1256,treatment,1,3,returning,mobile,0,,0,101.9
2105,treatment,3,21,returning,desktop,0,,0,139.1
11246,control,3,16,returning,mobile,0,,0,108.7
9958,control,2,9,new,mobile,0,,0,119.9
8571,treatment,2,12,returning,desktop,0,,0,149.4
11259,control,3,18,returning,mobile,0,,0,180.1
4995,treatment,1,6,returning,mobile,0,,0,156.6
10753,treatment,1,1,returning,mobile,0,,0,202.5
8994,control,3,21,new,mobile,0,,0,218.6
5058,treatment,3,21,returning,mobile,0,,0,164.7
659,treatment,3,19,returning,mobile,0,,0,68.4
4435,treatment,1,3,returning,mobile,0,,0,98.6
3485,treatment,1,6,returning,mobile,0,,0,139.7
11390,control,3,21,returning,mobile,0,,0,161.4
5319,control,2,9,new,desktop,0,,0,126.6
3817,control,2,14,returning,mobile,0,,0,126.4
6774,treatment,2,10,new,desktop,0,,0,143.9
8237,treatment,2,8,new,mobile,1,153269.45,0,94.8
10677,control,2,14,new,desktop,0,,0,174.1
2547,treatment,2,10,returning,mobile,1,74232.8,0,117.8
8035,control,3,21,new,mobile,0,,0,139.2
6480,control,1,3,new,mobile,0,,0,202.2
1622,treatment,2,11,new,desktop,0,,0,162.2
11305,treatment,1,5,returning,desktop,0,,0,215.7
7261,treatment,2,12,returning,desktop,1,768046.92,1,44.1
3905,control,3,20,returning,mobile,0,,0,173.9
1848,treatment,1,7,new,mobile,0,,0,148.1
10676,treatment,1,5,new,mobile,0,,0,202.8
1097,control,1,1,new,mobile,0,,0,128.6
6812,control,3,17,returning,mobile,1,166829.31,0,196.6
8658,control,1,4,returning,desktop,0,,0,125.3
11041,treatment,1,1,returning,desktop,0,,0,122.4
11695,control,3,16,returning,desktop,0,,0,150.0
5500,control,1,7,returning,desktop,0,,0,262.8
11093,treatment,1,5,returning,mobile,1,131759.96,0,115.2
2464,treatment,1,7,new,desktop,0,,0,20.0
10598,control,3,18,returning,mobile,0,,0,281.2
3701,treatment,3,21,new,desktop,0,,0,194.1
6685,control,3,15,returning,mobile,0,,0,146.4
9177,control,1,6,new,desktop,1,419835.19,0,169.2
11790,control,1,1,returning,mobile,0,,0,134.9
1789,treatment,1,7,new,desktop,0,,0,134.1
251,treatment,1,2,returning,desktop,0,,0,193.3
7705,control,2,9,returning,mobile,0,,1,185.5
6315,treatment,1,1,returning,desktop,0,,0,201.5
10983,control,3,18,new,mobile,0,,0,219.7
3646,treatment,1,1,new,desktop,0,,0,147.3
1777,treatment,2,8,new,mobile,1,352931.83,0,48.0
193,control,1,6,returning,mobile,1,158538.55,0,198.8
821,control,1,5,new,mobile,0,,1,109.1
11553,treatment,1,3,new,desktop,0,,0,175.5
8230,treatment,2,10,returning,mobile,0,,0,159.0
9217,treatment,1,7,returning,desktop,0,,0,184.4
10312,control,3,18,returning,desktop,0,,0,192.3
8891,treatment,2,8,returning,desktop,0,,0,45.5
4401,treatment,3,21,new,mobile,0,,0,114.9
9116,treatment,1,1,returning,mobile,0,,0,187.7
5389,control,2,14,returning,mobile,0,,0,196.5
4167,control,2,12,returning,mobile,0,,1,147.5
9430,treatment,1,1,returning,mobile,0,,1,108.2
11226,control,1,1,new,mobile,1,4518463.41,0,192.8
4952,treatment,3,16,returning,desktop,0,,0,121.2
2688,treatment,2,14,new,mobile,0,,0,131.2
4391,control,3,16,new,mobile,0,,0,231.6
11740,treatment,1,4,new,desktop,0,,0,170.6
3389,control,2,11,new,mobile,0,,0,162.7
4928,control,1,5,new,mobile,0,,0,190.6
9083,control,1,4,new,mobile,0,,0,226.9
5553,control,2,11,returning,desktop,0,,0,184.0
2608,control,2,13,new,mobile,0,,0,169.4
9382,control,2,14,new,desktop,0,,0,228.9
239,control,3,18,new,mobile,0,,0,181.8
4016,treatment,1,3,new,mobile,0,,0,191.5
11729,treatment,1,5,new,desktop,0,,0,169.7
2978,treatment,2,9,new,mobile,0,,0,205.4
8226,control,3,15,returning,mobile,0,,0,243.2
10796,treatment,1,5,returning,desktop,0,,0,70.1
9545,treatment,1,2,returning,desktop,0,,0,125.6
11886,control,2,11,returning,desktop,0,,0,190.3
5474,control,2,9,new,desktop,1,247622.16,0,195.9
946,control,2,14,returning,mobile,0,,0,179.3
9426,treatment,2,8,new,mobile,0,,0,135.9
9512,control,2,12,returning,mobile,1,2975131.62,1,162.2
5098,treatment,2,10,returning,mobile,0,,0,133.7
8690,treatment,2,13,new,mobile,0,,0,80.7
6056,control,1,4,returning,mobile,0,,0,198.9
6474,treatment,2,8,returning,desktop,0,,0,90.4
8969,treatment,1,1,returning,mobile,0,,0,153.3
8290,control,2,8,new,mobile,0,,0,147.8
3553,control,2,14,returning,desktop,0,,1,205.0
11962,control,2,12,returning,mobile,1,90936.35,0,132.4
3361,control,3,18,new,mobile,0,,0,143.0
7343,treatment,2,13,returning,desktop,0,,0,79.5
10644,treatment,3,15,new,mobile,0,,0,53.1
5629,control,3,17,returning,desktop,0,,0,135.2
2411,treatment,2,11,returning,desktop,1,136087.09,0,155.6
7752,control,3,20,returning,mobile,0,,0,217.3
5784,treatment,3,17,returning,desktop,0,,0,115.3
4508,control,1,4,returning,mobile,1,301217.13,0,155.8
10138,treatment,1,3,returning,desktop,0,,0,130.5
3983,treatment,3,20,new,mobile,1,1832683.08,0,151.6
8296,control,1,3,returning,mobile,1,98315.05,0,111.1
147,control,2,10,returning,desktop,0,,0,189.6
8212,treatment,3,19,new,mobile,0,,0,127.2
6902,treatment,1,5,new,mobile,0,,0,147.0
8865,control,1,1,new,mobile,0,,0,207.9
2295,control,2,11,new,mobile,0,,0,125.8
8285,control,2,9,returning,mobile,0,,0,244.6
2254,treatment,1,3,returning,mobile,0,,0,117.2
7179,treatment,3,19,new,desktop,0,,0,102.1
3612,control,2,9,returning,mobile,0,,0,162.7
5354,treatment,1,3,new,desktop,0,,0,127.5
1737,treatment,2,11,returning,desktop,0,,0,152.8
8342,treatment,3,17,returning,mobile,0,,0,148.2
9499,treatment,3,19,new,desktop,0,,0,115.6
115,control,2,12,returning,mobile,0,,0,172.4
11950,control,2,10,returning,mobile,0,,0,150.2
6127,control,1,7,returning,mobile,0,,0,195.1
8182,treatment,3,16,returning,mobile,1,416740.33,0,122.6
11367,control,3,18,returning,mobile,0,,0,158.2
9960,control,3,21,returning,desktop,1,172104.31,0,192.9
499,control,1,1,returning,mobile,0,,0,158.8
7082,treatment,1,4,returning,mobile,0,,0,164.2
6560,control,3,15,returning,desktop,0,,0,194.5
6379,control,3,20,returning,mobile,0,,0,157.7
4734,control,2,9,returning,desktop,0,,0,78.4
721,treatment,1,6,new,mobile,0,,0,162.4
7582,treatment,2,12,returning,mobile,0,,0,172.0
4385,treatment,2,13,returning,mobile,0,,0,250.2
10608,treatment,3,20,returning,mobile,0,,1,150.2
8238,treatment,3,20,new,mobile,0,,0,103.2
5726,treatment,3,21,returning,mobile,0,,0,144.0
3090,treatment,2,13,returning,desktop,0,,0,123.9
9210,treatment,1,4,returning,desktop,0,,0,22.1
9232,treatment,1,2,new,desktop,0,,0,118.1
485,control,2,10,returning,desktop,1,148879.74,0,233.6
4546,control,2,9,new,mobile,0,,0,246.4
597,treatment,3,16,new,mobile,0,,0,68.8
10899,control,1,3,returning,desktop,1,213013.97,0,148.6
8485,treatment,3,18,returning,mobile,0,,0,132.9
8867,control,1,7,returning,desktop,1,191562.84,0,218.6
5165,treatment,3,15,returning,mobile,0,,0,117.8
10964,treatment,1,7,returning,desktop,1,156001.57,0,147.8
1648,treatment,3,21,returning,desktop,0,,0,142.7
4591,control,3,18,returning,desktop,0,,0,121.7
7540,control,2,11,returning,desktop,0,,0,236.9
9981,control,2,14,returning,desktop,0,,0,173.4
6816,control,3,20,new,mobile,1,197717.95,0,160.3
2701,treatment,3,20,returning,mobile,0,,0,121.9
9356,control,1,4,new,desktop,0,,0,182.7
1701,treatment,3,19,new,desktop,0,,0,140.3
10721,control,2,12,returning,mobile,0,,0,172.7
5405,treatment,1,2,new,desktop,0,,0,87.0
11340,control,3,18,returning,mobile,0,,0,138.4
2774,control,1,5,returning,mobile,0,,0,257.3
2943,treatment,2,11,returning,mobile,0,,0,158.0
6969,treatment,2,9,returning,desktop,0,,0,187.6
6558,control,1,5,returning,mobile,0,,0,143.4
8432,control,3,16,returning,desktop,1,357131.79,0,188.7
6220,control,1,7,returning,desktop,0,,0,215.0
2513,control,2,8,returning,mobile,1,271761.99,1,181.5
87,treatment,2,13,returning,mobile,0,,0,172.7
7594,treatment,1,1,new,mobile,1,171497.99,0,114.8
2309,treatment,2,9,returning,mobile,0,,0,128.9
2678,treatment,3,18,new,mobile,0,,0,178.1
9839,treatment,2,12,returning,mobile,0,,0,122.2
9815,treatment,2,14,new,mobile,0,,0,143.8
10497,control,2,9,returning,mobile,0,,0,207.4
2595,control,1,3,returning,mobile,0,,0,206.8
11373,control,2,8,new,desktop,0,,0,246.5
9714,treatment,2,10,returning,mobile,0,,0,177.5
1030,control,2,9,returning,desktop,0,,0,202.8
137,treatment,2,11,returning,mobile,1,182687.44,0,194.1
6973,control,1,1,new,desktop,1,56566.54,0,172.6
1237,control,1,6,new,mobile,0,,0,188.7
7025,control,3,17,returning,mobile,0,,0,176.3
6241,treatment,2,14,returning,desktop,0,,0,156.6
8522,control,1,3,new,mobile,0,,0,141.8
2855,treatment,3,20,returning,desktop,0,,0,69.3
4410,control,2,13,new,mobile,0,,0,112.9
7530,control,3,21,new,mobile,0,,0,263.4
1201,treatment,3,15,returning,mobile,0,,0,106.3
6122,control,1,6,new,mobile,0,,0,195.2
4718,treatment,1,7,new,mobile,0,,0,175.9
11417,treatment,1,7,returning,mobile,0,,0,188.7
7557,control,1,5,new,mobile,1,89777.55,0,171.6
8826,treatment,1,1,new,mobile,1,170505.16,0,180.6
567,treatment,2,12,returning,mobile,1,228128.59,0,135.7
9254,treatment,2,14,returning,mobile,0,,0,126.1
5934,control,3,15,new,mobile,0,,0,195.6
5431,control,1,2,returning,mobile,0,,0,191.1
5869,control,3,18,new,mobile,0,,0,141.6
6297,treatment,1,4,returning,mobile,0,,0,81.0
3928,treatment,3,21,returning,desktop,0,,0,120.3
6196,control,2,8,new,mobile,0,,0,188.8
8460,treatment,3,20,returning,mobile,1,161832.58,0,140.4
9458,control,3,16,returning,mobile,0,,0,167.0
10588,treatment,2,10,returning,mobile,0,,0,147.8
8808,treatment,3,20,new,desktop,0,,0,94.8
9566,treatment,2,10,new,desktop,1,113141.68,0,88.8
3607,control,1,4,returning,mobile,0,,0,162.8
10687,treatment,2,10,returning,mobile,0,,0,149.6
9913,treatment,2,10,new,mobile,1,80964.56,0,187.8
2331,treatment,1,2,new,mobile,0,,0,166.7
3516,treatment,1,6,returning,desktop,0,,1,151.0
2188,treatment,2,12,returning,mobile,0,,0,109.3
196,control,1,1,new,mobile,0,,0,193.7
9252,control,2,11,returning,mobile,0,,0,287.0
8197,treatment,2,8,returning,mobile,0,,0,101.7
5060,control,2,13,returning,mobile,1,56937.46,0,189.0
803,treatment,1,4,new,mobile,0,,0,146.6
7763,control,2,14,returning,desktop,0,,1,189.4
5716,control,3,20,returning,desktop,0,,0,211.3
10289,control,1,4,new,mobile,0,,0,179.7
2669,treatment,1,6,returning,mobile,0,,0,77.0
8355,treatment,1,5,returning,mobile,1,117014.55,0,114.8
6599,control,1,2,new,desktop,0,,0,185.5
242,treatment,1,5,returning,desktop,0,,0,218.0
2069,control,2,11,returning,mobile,0,,0,139.1
9542,treatment,1,1,returning,mobile,1,195494.63,0,118.2
8273,treatment,1,2,new,mobile,0,,0,27.0
10495,treatment,3,15,new,mobile,0,,0,164.5
645,treatment,2,13,returning,desktop,0,,0,102.5
11247,control,3,17,returning,desktop,1,152219.23,0,187.1
5104,treatment,3,19,returning,mobile,1,461024.97,0,138.4
5461,treatment,3,19,new,desktop,0,,1,228.1
7206,control,3,18,returning,desktop,1,289305.13,0,164.7
1638,treatment,1,2,returning,mobile,0,,0,260.4
7553,control,2,11,new,desktop,0,,0,131.8
121,treatment,2,9,returning,mobile,0,,0,189.5
5874,control,2,14,returning,desktop,1,84665.44,0,145.3
2982,control,3,21,returning,mobile,0,,0,171.8
5070,treatment,1,1,returning,mobile,1,273563.77,0,41.4
3075,treatment,2,8,new,mobile,0,,0,115.7
10704,treatment,2,14,returning,desktop,0,,0,128.2
7297,treatment,1,6,returning,mobile,0,,0,57.8
3279,control,3,18,returning,mobile,0,,0,177.2
7132,treatment,3,18,returning,mobile,0,,0,133.6
8004,control,1,6,new,mobile,0,,0,180.6
2136,treatment,2,9,returning,mobile,0,,0,167.9
9741,treatment,2,11,returning,mobile,0,,0,143.2
4971,treatment,3,20,new,mobile,0,,0,149.3
9251,control,1,1,returning,mobile,0,,0,175.3
135,treatment,3,20,new,mobile,0,,0,111.6
4352,control,2,9,returning,mobile,0,,0,262.8
7382,control,3,21,new,mobile,0,,1,196.4
6916,treatment,1,6,new,desktop,0,,0,206.6
5325,control,1,3,new,mobile,0,,0,188.0
8404,treatment,1,5,returning,mobile,1,873636.82,0,148.6
11569,control,1,3,new,desktop,0,,0,198.5
11905,control,3,19,new,mobile,0,,0,207.8
2560,control,1,2,new,mobile,0,,0,187.3
7830,control,3,18,new,mobile,1,86548.46,0,273.5
63,treatment,3,20,returning,desktop,0,,0,161.6
10059,treatment,3,20,new,desktop,0,,0,172.1
9552,control,3,16,new,desktop,0,,0,149.0
11939,control,3,16,returning,desktop,1,128621.05,0,162.1
1359,treatment,2,9,new,mobile,0,,0,127.4
8791,treatment,3,21,returning,mobile,1,319447.22,0,168.9
8702,treatment,3,19,returning,mobile,0,,0,161.2
11329,treatment,1,4,returning,desktop,1,172324.33,0,154.4
3698,control,1,2,returning,desktop,0,,0,209.8
2468,treatment,1,5,returning,desktop,0,,0,116.3
680,control,2,8,new,mobile,0,,0,169.3
2042,treatment,3,16,returning,mobile,1,180010.08,0,121.6
742,control,1,1,returning,mobile,0,,0,194.3
5308,control,3,17,returning,mobile,0,,0,159.2
6267,control,2,12,returning,desktop,1,143822.24,0,264.9
8927,treatment,2,10,returning,mobile,1,343603.21,0,134.6
3642,control,2,12,new,mobile,0,,0,171.0
445,control,2,10,new,mobile,0,,0,224.3
9779,treatment,3,18,new,mobile,1,168812.96,0,202.2
11169,treatment,1,4,returning,desktop,1,149230.0,0,98.0
3259,treatment,1,4,new,mobile,1,258929.34,0,167.6
4664,control,2,9,returning,mobile,0,,0,257.3
1874,treatment,3,17,new,mobile,0,,0,96.2
4745,control,1,7,new,mobile,0,,0,168.0
2597,control,1,7,new,mobile,0,,0,71.7
1718,treatment,1,2,returning,desktop,0,,0,162.6
2913,treatment,2,9,new,desktop,0,,0,151.0
2844,control,2,8,new,mobile,0,,0,258.9
4028,treatment,3,17,returning,mobile,0,,0,235.4
5489,control,2,12,returning,mobile,0,,0,162.5
11783,treatment,1,7,new,mobile,0,,0,176.2
8025,control,3,16,returning,desktop,0,,0,228.6
7787,treatment,2,14,new,mobile,0,,0,45.5
4486,control,3,15,returning,mobile,0,,0,238.4
2557,control,1,6,returning,desktop,0,,0,199.2
11609,control,3,19,returning,mobile,0,,0,219.8
6865,treatment,3,20,returning,mobile,0,,0,122.1
490,treatment,1,5,returning,desktop,0,,0,134.9
494,control,3,17,returning,mobile,0,,0,137.1
691,control,1,5,new,mobile,0,,0,165.0
10084,treatment,1,4,returning,mobile,0,,0,139.7
3822,treatment,1,6,new,mobile,0,,0,127.1
603,treatment,3,15,returning,mobile,0,,0,128.7
1912,control,1,3,returning,desktop,1,307031.27,0,137.2
1015,control,1,4,returning,mobile,1,121859.71,0,210.1
8514,treatment,1,6,new,mobile,0,,0,148.3
870,control,1,7,returning,desktop,0,,0,244.2
1994,control,2,12,new,desktop,0,,0,209.5
2435,treatment,1,2,new,desktop,1,196470.96,0,94.8
3758,control,1,5,new,mobile,0,,0,173.5
6648,control,3,15,new,desktop,0,,0,130.0
10209,control,1,1,returning,mobile,0,,0,201.9
2367,control,3,18,returning,desktop,0,,0,185.4
7611,treatment,1,6,returning,desktop,0,,0,111.1
5284,control,1,6,new,desktop,1,189790.55,0,214.9
4371,control,2,11,new,desktop,0,,0,105.9
2687,control,1,4,new,mobile,0,,1,162.7
1574,treatment,3,19,new,desktop,0,,0,161.6
1362,control,1,1,returning,desktop,0,,0,225.0
8639,treatment,1,5,returning,desktop,0,,0,177.6
1527,control,3,21,new,mobile,0,,0,303.1
1328,treatment,1,1,new,mobile,0,,0,111.6
1630,control,2,9,new,mobile,0,,0,176.9
11688,control,1,3,new,mobile,0,,0,166.1
1552,control,3,21,returning,mobile,0,,0,135.0
8590,treatment,1,5,returning,mobile,0,,0,96.2
11624,treatment,2,9,new,desktop,0,,0,80.8
1338,treatment,3,17,new,mobile,0,,0,187.6
3902,treatment,1,5,returning,desktop,0,,0,131.0
3011,control,1,4,returning,mobile,1,155276.96,0,221.0
5042,control,3,17,new,mobile,0,,0,218.0
8782,control,2,12,returning,desktop,1,108810.39,0,240.6
5040,treatment,3,15,returning,mobile,0,,0,215.4
2347,treatment,1,2,returning,mobile,0,,0,93.4
11134,treatment,3,18,returning,mobile,0,,0,238.6
5486,treatment,1,1,new,desktop,0,,0,96.7
11453,control,1,5,returning,desktop,0,,0,189.7
5695,treatment,2,11,returning,mobile,1,1546867.77,0,125.5
5120,treatment,3,16,new,mobile,0,,0,70.1
5167,control,1,6,returning,desktop,0,,0,223.5
1135,treatment,1,5,new,mobile,0,,0,122.1
4018,control,3,21,returning,mobile,0,,0,147.4
2425,treatment,1,3,returning,mobile,0,,0,197.7
4139,treatment,1,4,returning,mobile,0,,0,144.9
860,treatment,2,10,returning,desktop,0,,0,134.0
2963,control,1,6,returning,desktop,1,187884.21,0,228.7
8090,control,1,3,returning,mobile,0,,0,105.3
9294,control,1,3,returning,mobile,0,,0,225.6
10267,control,3,21,returning,mobile,0,,0,187.0
10172,control,2,9,new,mobile,0,,0,212.4
1365,control,2,12,returning,desktop,0,,0,226.4
10599,control,2,12,returning,mobile,0,,0,212.9
1780,control,2,9,new,mobile,0,,0,240.8
8464,treatment,2,8,returning,mobile,0,,0,122.4
2102,control,1,5,new,mobile,0,,0,175.2
1819,control,1,1,returning,mobile,0,,0,160.9
370,treatment,1,6,new,mobile,1,83444.24,0,102.9
4938,treatment,2,10,new,mobile,1,214278.47,0,79.9
5286,control,1,2,new,mobile,0,,0,163.8
9727,control,3,15,new,desktop,0,,0,214.7
7072,control,3,15,new,mobile,0,,0,241.2
2094,control,2,13,returning,mobile,0,,1,212.5
7818,treatment,2,11,returning,mobile,0,,0,176.3
1921,control,3,15,returning,mobile,0,,0,195.5
83,treatment,1,1,returning,mobile,0,,0,181.8
7332,treatment,2,13,new,desktop,0,,0,114.8
7305,treatment,3,15,new,desktop,0,,0,121.0
817,treatment,3,17,returning,desktop,0,,0,95.6
4397,control,2,10,returning,mobile,0,,0,142.2
6125,control,2,11,new,mobile,0,,0,204.2
4121,treatment,1,3,new,mobile,0,,0,154.1
9560,treatment,2,10,new,desktop,0,,0,148.4
1814,control,2,11,new,desktop,0,,0,170.4
1272,control,2,9,returning,mobile,0,,0,148.7
2995,treatment,3,15,returning,desktop,0,,0,173.2
9959,control,1,1,returning,mobile,0,,0,161.1
6410,control,2,9,returning,mobile,0,,0,226.7
2643,treatment,2,10,returning,mobile,1,264175.68,0,65.8
8560,treatment,1,4,new,mobile,0,,0,144.5
2306,control,2,10,returning,mobile,0,,0,184.7
8757,control,3,16,new,mobile,0,,0,235.9
10053,treatment,2,12,returning,desktop,0,,0,181.2
4196,treatment,2,14,returning,mobile,0,,0,95.3
11331,treatment,1,4,returning,mobile,0,,0,113.6
3850,control,3,19,new,mobile,0,,0,153.6
11814,treatment,2,9,returning,desktop,0,,0,112.4
10067,control,3,20,returning,mobile,0,,0,188.2
11486,treatment,2,9,returning,mobile,0,,1,187.4
3555,control,3,19,returning,desktop,0,,0,197.3
2196,treatment,3,20,returning,mobile,0,,0,250.5
2601,control,3,15,new,mobile,0,,0,254.7
6164,treatment,3,16,returning,mobile,0,,1,177.5
1519,control,2,13,returning,desktop,0,,0,200.7
11718,treatment,3,15,new,desktop,0,,0,36.9
6310,treatment,1,3,returning,mobile,0,,0,153.6
5756,treatment,3,18,returning,desktop,0,,0,42.5
5634,control,3,15,new,mobile,0,,0,120.9
11161,control,1,7,returning,mobile,0,,0,223.3
7163,treatment,1,1,new,mobile,0,,0,163.1
9073,treatment,3,15,new,mobile,0,,0,129.7
8840,treatment,3,21,new,mobile,0,,0,67.7
1989,treatment,3,15,returning,desktop,0,,1,160.2
7738,control,3,18,returning,mobile,0,,0,126.2
518,treatment,1,3,new,mobile,0,,0,115.0
6161,treatment,3,20,returning,mobile,0,,0,164.2
9007,control,1,5,new,mobile,0,,1,203.4
10887,treatment,1,4,returning,mobile,0,,0,72.4
9685,control,1,6,returning,mobile,0,,0,186.2
8693,control,1,6,returning,mobile,0,,0,191.5
4457,control,3,19,new,mobile,0,,0,182.4
2762,treatment,2,13,new,mobile,0,,0,118.1
6482,control,2,8,returning,mobile,1,363145.69,0,213.3
5912,control,3,17,returning,mobile,0,,0,109.2
10825,control,2,8,returning,desktop,0,,0,189.8
6548,treatment,3,18,new,desktop,0,,0,75.9
4856,treatment,2,10,returning,desktop,0,,0,112.3
7645,treatment,1,2,returning,mobile,0,,0,188.9
10627,control,2,8,new,desktop,0,,0,122.9
6359,treatment,1,6,returning,mobile,0,,1,120.2
2439,control,2,10,new,mobile,0,,0,144.5
3766,treatment,1,5,returning,mobile,0,,0,102.2
6433,control,2,10,new,desktop,0,,0,107.4
7847,treatment,3,19,returning,mobile,0,,0,110.4
8561,control,3,18,returning,desktop,0,,0,105.9
10759,treatment,2,8,returning,mobile,0,,0,164.1
6341,treatment,2,8,new,mobile,0,,0,51.7
4822,control,3,15,returning,mobile,0,,0,165.9
19,treatment,2,8,returning,mobile,1,97557.88,0,166.8
3561,treatment,1,5,returning,mobile,0,,0,155.4
3952,treatment,1,4,returning,desktop,0,,0,104.1
50,control,3,15,returning,mobile,0,,0,83.7
11876,control,3,18,returning,mobile,0,,0,246.7
888,control,1,6,new,mobile,0,,0,114.0
6262,control,3,15,returning,mobile,0,,0,204.2
7237,control,3,18,returning,desktop,1,315754.34,0,212.7
6990,control,1,6,new,mobile,0,,0,128.5
6044,treatment,1,2,returning,desktop,0,,0,228.6
3169,control,1,3,new,mobile,0,,0,206.4
2950,treatment,2,11,returning,mobile,0,,0,160.8
1425,control,2,12,returning,mobile,1,216186.98,0,191.8
140,control,3,19,new,mobile,0,,0,142.3
3198,control,1,3,returning,mobile,0,,0,260.0
5132,control,1,3,returning,desktop,0,,0,258.2
113,control,3,18,new,mobile,1,239164.49,0,168.0
8161,control,2,14,new,mobile,0,,0,222.8
10408,treatment,3,20,new,mobile,0,,0,164.8
4560,treatment,1,2,new,desktop,0,,0,136.1
4596,treatment,2,14,new,mobile,0,,1,163.4
4691,control,1,7,new,mobile,0,,0,191.1
7952,treatment,2,10,returning,mobile,0,,0,124.6
3278,treatment,3,18,returning,mobile,0,,0,146.7
4069,treatment,1,6,new,mobile,1,185954.34,0,88.3
4409,treatment,3,18,new,mobile,1,352955.45,0,102.1
8526,treatment,3,20,returning,mobile,1,69684.02,1,138.1
10295,control,1,4,new,desktop,0,,0,134.4
452,treatment,3,19,new,desktop,1,260197.53,0,144.3
7263,treatment,2,8,returning,mobile,0,,0,221.5
3732,treatment,2,9,new,mobile,0,,0,217.4
7257,control,1,1,new,mobile,0,,0,270.8
10734,treatment,2,10,returning,desktop,1,249132.89,0,156.8
4987,treatment,1,4,new,desktop,0,,0,147.2
3664,treatment,2,10,returning,mobile,0,,1,139.3
2764,control,1,7,new,mobile,0,,0,257.7
8873,control,2,14,new,mobile,0,,0,142.6
1856,treatment,2,11,returning,desktop,0,,0,131.8
1000,control,2,11,new,mobile,0,,0,190.6
390,treatment,3,16,returning,mobile,0,,0,121.9
6427,control,3,17,new,mobile,0,,0,149.9
1477,control,2,12,returning,desktop,0,,0,125.9
2241,control,1,1,returning,desktop,0,,0,134.0
11079,control,2,14,returning,mobile,1,270236.95,0,104.2
8113,treatment,2,10,returning,mobile,0,,0,145.2
993,treatment,2,14,returning,mobile,0,,0,159.2
7033,control,3,18,new,desktop,0,,0,222.0
4998,control,3,18,new,mobile,0,,0,271.6
3923,control,1,5,new,desktop,1,1843710.83,0,109.3
2973,control,2,10,new,mobile,0,,0,259.9
6872,treatment,1,4,returning,desktop,0,,0,127.8
9071,control,3,19,returning,mobile,0,,0,249.7
4770,treatment,1,5,returning,mobile,1,68968.09,0,191.1
1294,control,1,6,new,mobile,0,,0,171.4
4174,control,1,7,returning,mobile,0,,0,87.1
2536,treatment,2,8,returning,mobile,1,319719.62,0,106.5
10950,control,3,21,new,desktop,0,,0,220.3
1908,control,2,12,returning,mobile,0,,0,174.6
9948,control,2,10,returning,mobile,0,,0,161.9
11388,treatment,1,3,returning,desktop,0,,0,157.9
6034,control,3,20,returning,mobile,0,,0,184.1
7620,treatment,3,15,new,mobile,0,,1,141.3
1152,treatment,3,20,returning,mobile,0,,0,194.0
1568,control,1,7,returning,desktop,1,218739.36,0,207.1
3172,treatment,3,15,returning,desktop,0,,0,109.8
7107,treatment,2,8,new,mobile,0,,0,158.2
4161,treatment,1,5,returning,desktop,0,,0,90.1
4288,control,2,8,returning,desktop,0,,0,149.6
2231,control,3,21,returning,mobile,0,,0,205.7
175,control,3,19,returning,desktop,0,,1,153.9
1904,control,2,14,returning,desktop,0,,0,186.8
8825,treatment,2,8,returning,mobile,1,91410.19,0,74.8
3409,treatment,2,14,returning,mobile,0,,0,204.0
1539,treatment,1,7,returning,mobile,0,,0,171.7
2293,treatment,2,11,returning,mobile,1,189995.77,0,110.6
1364,control,3,18,returning,mobile,0,,0,193.0
4358,control,2,9,returning,mobile,0,,1,167.6
5261,treatment,2,13,returning,mobile,1,118677.71,0,78.9
8974,control,2,13,returning,mobile,1,694377.22,0,141.0
9122,treatment,1,3,returning,desktop,0,,0,143.6
681,control,3,17,returning,desktop,0,,0,232.6
9494,treatment,3,17,new,desktop,0,,0,151.9
3665,control,1,3,returning,mobile,0,,0,228.5
1662,treatment,2,12,new,mobile,0,,0,130.6
509,control,3,19,new,mobile,0,,0,202.2
167,treatment,2,11,new,desktop,0,,0,160.1
9942,control,2,10,returning,mobile,0,,0,150.9
10007,control,2,14,returning,desktop,0,,0,209.9
7366,control,3,15,new,mobile,0,,0,250.9
1915,control,3,18,returning,mobile,0,,0,185.9
7264,control,1,3,returning,mobile,0,,0,184.0
11560,treatment,1,6,new,desktop,0,,0,209.0
11697,treatment,2,13,returning,mobile,1,171347.02,0,118.2
7362,treatment,3,18,new,desktop,1,104545.14,0,133.2
1105,control,2,9,returning,desktop,0,,0,162.9
9417,control,2,8,new,mobile,0,,0,161.0
5311,control,3,20,new,mobile,0,,0,92.6
10327,control,3,21,new,mobile,0,,0,112.4
5755,control,2,8,returning,desktop,0,,0,132.1
153,control,3,19,new,mobile,0,,0,133.2
9539,treatment,1,6,new,desktop,0,,0,120.9
5680,control,2,12,returning,mobile,0,,0,195.0
10954,treatment,3,20,returning,desktop,1,324386.09,0,132.1
3552,treatment,2,13,returning,desktop,0,,0,151.4
3723,treatment,3,16,returning,mobile,0,,0,250.8
4539,control,2,12,returning,mobile,0,,0,171.1
8950,control,1,7,new,mobile,0,,1,216.6
1992,treatment,1,4,new,mobile,0,,0,159.0
10561,control,3,20,new,desktop,0,,0,170.9
5142,treatment,1,2,new,desktop,0,,0,62.2
3812,control,2,12,returning,desktop,1,318511.03,0,197.3
10440,control,2,10,returning,mobile,0,,0,260.5
3451,treatment,1,5,new,desktop,1,164529.23,0,63.9
4592,control,3,19,new,desktop,0,,0,136.9
7353,treatment,3,18,returning,desktop,0,,0,123.3
206,control,2,11,new,mobile,0,,0,222.6
6681,treatment,3,15,returning,desktop,1,311607.95,0,244.0
2750,control,3,19,returning,desktop,0,,0,174.6
1850,treatment,1,3,new,mobile,0,,0,178.4
10869,treatment,3,16,returning,mobile,0,,0,179.1
3241,treatment,2,13,returning,desktop,0,,0,86.1
9537,treatment,1,1,returning,mobile,1,103780.37,0,167.4
3110,treatment,3,16,returning,desktop,0,,0,196.9
5935,control,1,1,returning,mobile,0,,0,210.9
5811,treatment,3,20,new,mobile,0,,0,181.7
5635,control,3,20,returning,mobile,0,,0,135.2
4308,control,2,12,new,mobile,0,,0,184.2
3157,control,1,1,new,mobile,0,,0,226.2
6535,control,1,3,new,mobile,0,,0,102.8
10421,control,2,12,returning,mobile,0,,0,155.0
11095,control,1,5,returning,desktop,0,,0,226.0
3833,control,3,15,new,desktop,0,,0,214.4
10447,treatment,1,4,new,desktop,0,,0,194.7
4777,control,3,19,returning,mobile,0,,0,139.8
7998,control,3,20,new,mobile,0,,0,186.6
4277,control,1,4,new,desktop,0,,0,187.9
8535,treatment,2,14,returning,desktop,1,115641.58,0,120.7
11513,treatment,2,8,returning,mobile,0,,0,184.2
279,treatment,2,13,new,desktop,0,,0,119.3
6772,treatment,2,12,new,mobile,0,,0,142.1
7416,treatment,3,15,returning,mobile,0,,0,135.6
3253,control,3,21,returning,desktop,1,177998.76,0,179.2
8582,control,2,12,returning,mobile,1,83204.58,0,26.9
11276,control,1,3,returning,mobile,0,,0,112.0
290,control,1,4,returning,desktop,0,,0,147.4
3076,treatment,2,10,returning,mobile,1,3001203.4,0,152.2
8687,treatment,3,21,returning,mobile,1,683856.95,1,140.3
8507,treatment,1,6,new,mobile,0,,0,110.0
271,control,3,16,new,desktop,0,,0,143.4
4571,control,2,9,new,mobile,0,,0,130.1
10524,control,1,1,new,mobile,0,,0,153.4
6697,control,1,7,new,mobile,1,247323.05,0,172.9
4317,treatment,3,19,returning,mobile,0,,0,115.9
3181,treatment,2,14,returning,mobile,0,,0,196.0
1423,control,3,17,returning,mobile,1,117725.69,0,208.1
8276,control,1,7,returning,desktop,0,,0,170.4
9482,control,3,20,new,mobile,0,,0,171.1
4558,treatment,2,8,returning,desktop,0,,0,195.8
7813,treatment,2,9,new,mobile,0,,0,90.9
6298,treatment,2,9,returning,desktop,1,153580.18,0,148.7
8800,control,1,7,returning,desktop,0,,0,224.7
11632,treatment,3,19,new,desktop,0,,1,87.1
1133,control,2,8,returning,mobile,0,,0,233.9
6243,control,2,11,returning,desktop,0,,0,157.1
9117,control,2,12,returning,desktop,0,,0,246.2
11235,treatment,3,16,returning,mobile,0,,0,123.8
7424,control,3,21,new,mobile,1,155435.6,0,78.0
8749,treatment,3,19,new,mobile,1,100479.51,0,85.2
8655,control,2,13,returning,mobile,0,,1,163.4
5521,control,2,12,returning,desktop,1,176447.09,0,195.2
10437,control,1,4,returning,mobile,0,,0,234.0
11651,control,1,3,new,mobile,0,,0,178.3
3787,treatment,3,15,returning,mobile,1,160650.36,0,164.2
8940,treatment,1,1,new,desktop,1,108484.29,0,98.3
8346,treatment,3,16,returning,mobile,0,,1,66.2
2162,control,2,14,returning,desktop,1,222940.16,0,164.0
3009,control,2,14,new,mobile,0,,0,166.4
1106,treatment,3,16,new,mobile,0,,0,167.8
8869,control,1,6,returning,mobile,0,,0,197.6
693,control,3,21,returning,mobile,1,55132.32,0,188.9
4957,treatment,1,4,new,mobile,0,,0,115.8
8308,treatment,1,1,returning,mobile,0,,0,225.2
4370,control,1,4,returning,desktop,0,,0,231.9
2766,treatment,3,17,new,mobile,0,,0,164.5
3930,treatment,1,6,returning,desktop,1,258191.11,0,94.3
9171,control,2,12,new,mobile,0,,0,127.9
11787,treatment,2,12,new,mobile,1,1439998.37,0,172.9
7779,control,1,4,new,mobile,0,,0,277.4
629,treatment,1,5,new,desktop,0,,0,49.7
2452,treatment,3,17,new,mobile,0,,0,180.3
3825,treatment,2,9,new,desktop,0,,1,136.8
10765,treatment,2,14,returning,mobile,0,,0,172.5
3744,treatment,2,11,new,mobile,0,,0,225.7
2177,control,2,13,new,desktop,0,,0,106.1
6690,control,1,3,new,mobile,0,,0,217.9
3319,control,2,12,new,desktop,0,,0,236.1
8719,treatment,3,16,returning,desktop,0,,0,124.6
7433,treatment,2,11,new,mobile,0,,0,119.2
2788,treatment,3,15,returning,mobile,0,,0,171.2
1197,control,3,16,returning,mobile,0,,0,219.0
1677,treatment,2,12,new,mobile,0,,0,122.2
3948,control,1,5,returning,desktop,0,,0,242.4
7619,treatment,1,1,returning,mobile,1,72019.2,0,119.2
4445,control,1,1,returning,desktop,0,,0,170.2
5723,control,3,15,returning,mobile,0,,0,154.2
10165,control,1,3,new,mobile,0,,0,245.5
2370,treatment,3,15,returning,mobile,0,,0,73.0
4968,control,2,13,new,mobile,0,,0,158.7
2218,treatment,2,13,new,mobile,0,,0,169.5
8149,treatment,1,7,returning,mobile,1,213524.42,0,93.5
3327,control,1,7,returning,desktop,1,40585.3,0,188.0
10229,control,1,2,returning,mobile,0,,0,198.6
3584,treatment,1,6,returning,desktop,0,,0,168.5
11726,control,1,5,returning,desktop,0,,0,174.4
11788,control,3,21,new,mobile,0,,0,177.1
3620,treatment,1,2,returning,mobile,0,,0,178.1
6218,treatment,1,6,returning,desktop,0,,0,157.4
2469,treatment,1,2,returning,desktop,0,,0,28.3
8278,treatment,1,1,new,mobile,0,,0,135.1
10855,treatment,2,9,new,mobile,0,,0,191.9
5974,treatment,3,16,new,mobile,0,,0,148.2
3668,control,3,15,new,mobile,0,,1,220.4
5159,control,3,20,new,mobile,0,,0,241.8
7595,treatment,2,9,returning,mobile,0,,0,141.7
6977,treatment,1,4,returning,mobile,0,,0,139.3
3424,control,1,1,new,desktop,0,,0,128.2
8200,control,3,16,returning,desktop,0,,0,239.7
2410,treatment,3,16,new,desktop,0,,0,259.3
3213,treatment,2,12,returning,desktop,1,302835.38,0,157.4
5367,control,3,16,returning,desktop,0,,0,163.3
8941,control,3,21,new,desktop,0,,0,237.8
6594,treatment,1,7,returning,mobile,0,,0,129.7
2896,control,3,21,new,desktop,1,226375.99,0,115.3
10494,control,2,14,returning,mobile,1,112430.81,0,267.0
11048,control,2,8,new,desktop,1,159433.4,0,168.7
3643,treatment,2,13,returning,mobile,0,,0,109.9
8857,treatment,1,4,new,mobile,0,,0,110.1
10065,treatment,3,15,returning,desktop,0,,0,116.0
11625,treatment,2,8,returning,mobile,0,,0,171.8
11935,treatment,2,13,new,mobile,0,,0,67.0
11887,treatment,2,11,new,mobile,0,,0,61.6
5452,treatment,1,2,new,mobile,0,,0,189.9
7161,treatment,2,13,returning,desktop,0,,0,165.1
7867,control,3,19,returning,desktop,0,,0,177.9
2744,treatment,2,9,returning,mobile,0,,0,149.3
4959,control,3,20,returning,desktop,0,,0,215.8
6475,control,2,9,new,desktop,0,,0,171.3
7889,treatment,1,6,new,desktop,0,,0,105.3
493,treatment,2,12,returning,mobile,0,,0,131.0
1117,control,2,8,returning,mobile,0,,0,211.1
5638,treatment,1,5,returning,mobile,0,,0,123.6
10531,treatment,3,17,returning,mobile,1,216643.55,0,158.0
11843,treatment,2,13,new,mobile,1,255698.97,0,119.3
8901,control,2,10,returning,mobile,0,,0,206.6
10323,control,3,17,returning,mobile,1,102100.4,0,219.6
6590,treatment,1,6,new,mobile,0,,0,155.5
10873,treatment,3,18,returning,mobile,0,,0,127.9
7558,control,3,21,returning,desktop,0,,0,132.9
9603,treatment,3,15,returning,mobile,1,431378.76,0,98.4
5242,control,2,11,new,desktop,1,437420.79,0,294.8
11084,treatment,1,7,returning,mobile,1,78165.44,0,190.6
2784,control,3,17,new,mobile,0,,0,220.5
8846,treatment,3,19,new,desktop,0,,0,227.3
1697,control,1,5,new,mobile,0,,0,159.3
5686,control,2,8,returning,mobile,0,,0,204.7
2296,control,3,20,new,desktop,0,,0,183.1
5940,treatment,3,16,returning,mobile,0,,0,115.8
7764,control,3,19,new,desktop,0,,0,132.7
3314,treatment,3,20,new,mobile,0,,0,150.4
4782,treatment,3,15,returning,desktop,0,,0,65.8
8351,treatment,3,20,new,mobile,0,,0,57.6
8952,treatment,3,21,returning,mobile,1,253810.76,0,80.6
7606,treatment,2,8,returning,mobile,0,,0,85.8
216,treatment,1,3,returning,mobile,0,,0,72.9
6708,treatment,1,2,new,desktop,0,,0,152.8
9888,treatment,2,13,returning,desktop,0,,0,128.7
10952,treatment,3,15,new,mobile,0,,0,97.3
3484,treatment,1,7,returning,desktop,0,,0,162.6
7007,treatment,3,16,new,mobile,0,,0,182.1
5103,control,3,21,new,desktop,0,,1,147.7
6600,control,2,10,new,mobile,1,258193.8,0,157.9
3765,control,2,14,new,mobile,1,73922.41,0,141.6
6411,control,3,20,new,desktop,0,,0,218.2
9108,control,2,8,returning,mobile,0,,0,152.9
26,control,2,14,returning,mobile,1,313840.28,0,190.9
7660,treatment,1,4,returning,mobile,1,211520.93,0,154.8
11445,control,1,2,returning,desktop,0,,0,290.2
11037,treatment,3,21,returning,desktop,0,,0,91.9
10335,control,2,13,returning,desktop,0,,0,246.6
6684,treatment,2,8,returning,desktop,0,,0,144.8
9870,treatment,2,8,returning,desktop,1,133089.55,0,189.1
9276,control,3,21,new,mobile,0,,0,241.1
11576,control,3,18,returning,mobile,0,,0,154.0
9939,treatment,1,7,returning,mobile,0,,0,188.8
1103,treatment,2,13,returning,desktop,0,,0,153.7
3277,control,1,3,returning,mobile,1,308985.5,0,145.2
5346,control,1,5,new,mobile,0,,0,175.5
10880,treatment,2,11,new,mobile,0,,0,89.7
8387,treatment,3,15,returning,mobile,0,,1,128.0
8723,treatment,1,1,new,mobile,0,,0,78.4
11991,treatment,3,20,returning,desktop,0,,0,86.0
2208,control,3,20,new,mobile,0,,0,153.3
4553,control,3,19,new,mobile,0,,0,228.3
4403,control,3,17,new,mobile,0,,0,219.4
7396,treatment,3,15,returning,mobile,0,,0,81.5
3719,treatment,2,13,returning,mobile,1,91557.56,0,140.8
973,control,3,21,new,mobile,0,,0,149.8
4580,control,1,2,returning,mobile,0,,0,189.8
6517,treatment,3,21,new,mobile,0,,0,142.9
720,treatment,1,6,returning,mobile,0,,0,115.1
6156,control,1,2,returning,desktop,0,,0,182.5
11315,control,3,21,returning,mobile,0,,0,180.4
2804,treatment,1,5,new,desktop,0,,0,100.5
2567,control,2,11,returning,mobile,0,,0,202.6
4026,treatment,3,21,new,mobile,0,,0,49.0
6199,control,3,16,returning,mobile,0,,0,107.5
8225,control,3,21,returning,mobile,1,215519.79,0,148.7
10594,control,2,9,new,mobile,0,,0,122.3
4064,treatment,2,8,returning,mobile,0,,0,180.9
2793,treatment,3,19,returning,desktop,0,,0,151.9
2223,control,3,15,returning,mobile,0,,0,187.1
5819,control,2,13,returning,desktop,0,,0,202.0
3867,treatment,2,9,returning,desktop,1,331242.06,0,224.3
8695,treatment,2,10,new,mobile,0,,0,176.2
10390,control,3,16,returning,mobile,0,,0,220.1
3228,control,3,18,returning,mobile,1,112523.12,0,135.4
4215,treatment,3,15,new,desktop,0,,0,89.4
3924,treatment,2,11,new,mobile,1,167446.41,0,129.0
8972,control,2,13,returning,mobile,1,231581.06,0,183.7
1402,control,2,12,new,desktop,0,,0,162.3
7704,treatment,1,5,returning,desktop,0,,0,149.5
4980,treatment,3,17,returning,desktop,0,,0,164.8
3254,control,1,3,new,desktop,0,,0,193.7
10348,treatment,3,19,new,mobile,0,,0,172.1
2662,control,2,13,returning,mobile,0,,0,154.8
2159,control,3,20,returning,mobile,0,,0,245.1
8579,treatment,1,3,returning,mobile,1,357575.74,0,118.4
8089,control,2,12,new,mobile,0,,0,246.6
675,treatment,1,6,returning,mobile,0,,0,152.6
9141,control,2,14,returning,mobile,0,,0,230.6
7012,treatment,3,21,returning,mobile,1,246476.52,0,234.4
8828,treatment,3,20,new,mobile,0,,0,142.6
3842,treatment,2,11,new,mobile,0,,0,85.8
1816,treatment,3,15,returning,mobile,0,,0,86.9
9988,treatment,1,2,returning,mobile,0,,1,43.5
11804,treatment,2,12,returning,desktop,1,139787.96,0,154.9
2101,treatment,1,4,returning,mobile,0,,0,182.9
10567,control,2,12,new,mobile,0,,0,73.6
6709,treatment,3,16,new,desktop,0,,0,122.2
1674,control,1,2,new,desktop,0,,0,123.4
4214,control,1,3,returning,desktop,0,,0,246.2
8740,treatment,1,6,new,mobile,0,,0,138.1
1549,control,1,7,returning,mobile,1,310520.89,0,195.5
8688,control,1,4,new,mobile,0,,0,207.0
8548,treatment,2,8,new,mobile,0,,0,107.9
5185,control,2,10,new,mobile,0,,0,181.2
1462,treatment,2,13,new,mobile,0,,0,106.0
11653,treatment,3,15,returning,desktop,0,,0,139.9
3221,control,1,1,returning,desktop,0,,0,85.5
10984,control,2,11,returning,mobile,0,,0,187.2
7171,treatment,3,17,new,mobile,0,,0,162.0
7431,treatment,1,5,returning,mobile,0,,0,244.1
1752,control,2,13,returning,desktop,0,,0,221.0
3977,control,2,14,returning,mobile,1,92233.58,0,147.8
8354,control,1,2,new,mobile,0,,0,125.0
1773,treatment,2,11,returning,desktop,0,,0,189.0
2017,control,2,14,returning,mobile,1,130649.65,0,145.2
2006,treatment,3,15,returning,desktop,0,,0,186.0
3894,treatment,3,21,new,desktop,0,,0,101.9
3238,control,2,11,returning,mobile,0,,0,100.8
4425,treatment,3,17,returning,mobile,1,313731.49,0,118.9
8589,control,1,2,returning,desktop,0,,0,170.9
2258,treatment,2,10,returning,mobile,0,,0,151.5
4073,control,2,11,returning,desktop,0,,0,114.5
5575,control,2,8,new,desktop,0,,0,138.7
11405,treatment,2,14,new,mobile,0,,0,157.9
5356,treatment,3,17,returning,mobile,0,,0,143.3
8419,control,1,2,new,mobile,1,484314.01,0,198.6
6094,treatment,2,8,returning,desktop,0,,0,91.2
7936,control,3,19,returning,mobile,0,,0,182.7
9724,control,3,15,returning,mobile,0,,0,230.5
1520,control,2,10,returning,mobile,1,196532.48,0,117.7
9814,control,2,10,returning,desktop,0,,0,281.4
1379,treatment,3,18,returning,desktop,1,4067339.4,0,63.2
5673,control,2,10,new,desktop,0,,0,129.8
2588,control,1,5,returning,desktop,0,,0,216.7
11715,treatment,1,6,returning,mobile,0,,0,108.2
5622,control,1,4,returning,mobile,0,,0,180.1
9484,treatment,1,1,new,mobile,0,,0,207.6
9886,treatment,1,1,new,desktop,0,,0,56.5
5843,control,3,17,new,mobile,0,,0,182.5
7123,treatment,3,15,returning,mobile,1,250298.75,0,153.2
5833,control,2,13,returning,desktop,0,,1,126.0
4889,control,1,4,new,desktop,0,,0,244.0
5905,control,3,21,returning,mobile,0,,0,179.4
523,control,3,18,new,desktop,0,,0,208.2
8044,control,1,2,new,mobile,0,,0,182.1
3608,control,2,13,returning,desktop,1,167635.96,0,201.5
235,treatment,3,19,returning,mobile,0,,0,173.7
3797,treatment,1,6,new,desktop,0,,0,49.4
6319,control,2,13,new,desktop,0,,0,107.3
7095,treatment,1,1,new,mobile,0,,0,134.8
1949,control,3,18,returning,mobile,0,,0,172.3
6362,treatment,2,10,returning,mobile,0,,0,97.5
11277,control,3,21,returning,mobile,0,,0,194.1
6092,control,2,14,new,mobile,0,,0,129.8
10895,treatment,2,13,returning,desktop,0,,0,20.1
2225,treatment,2,11,new,mobile,0,,0,196.7
5572,control,1,6,returning,mobile,0,,0,215.0
4524,treatment,1,4,returning,mobile,0,,0,77.3
5794,control,1,7,new,desktop,0,,0,218.6
10538,treatment,1,7,new,mobile,0,,0,150.8
5739,treatment,2,9,returning,desktop,1,142607.89,0,161.8
2625,treatment,3,18,returning,mobile,1,222601.99,0,120.8
4729,treatment,3,16,new,mobile,0,,0,63.0
7819,treatment,3,21,new,mobile,0,,0,159.0
11896,control,2,11,returning,mobile,1,332347.45,0,185.0
10934,treatment,2,8,new,desktop,1,277485.75,0,62.3
10164,treatment,3,18,returning,mobile,1,199348.53,0,171.1
2438,treatment,3,15,new,desktop,0,,1,153.7
6057,control,1,4,new,desktop,0,,0,295.0
6353,treatment,2,10,new,mobile,1,373261.27,0,62.5
3168,control,2,9,new,desktop,0,,0,182.1
1810,control,3,21,returning,mobile,0,,0,180.6
9719,treatment,2,14,new,mobile,0,,0,142.9
7162,control,3,21,returning,mobile,0,,1,243.1
5087,treatment,2,9,new,mobile,0,,0,57.0
9674,treatment,1,6,new,desktop,0,,0,189.4
7017,control,2,12,returning,mobile,0,,0,83.1
9369,treatment,2,13,returning,mobile,0,,1,100.4
4946,treatment,3,16,returning,mobile,0,,0,104.8
6047,control,1,5,returning,mobile,1,154882.73,0,202.6
11105,treatment,1,7,returning,desktop,1,251245.6,0,91.1
6920,treatment,2,14,new,mobile,0,,0,188.1
5591,control,3,21,new,desktop,0,,0,196.2
7227,control,1,4,returning,mobile,0,,0,171.6
1229,treatment,1,1,new,desktop,0,,0,93.9
9258,treatment,3,19,returning,desktop,0,,0,80.7
6847,control,3,20,returning,desktop,1,212044.21,0,185.6
8245,treatment,3,21,new,mobile,0,,0,116.5
6556,control,3,21,new,desktop,0,,0,236.3
160,treatment,3,20,new,mobile,0,,0,125.3
1590,control,2,8,returning,mobile,0,,0,220.6
11807,treatment,3,16,returning,desktop,1,98252.93,0,125.7
11378,control,2,13,returning,mobile,0,,0,239.6
11357,treatment,2,8,returning,mobile,1,93312.92,0,100.8
11194,treatment,2,12,returning,mobile,1,107095.1,0,129.0
6688,treatment,3,16,new,mobile,0,,0,107.6
11207,treatment,2,13,returning,mobile,0,,1,195.8
9051,control,2,10,returning,mobile,0,,0,183.7
7481,treatment,3,15,new,desktop,0,,0,95.1
11108,control,1,6,returning,mobile,0,,0,198.4
1557,treatment,2,9,new,mobile,0,,0,104.1
2829,treatment,2,14,returning,desktop,0,,0,155.6
437,control,1,7,returning,mobile,1,398517.59,0,251.9
5790,control,1,7,returning,mobile,0,,1,178.8
11040,treatment,2,8,returning,mobile,0,,0,177.9
1589,control,2,14,returning,desktop,0,,0,184.8
7399,treatment,3,20,new,desktop,0,,0,128.1
2781,control,2,9,returning,desktop,0,,0,250.7
10770,treatment,2,11,new,desktop,0,,0,98.1
5687,control,1,4,returning,mobile,0,,0,104.2
3966,control,3,19,returning,mobile,0,,0,225.3
4728,control,1,2,returning,desktop,0,,0,142.9
1239,control,1,5,returning,desktop,0,,0,250.4
2952,treatment,3,20,returning,mobile,0,,0,155.3
10968,treatment,2,14,new,mobile,0,,0,161.3
9287,treatment,3,16,returning,desktop,0,,1,177.7
1498,treatment,2,8,new,mobile,1,138405.58,0,105.3
6466,treatment,2,12,new,desktop,0,,0,139.3
7356,control,1,4,returning,mobile,0,,0,213.2
7824,control,3,19,returning,mobile,1,4377765.56,0,181.1
7548,control,2,12,returning,mobile,0,,0,164.0
7914,treatment,3,21,new,mobile,0,,0,107.3
11052,control,3,15,returning,mobile,0,,0,113.3
5186,treatment,2,11,returning,mobile,1,255854.66,0,155.0
5648,control,1,1,new,mobile,1,141778.2,0,217.6
11270,control,3,21,returning,mobile,0,,0,226.2
5243,control,1,7,returning,mobile,0,,0,120.4
2131,control,3,20,returning,mobile,0,,0,213.6
2093,treatment,3,20,new,mobile,1,141398.64,0,167.5
5410,treatment,3,17,new,desktop,0,,0,101.2
188,control,1,4,new,mobile,1,209498.1,0,81.9
7939,control,2,9,new,desktop,0,,0,173.5
3656,control,2,14,returning,mobile,1,325219.01,0,181.0
3427,control,3,20,returning,mobile,0,,0,243.6
9216,treatment,3,18,new,mobile,0,,0,223.0
1382,control,2,9,returning,desktop,1,152726.42,1,116.8
9384,treatment,1,7,returning,mobile,1,422856.65,0,130.5
8606,control,2,8,returning,mobile,0,,0,222.3
7428,control,2,11,returning,desktop,0,,0,221.6
5038,control,1,6,returning,desktop,0,,0,189.5
4898,treatment,3,18,returning,mobile,0,,0,148.4
3176,control,3,17,returning,desktop,0,,0,176.9
9579,control,2,11,returning,mobile,0,,0,63.7
8449,control,3,19,returning,mobile,0,,0,173.8
11877,treatment,3,19,returning,desktop,0,,0,145.6
11162,treatment,2,9,new,mobile,0,,0,186.8
2236,treatment,2,13,returning,mobile,0,,0,51.2
8069,control,2,9,returning,desktop,0,,0,181.1
4237,control,3,17,new,desktop,0,,0,135.1
8917,treatment,3,20,new,desktop,0,,0,139.6
9944,treatment,2,12,returning,desktop,0,,0,145.4
25,treatment,2,12,returning,mobile,0,,0,98.0
3364,treatment,3,16,new,mobile,0,,0,125.5
1089,control,3,16,returning,mobile,1,156532.84,0,228.4
8734,control,3,21,returning,mobile,1,366697.02,0,194.1
10979,treatment,1,6,returning,mobile,0,,0,101.6
2842,control,2,9,returning,desktop,1,62210.49,0,252.4
7538,treatment,1,6,returning,mobile,0,,0,97.0
7471,control,2,13,returning,mobile,1,97644.32,0,212.9
11177,control,1,7,returning,desktop,0,,0,271.8
4153,control,2,12,new,mobile,0,,0,211.1
696,treatment,3,17,returning,mobile,1,455317.99,0,83.3
11006,control,3,15,new,mobile,0,,0,270.1
6338,control,3,21,new,mobile,0,,0,183.5
1228,control,2,13,new,mobile,0,,0,175.2
2000,treatment,2,8,returning,desktop,1,38808.89,0,101.1
277,control,3,21,new,mobile,0,,0,221.7
5930,control,3,18,new,mobile,1,170676.56,0,139.8
2954,treatment,1,4,returning,desktop,0,,0,148.3
3638,control,1,6,returning,mobile,0,,1,152.1
3907,treatment,2,9,new,desktop,0,,0,159.4
4779,control,2,8,returning,desktop,0,,0,169.0
5846,treatment,2,10,new,desktop,1,140380.18,0,79.8
11636,treatment,3,21,new,mobile,1,231741.88,0,175.7
4118,treatment,3,17,new,mobile,0,,0,177.8
1138,control,1,1,new,desktop,0,,0,141.1
2768,treatment,2,8,returning,desktop,1,404101.16,0,169.1
8183,treatment,3,15,new,mobile,0,,0,128.2
9533,treatment,2,14,returning,desktop,0,,0,101.1
7662,treatment,3,15,new,mobile,0,,0,129.1
8936,treatment,2,14,new,mobile,0,,0,167.3
2491,treatment,3,20,returning,mobile,1,112083.23,0,173.3
11615,treatment,3,17,new,mobile,0,,0,124.1
7743,treatment,1,3,returning,mobile,1,195302.14,0,198.4
3936,control,1,2,returning,mobile,0,,0,88.0
2385,control,1,7,new,mobile,1,181523.88,0,138.0
8017,treatment,2,14,returning,mobile,0,,0,133.1
7085,treatment,3,19,returning,mobile,0,,0,178.1
116,treatment,1,1,new,desktop,0,,0,212.7
1864,treatment,2,8,returning,mobile,0,,0,155.6
3120,control,2,9,new,mobile,0,,0,146.1
4259,treatment,3,20,returning,desktop,1,226914.18,0,165.6
11072,control,3,19,new,mobile,0,,1,125.6
2820,treatment,2,9,returning,mobile,0,,0,140.9
9162,treatment,2,12,returning,mobile,0,,0,192.1
9026,treatment,2,13,returning,mobile,0,,0,136.3
10896,treatment,1,4,new,desktop,0,,0,109.7
4700,treatment,3,16,returning,desktop,0,,0,180.1
3803,control,2,11,returning,mobile,0,,0,213.4
6069,control,3,19,returning,mobile,0,,0,201.2
3537,control,2,10,returning,desktop,0,,0,246.5
3826,treatment,2,11,returning,mobile,0,,0,161.9
6643,control,3,19,new,mobile,0,,0,171.7
10366,control,1,5,new,mobile,0,,0,261.8
1947,control,3,18,returning,mobile,0,,0,185.1
10470,control,2,11,returning,desktop,0,,0,151.1
9172,treatment,3,16,returning,mobile,0,,0,199.4
10004,control,1,7,new,desktop,0,,0,205.5
7270,control,1,1,returning,mobile,0,,0,204.3
9378,control,1,4,returning,mobile,0,,0,216.4
7930,treatment,3,15,new,desktop,0,,0,104.1
7167,treatment,3,18,returning,mobile,0,,0,60.7
6964,control,1,5,new,desktop,0,,1,214.4
5868,treatment,1,6,returning,mobile,0,,0,126.0
4762,treatment,3,16,returning,desktop,0,,0,197.4
883,treatment,1,7,new,mobile,0,,0,193.5
558,control,1,5,returning,mobile,0,,0,204.4
9738,control,1,6,new,mobile,1,252361.31,0,157.2
1208,control,3,19,new,mobile,0,,0,156.9
7685,control,2,10,returning,desktop,0,,0,197.8
9286,control,1,3,returning,mobile,0,,0,137.9
6539,treatment,2,9,returning,desktop,0,,0,78.7
3212,treatment,1,1,returning,mobile,0,,0,229.0
3631,control,2,10,returning,mobile,0,,0,279.7
1709,treatment,3,18,returning,desktop,0,,0,122.3
8459,treatment,3,19,returning,mobile,0,,0,97.6
1141,control,3,15,returning,mobile,0,,0,216.6
3163,control,3,15,returning,desktop,1,64324.58,0,174.5
6208,control,3,21,returning,desktop,0,,0,211.0
3731,treatment,2,13,new,desktop,0,,0,148.8
2661,treatment,2,12,returning,mobile,0,,0,180.5
8849,treatment,1,3,returning,desktop,0,,0,106.5
1308,treatment,1,5,new,desktop,0,,1,161.7
2568,control,1,4,new,mobile,0,,0,132.5
2835,treatment,3,18,returning,desktop,0,,0,159.5
11483,control,3,15,returning,desktop,0,,1,317.6
2152,control,2,14,returning,mobile,0,,0,163.9
9376,control,2,11,new,mobile,0,,0,135.7
3836,control,3,15,returning,desktop,0,,0,167.6
11633,control,3,19,returning,mobile,0,,0,236.9
9212,control,1,4,new,mobile,1,199399.23,0,249.7
9860,treatment,3,19,returning,desktop,0,,1,46.3
5005,control,2,12,new,mobile,1,124862.55,0,132.0
6627,treatment,2,11,returning,desktop,0,,0,132.0
1628,control,1,4,new,desktop,0,,0,208.4
9610,control,2,11,returning,mobile,0,,0,228.1
11768,treatment,1,5,returning,mobile,0,,0,91.2
359,control,3,18,new,desktop,0,,0,127.3
139,treatment,3,17,returning,desktop,0,,0,100.9
8492,treatment,2,12,returning,desktop,0,,0,111.3
383,treatment,3,21,returning,mobile,1,98866.65,0,90.7
11859,treatment,3,18,returning,mobile,1,142872.52,0,138.2
4858,treatment,3,19,returning,mobile,0,,0,195.3
11146,treatment,1,3,new,mobile,0,,0,121.5
1440,treatment,1,3,new,mobile,0,,0,121.4
947,treatment,1,4,returning,mobile,0,,0,183.6
5499,control,1,6,returning,mobile,1,149876.43,0,206.2
4917,treatment,1,7,returning,mobile,0,,0,135.7
8557,treatment,1,3,returning,mobile,1,178660.83,0,131.5
1933,treatment,2,10,returning,mobile,0,,0,40.7
2353,control,2,14,returning,desktop,0,,0,220.4
3237,treatment,3,19,returning,mobile,0,,0,199.5
9930,treatment,3,15,returning,desktop,0,,0,127.7
3808,treatment,1,7,returning,desktop,0,,0,220.7
1937,control,3,19,returning,mobile,1,104606.96,0,245.1
11661,treatment,3,15,returning,desktop,0,,1,211.6
4155,treatment,2,9,returning,mobile,1,353027.32,0,150.6
2417,control,3,20,returning,mobile,0,,0,181.1
9199,control,2,12,returning,desktop,0,,0,213.6
6140,control,1,1,new,mobile,0,,0,158.5
786,control,1,5,new,mobile,0,,0,145.2
6790,treatment,3,20,new,mobile,0,,0,57.5
8037,control,2,9,returning,mobile,0,,0,202.9
8316,treatment,2,8,new,desktop,0,,0,84.4
11350,treatment,1,4,returning,mobile,1,123585.47,0,244.6
5669,treatment,2,11,new,desktop,0,,0,123.4
2173,treatment,2,14,new,mobile,0,,0,184.7
2170,treatment,3,16,new,mobile,0,,0,124.0
6629,control,1,7,returning,desktop,1,134824.74,0,164.2
4010,treatment,3,20,returning,mobile,0,,0,197.7
4341,control,2,9,new,desktop,0,,0,239.2
911,treatment,2,11,returning,mobile,0,,0,106.9
6269,control,1,5,new,desktop,0,,0,219.2
2310,treatment,2,12,new,mobile,0,,0,96.0
6592,treatment,1,4,returning,mobile,0,,0,97.3
4459,control,3,15,new,desktop,0,,0,99.0
7598,treatment,1,2,new,desktop,1,76542.25,0,216.0
9480,treatment,1,6,new,mobile,0,,0,138.0
11195,treatment,1,4,returning,mobile,0,,0,78.5
4653,control,3,16,returning,mobile,1,63494.11,0,78.2
6219,control,2,13,returning,mobile,0,,0,229.9
443,treatment,2,12,returning,desktop,0,,0,102.8
3416,control,1,7,new,mobile,0,,0,138.6
10488,control,2,11,returning,mobile,0,,0,126.0
9211,treatment,3,19,returning,desktop,0,,0,142.6
9418,treatment,3,21,new,mobile,0,,0,122.7
5745,treatment,2,12,returning,desktop,0,,0,120.2
1055,control,1,4,returning,mobile,0,,1,144.7
3700,control,1,1,new,mobile,0,,0,238.2
930,treatment,2,14,returning,desktop,0,,0,175.4
6469,treatment,3,15,returning,mobile,0,,0,150.0
8768,treatment,1,7,new,mobile,0,,0,242.4
1830,control,1,5,new,mobile,0,,0,164.9
9293,treatment,1,7,returning,desktop,0,,0,183.8
9891,treatment,1,2,returning,desktop,1,121491.87,0,144.5
2012,control,2,9,returning,mobile,1,169337.42,0,177.7
914,treatment,3,20,new,mobile,0,,0,92.6
7612,treatment,3,16,new,mobile,0,,0,127.2
11413,treatment,3,19,new,mobile,0,,0,164.7
9255,treatment,2,10,returning,desktop,1,503730.85,0,152.8
2607,treatment,1,2,returning,desktop,0,,0,214.9
4929,treatment,1,4,returning,desktop,1,223620.67,0,149.5
6565,control,2,8,returning,mobile,1,65720.9,0,179.1
9773,treatment,2,13,new,mobile,0,,0,157.1
7,treatment,1,1,returning,desktop,0,,0,169.2
7836,control,3,21,returning,mobile,0,,0,218.2
6584,control,3,16,new,mobile,0,,0,250.8
3362,control,2,14,returning,mobile,0,,0,157.8
9371,treatment,2,12,returning,mobile,0,,0,36.7
1636,control,1,7,new,mobile,0,,0,145.1
1142,treatment,1,7,returning,mobile,0,,0,224.4
360,treatment,3,19,returning,mobile,0,,0,93.2
2071,treatment,3,16,new,mobile,0,,0,31.8
3135,treatment,2,10,new,desktop,0,,0,139.0
5161,treatment,3,20,returning,mobile,0,,0,204.7
6991,control,2,9,returning,mobile,0,,0,94.1
3244,control,3,17,returning,mobile,0,,0,168.0
2243,control,3,21,new,desktop,0,,0,165.1
1475,treatment,2,12,new,mobile,0,,0,136.2
10297,treatment,3,15,returning,desktop,0,,0,105.8
3260,control,1,1,new,desktop,0,,0,197.7
4021,control,1,5,new,mobile,0,,0,153.4
10593,treatment,1,3,returning,mobile,0,,0,161.1
8567,treatment,2,11,new,mobile,0,,0,131.1
3501,control,2,8,returning,desktop,0,,0,181.4
2659,control,2,14,new,desktop,0,,0,112.1
10132,control,2,10,new,mobile,0,,0,157.8
1131,treatment,2,11,returning,desktop,0,,0,175.0
1820,treatment,3,17,returning,mobile,0,,0,143.3
7462,treatment,3,18,returning,mobile,0,,0,145.9
9427,control,1,5,returning,mobile,1,198149.57,0,191.7
9394,control,1,2,returning,mobile,0,,0,248.9
9802,treatment,3,19,returning,desktop,1,310059.02,0,139.0
7065,control,2,12,returning,mobile,0,,0,217.9
4319,treatment,2,10,returning,desktop,0,,0,106.7
4670,control,2,11,returning,desktop,0,,0,231.9
5477,control,3,19,returning,mobile,0,,0,199.8
11802,control,1,6,returning,desktop,0,,1,169.8
11015,treatment,1,2,new,mobile,0,,0,117.4
1857,control,3,20,returning,desktop,0,,0,155.2
2283,control,3,18,new,desktop,0,,0,195.9
10433,control,3,21,returning,mobile,0,,0,226.3
4009,control,2,8,new,mobile,0,,0,136.0
6402,control,2,10,new,desktop,0,,0,233.4
11909,control,2,10,new,desktop,0,,0,134.6
11120,treatment,1,2,returning,desktop,1,196870.5,0,152.5
387,treatment,1,4,returning,mobile,0,,0,169.1
1629,control,3,15,returning,desktop,1,117422.86,0,207.1
10106,control,3,17,new,mobile,0,,0,221.2
11183,treatment,1,2,new,desktop,0,,0,223.5
7719,treatment,3,17,new,mobile,0,,0,101.4
9231,control,1,2,returning,mobile,0,,0,139.1
11961,control,1,3,returning,mobile,0,,0,175.3
1843,control,3,21,new,desktop,0,,0,194.3
2498,control,1,5,new,desktop,0,,0,204.6
202,treatment,3,17,returning,mobile,0,,0,193.3
9643,treatment,2,13,new,mobile,0,,0,96.7
3869,treatment,2,9,new,mobile,0,,0,194.7
5055,treatment,2,13,new,mobile,0,,0,191.1
5890,control,2,9,new,mobile,0,,0,145.8
2703,control,2,9,new,desktop,0,,0,152.6
7923,treatment,3,21,new,mobile,0,,0,112.3
332,control,2,14,new,desktop,0,,0,142.1
3809,treatment,1,4,new,desktop,0,,0,100.2
936,control,1,2,returning,mobile,0,,0,194.2
1775,treatment,3,21,returning,desktop,0,,0,53.1
9459,treatment,3,19,returning,mobile,0,,0,162.8
8612,treatment,3,16,new,desktop,0,,0,107.0
10969,treatment,1,6,returning,desktop,0,,0,173.5
990,treatment,1,3,returning,desktop,1,191843.85,0,181.4
5444,treatment,3,20,returning,desktop,0,,0,147.6
10337,treatment,2,10,new,mobile,0,,0,94.3
6994,treatment,3,19,returning,desktop,0,,0,197.4
10618,treatment,2,10,returning,desktop,0,,0,174.2
5807,treatment,1,6,returning,mobile,0,,0,20.0
10483,treatment,2,12,returning,desktop,0,,0,58.6
10439,treatment,1,3,returning,mobile,0,,0,138.0
6575,control,2,10,returning,desktop,0,,0,323.6
3053,treatment,2,12,returning,mobile,0,,0,153.0
10361,treatment,2,9,new,desktop,0,,0,119.5
8366,treatment,3,15,returning,desktop,0,,0,132.0
4616,control,3,20,new,desktop,0,,0,232.9
3322,control,2,14,returning,mobile,1,112343.74,0,199.6
9130,treatment,1,1,returning,mobile,0,,0,114.7
6247,treatment,3,17,returning,mobile,0,,0,136.2
6049,control,2,8,returning,mobile,0,,0,248.1
3312,treatment,3,20,returning,mobile,0,,0,120.3
9350,control,1,4,returning,mobile,1,223160.6,0,156.0
11251,control,1,5,returning,desktop,0,,0,109.1
8211,control,3,21,new,desktop,0,,0,144.4
3629,treatment,3,20,returning,desktop,0,,0,206.8
10630,treatment,1,7,returning,desktop,0,,0,20.0
1357,treatment,1,4,returning,mobile,0,,0,99.7
5003,treatment,1,2,returning,mobile,0,,0,250.8
11630,treatment,1,3,new,mobile,1,181150.18,0,100.0
5824,control,3,20,new,desktop,0,,0,177.0
11400,treatment,2,11,returning,desktop,0,,0,161.7
5671,treatment,2,11,returning,mobile,1,124950.72,0,166.9
3113,treatment,3,16,returning,desktop,0,,0,180.1
183,treatment,3,18,returning,mobile,0,,0,138.3
10625,control,1,3,returning,desktop,0,,0,162.8
856,control,2,9,new,mobile,0,,0,241.0
10691,treatment,3,18,new,mobile,0,,0,191.2
4913,control,2,11,returning,desktop,0,,0,185.1
10241,control,2,14,new,mobile,0,,0,191.1
1801,treatment,1,5,new,desktop,1,206993.39,0,92.2
11100,control,2,12,new,mobile,0,,0,161.2
5483,control,1,6,new,mobile,0,,0,162.7
10000,control,2,8,returning,mobile,0,,0,174.7
1969,control,1,1,returning,mobile,0,,0,142.4
9993,control,2,10,new,desktop,0,,0,184.8
9780,treatment,2,8,new,mobile,1,144943.63,0,227.9
4698,control,1,7,new,mobile,0,,0,130.2
4988,control,2,12,returning,desktop,0,,0,220.9
4651,treatment,1,7,new,mobile,0,,0,94.9
1160,treatment,1,1,new,desktop,0,,0,213.5
9305,control,2,12,returning,desktop,1,111611.65,0,245.3
1326,treatment,2,9,new,mobile,0,,0,171.6
9451,treatment,1,1,new,mobile,0,,0,147.9
4797,control,2,12,returning,desktop,1,216496.53,1,153.8
6797,treatment,1,3,new,mobile,0,,0,150.6
5809,control,1,5,returning,mobile,0,,0,124.8
11840,control,1,6,returning,mobile,0,,0,204.0
1456,control,2,12,new,mobile,0,,0,212.3
5411,control,3,21,returning,mobile,0,,0,114.1
8334,treatment,1,5,returning,desktop,1,159573.71,0,124.2
2801,treatment,1,2,new,desktop,1,159915.57,0,145.0
7617,control,3,19,returning,mobile,0,,0,171.1
10731,treatment,1,6,returning,mobile,1,220315.01,0,194.8
7816,control,1,1,returning,mobile,0,,0,190.1
4379,treatment,1,6,returning,mobile,0,,0,199.5
8922,treatment,1,2,new,mobile,0,,0,91.7
9554,control,1,4,returning,mobile,0,,0,166.3
6717,treatment,2,13,new,desktop,0,,0,98.7
3737,control,2,10,returning,desktop,0,,0,200.4
2262,treatment,2,9,new,mobile,1,282534.16,0,133.4
7430,treatment,3,21,new,desktop,0,,0,149.2
4006,control,3,19,new,desktop,0,,0,262.0
2395,treatment,3,20,new,mobile,0,,0,139.8
1186,treatment,1,5,new,desktop,1,111318.87,0,110.5
2008,control,3,16,returning,desktop,0,,0,197.0
194,treatment,2,12,new,desktop,0,,0,168.6
8771,control,1,4,returning,mobile,0,,1,161.6
5526,treatment,2,14,new,mobile,0,,0,73.8
772,treatment,1,2,returning,mobile,0,,0,151.9
1479,control,3,21,returning,mobile,0,,0,215.9
1847,control,3,15,returning,desktop,0,,0,151.7
3741,control,2,10,returning,desktop,0,,0,145.1
7987,treatment,3,21,returning,desktop,0,,0,161.6
406,treatment,3,15,returning,mobile,0,,0,143.4
11443,control,3,16,new,mobile,0,,0,266.5
10253,treatment,2,11,returning,mobile,0,,1,238.3
6318,treatment,3,15,returning,mobile,0,,0,160.1
6582,treatment,3,20,returning,desktop,0,,0,215.0
1448,treatment,1,2,returning,mobile,0,,0,121.4
343,treatment,1,1,new,mobile,0,,0,191.9
7469,treatment,3,20,new,mobile,0,,0,133.1
728,control,2,8,new,desktop,1,182178.67,0,100.0
4578,control,1,1,returning,mobile,0,,0,226.2
3517,treatment,2,13,returning,mobile,0,,0,209.2
10664,treatment,2,13,new,mobile,0,,0,110.6
9683,treatment,2,14,returning,mobile,0,,0,117.7
7157,treatment,3,15,returning,mobile,0,,0,105.2
7852,treatment,3,19,returning,mobile,1,434172.06,0,165.0
1349,control,2,12,returning,mobile,1,288043.4,0,123.9
661,control,3,21,returning,mobile,0,,0,125.4
1493,treatment,3,19,new,mobile,0,,0,174.0
10225,treatment,1,1,new,mobile,1,260109.85,0,233.4
5155,control,3,20,returning,mobile,0,,0,153.3
11817,treatment,3,19,returning,mobile,0,,0,169.2
2525,treatment,3,15,returning,desktop,0,,0,114.7
9253,treatment,3,17,returning,mobile,0,,0,171.4
10159,control,1,7,returning,mobile,0,,0,149.3
5375,treatment,2,11,returning,mobile,0,,0,207.1
3199,control,1,3,new,desktop,0,,0,194.3
5718,treatment,2,12,returning,mobile,0,,0,181.0
9150,control,1,2,returning,mobile,0,,0,140.2
10911,treatment,2,10,returning,mobile,0,,0,128.9
9867,control,3,18,returning,mobile,0,,1,173.4
8260,treatment,3,19,new,mobile,0,,0,115.7
9652,treatment,2,13,new,mobile,0,,0,117.4
41,control,1,7,returning,desktop,1,140461.27,0,235.5
10601,treatment,3,15,returning,desktop,0,,0,130.2
6817,treatment,3,19,new,desktop,0,,1,106.4
9233,treatment,1,3,new,desktop,0,,0,124.7
9795,control,2,12,returning,desktop,0,,0,214.9
2724,control,2,12,returning,desktop,1,583073.73,0,166.1
11944,control,1,7,returning,desktop,0,,0,253.1
10284,treatment,2,8,new,mobile,0,,0,132.1
11681,control,3,19,returning,mobile,0,,0,157.6
7156,treatment,3,16,returning,mobile,0,,0,230.1
9229,treatment,1,1,new,mobile,0,,0,146.6
11062,treatment,2,8,returning,desktop,0,,0,142.1
7231,control,3,21,new,mobile,0,,0,98.2
5076,control,2,11,returning,mobile,0,,0,186.2
7881,control,1,3,new,mobile,0,,0,197.6
5395,control,2,12,new,mobile,0,,1,184.9
10255,treatment,2,11,returning,desktop,0,,0,183.9
7790,control,2,9,returning,mobile,0,,0,175.9
11202,control,3,19,new,desktop,0,,1,126.6
4089,control,2,14,returning,mobile,0,,1,108.7
1968,treatment,3,15,returning,mobile,1,3304898.67,0,188.9
10779,treatment,1,1,returning,mobile,0,,0,128.1
10560,treatment,3,16,new,mobile,1,126021.55,0,187.3
11508,control,1,7,returning,mobile,0,,0,238.4
7000,treatment,2,14,new,mobile,0,,0,167.5
424,control,1,5,new,desktop,0,,0,166.4
11116,control,3,17,new,mobile,0,,0,190.3
11403,control,1,2,new,mobile,0,,0,248.8
10286,control,2,10,new,mobile,0,,0,218.8
6143,control,3,20,returning,mobile,0,,0,193.6
5662,control,1,4,returning,mobile,0,,0,215.1
9032,treatment,3,15,returning,mobile,0,,1,155.2
4597,control,1,6,returning,mobile,1,391872.12,0,220.1
2660,control,1,6,new,desktop,0,,0,149.6
142,control,2,9,new,desktop,0,,0,126.9
2598,control,1,4,returning,mobile,0,,0,264.3
6702,treatment,3,21,new,mobile,0,,0,220.3
1378,treatment,3,16,new,mobile,1,88081.17,0,38.6
3675,treatment,1,3,returning,desktop,0,,0,86.3
11874,control,1,5,returning,desktop,0,,0,175.8
6363,treatment,1,4,returning,mobile,0,,0,134.7
11232,treatment,3,21,new,mobile,0,,0,53.4
4742,control,2,10,returning,desktop,1,250746.71,0,172.4
1139,control,1,1,new,mobile,0,,0,217.1
7375,treatment,2,11,returning,desktop,0,,1,116.9
1788,treatment,1,1,returning,desktop,0,,0,151.6
9640,control,2,13,returning,desktop,1,196967.12,0,166.6
4647,treatment,3,17,returning,mobile,1,2086951.21,0,177.3
7569,treatment,3,20,returning,desktop,0,,0,226.5
460,treatment,1,5,new,desktop,0,,1,222.1
6116,treatment,1,5,returning,mobile,0,,0,139.5
8180,control,3,15,new,desktop,0,,0,220.1
949,treatment,1,2,new,mobile,0,,0,160.0
6371,treatment,3,19,new,desktop,0,,0,133.0
4629,control,1,3,returning,mobile,0,,0,158.1
7359,control,3,19,returning,mobile,0,,0,271.2
5926,control,2,11,returning,desktop,0,,0,155.8
6041,control,1,7,new,mobile,0,,0,175.7
442,control,2,8,returning,mobile,0,,0,111.8
6660,control,2,12,returning,desktop,0,,0,234.5
8832,treatment,1,2,new,mobile,0,,0,90.6
9047,control,2,14,returning,desktop,0,,0,284.6
3831,control,3,19,new,mobile,0,,0,253.7
11271,control,1,2,returning,mobile,0,,0,190.6
6145,treatment,3,15,new,desktop,0,,0,66.4
10851,control,2,13,returning,mobile,0,,0,176.8
6345,control,3,16,new,mobile,0,,0,228.5
1959,treatment,3,19,returning,mobile,0,,0,179.9
156,treatment,1,2,returning,mobile,0,,0,166.8
9568,treatment,3,18,returning,desktop,0,,0,55.7
4579,control,2,13,returning,desktop,0,,0,280.4
1090,control,3,18,returning,desktop,0,,0,71.0
6050,treatment,2,14,new,mobile,0,,0,126.9
10981,control,3,20,returning,desktop,0,,1,175.6
9123,treatment,2,13,returning,desktop,0,,1,167.2
7951,treatment,3,17,returning,desktop,0,,0,201.5
1675,treatment,2,14,returning,mobile,1,384510.46,0,172.6
6764,treatment,1,4,returning,desktop,0,,0,140.0
10052,control,1,3,new,mobile,0,,0,177.8
6417,control,1,5,returning,desktop,1,168130.74,0,122.4
11472,control,1,5,new,mobile,0,,0,183.1
2327,control,1,2,returning,mobile,0,,0,169.2
7097,control,2,11,returning,mobile,0,,0,203.0
10299,treatment,1,3,returning,mobile,0,,0,193.3
9452,control,1,1,returning,mobile,0,,0,272.3
6451,control,1,4,returning,desktop,1,59670.4,0,118.0
1716,treatment,1,6,returning,mobile,0,,0,163.5
9173,control,1,7,returning,mobile,0,,0,191.0
8382,treatment,3,21,returning,desktop,0,,0,120.6
3832,treatment,1,6,new,mobile,1,170818.18,0,169.6
6300,treatment,1,3,returning,desktop,0,,0,125.0
3349,treatment,2,8,new,desktop,0,,0,157.4
11418,treatment,2,9,returning,desktop,0,,0,201.8
9178,control,3,16,returning,desktop,1,145200.93,0,126.2
588,control,2,10,returning,mobile,1,206434.25,0,233.8
11422,control,1,1,returning,mobile,0,,0,178.6
2991,treatment,3,19,returning,mobile,0,,0,221.7
11380,control,3,17,returning,mobile,0,,0,185.8
9492,treatment,2,13,returning,desktop,0,,0,82.3
10640,control,3,16,new,mobile,1,134834.66,0,222.3
265,treatment,3,18,new,mobile,0,,1,171.5
9514,treatment,1,2,returning,mobile,0,,1,163.3
6789,treatment,3,15,new,mobile,0,,0,129.0
10208,control,3,17,returning,mobile,0,,0,241.5
3865,treatment,2,13,returning,mobile,0,,0,112.3
6275,control,1,6,returning,mobile,0,,0,174.0
11760,treatment,3,19,returning,mobile,0,,0,130.9
3712,treatment,2,10,returning,desktop,1,564964.09,0,226.3
8439,treatment,2,12,returning,desktop,0,,0,132.6
1530,control,2,11,returning,desktop,0,,0,181.7
9847,treatment,1,2,returning,desktop,0,,0,97.8
924,treatment,1,4,returning,desktop,0,,0,141.4
9437,control,2,10,new,desktop,0,,0,167.8
7330,control,3,17,returning,mobile,0,,1,90.9
4365,treatment,1,4,new,mobile,0,,0,107.5
670,control,3,21,returning,mobile,1,76507.86,0,217.3
3605,treatment,2,10,new,mobile,0,,0,120.1
5109,treatment,2,10,returning,mobile,0,,0,269.0
10800,treatment,2,13,returning,desktop,0,,0,69.8
5249,control,2,14,new,desktop,0,,0,182.9
7184,control,2,14,new,mobile,1,292013.33,1,264.9
2592,treatment,3,18,returning,mobile,0,,0,77.9
5907,treatment,2,10,new,desktop,0,,0,84.9
6510,treatment,3,18,new,mobile,0,,0,124.8
7134,control,2,12,new,mobile,0,,0,219.5
2308,control,3,16,new,mobile,0,,0,257.8
8805,treatment,1,5,returning,desktop,1,202533.26,0,176.3
3691,control,1,5,returning,desktop,0,,0,217.4
688,treatment,1,7,returning,mobile,0,,0,175.2
613,treatment,1,1,returning,mobile,0,,1,153.0
7168,control,2,11,returning,mobile,0,,0,86.6
9487,treatment,3,18,returning,desktop,1,251625.64,0,112.8
3201,treatment,1,5,new,mobile,0,,0,111.0
6630,treatment,3,18,new,mobile,0,,0,103.2
4136,control,3,21,new,mobile,0,,0,167.7
1899,control,2,14,returning,mobile,0,,0,160.6
283,control,3,15,new,mobile,0,,0,221.1
259,control,1,3,returning,mobile,0,,0,176.3
11307,control,2,14,returning,mobile,0,,0,193.9
4944,treatment,3,17,returning,desktop,1,97000.6,1,178.5
2823,control,2,10,returning,desktop,1,136935.7,1,181.9
3526,control,3,21,new,desktop,0,,0,229.3
11588,control,2,13,new,mobile,0,,0,179.6
5224,control,1,7,new,mobile,0,,0,187.7
2286,control,1,7,returning,desktop,1,92550.72,0,228.5
6064,control,2,10,returning,mobile,0,,0,173.5
8079,treatment,1,5,returning,mobile,0,,0,135.7
4655,control,1,4,new,mobile,0,,0,188.4
5001,control,2,14,new,desktop,0,,0,258.0
6711,control,2,10,returning,mobile,0,,0,81.2
11188,treatment,3,17,returning,desktop,1,362779.94,0,166.0
8677,treatment,3,21,returning,mobile,0,,0,96.1
5417,control,1,4,new,mobile,0,,0,206.0
476,control,3,17,returning,mobile,1,194367.53,0,162.9
2556,treatment,3,18,returning,mobile,0,,0,84.9
8088,control,1,1,returning,mobile,0,,0,199.5
8,treatment,3,17,new,mobile,0,,0,148.0
6412,treatment,2,10,returning,desktop,0,,0,145.0
10990,treatment,2,14,new,desktop,0,,1,143.1
10690,treatment,3,19,new,desktop,0,,0,87.8
5547,treatment,1,2,new,desktop,0,,0,169.1
2427,control,1,1,new,desktop,0,,0,147.2
6745,control,2,10,returning,desktop,0,,0,290.2
11551,control,1,5,returning,mobile,0,,0,228.9
2275,treatment,2,9,new,desktop,0,,0,151.5
9204,control,2,8,new,mobile,0,,0,164.7
1578,treatment,3,16,new,desktop,0,,0,115.0
7265,treatment,1,4,returning,desktop,0,,0,210.3
9260,control,1,1,returning,desktop,0,,0,112.3
3971,treatment,1,6,returning,desktop,0,,0,212.0
5880,control,2,14,returning,desktop,0,,0,86.7
10101,treatment,3,19,returning,mobile,0,,0,74.6
11786,control,2,11,new,mobile,0,,0,209.0
7194,control,3,21,new,mobile,0,,0,156.1
3868,control,1,7,new,mobile,0,,0,210.1
11672,treatment,1,3,returning,mobile,0,,0,180.0
6824,control,2,14,new,mobile,0,,0,177.8
7549,control,2,11,returning,desktop,0,,0,160.9
782,treatment,3,21,returning,desktop,1,115815.68,0,137.5
1750,control,2,12,returning,desktop,0,,1,191.7
6520,control,1,1,returning,mobile,0,,0,220.2
5775,control,3,20,returning,desktop,0,,0,175.3
9284,control,1,7,returning,mobile,1,299496.16,0,258.6
2325,control,2,9,new,mobile,0,,0,211.0
5056,control,1,4,returning,mobile,1,71633.64,0,218.8
10813,control,2,9,returning,mobile,0,,0,94.7
1728,treatment,3,17,returning,desktop,1,398215.71,0,263.1
611,treatment,3,17,returning,mobile,0,,0,145.9
4667,treatment,3,20,returning,desktop,0,,0,99.4
5414,control,1,4,returning,mobile,0,,0,205.4
8104,treatment,3,17,new,desktop,0,,0,148.1
8175,control,2,14,returning,mobile,0,,0,195.0
8536,control,2,8,new,mobile,0,,0,178.3
3751,control,1,2,new,desktop,0,,0,209.9
98,control,1,2,returning,mobile,0,,0,215.0
6986,treatment,2,11,returning,mobile,0,,0,126.4
3138,control,1,1,returning,mobile,0,,1,136.6
1538,treatment,3,19,returning,mobile,1,202451.53,0,80.3
3649,control,2,14,new,desktop,0,,0,220.7
1518,treatment,1,4,new,mobile,0,,0,217.4
11219,treatment,3,20,returning,mobile,0,,0,162.5
4625,control,1,5,returning,mobile,1,195492.94,0,143.3
6567,treatment,2,14,new,desktop,0,,0,212.9
2091,control,2,10,returning,mobile,0,,0,165.2
7098,control,2,8,new,mobile,0,,0,156.2
6172,control,3,20,new,mobile,0,,0,153.8
7522,control,3,17,returning,mobile,0,,0,259.0
573,control,2,9,new,desktop,0,,0,161.3
10876,treatment,3,21,returning,desktop,0,,0,194.3
3063,control,2,14,returning,mobile,0,,0,169.7
598,treatment,2,9,new,desktop,0,,0,171.0
6634,treatment,1,2,returning,desktop,0,,0,119.0
11501,treatment,2,14,new,mobile,1,499389.74,0,48.6
7876,control,3,17,returning,desktop,0,,0,133.2
7346,treatment,2,14,returning,desktop,0,,1,183.1
6305,treatment,3,20,returning,mobile,0,,0,128.3
9639,treatment,3,21,returning,desktop,0,,0,96.9
11326,control,2,12,returning,desktop,0,,0,162.6
5977,treatment,2,8,returning,desktop,1,171058.54,0,178.9
8563,treatment,2,9,new,mobile,0,,0,131.1
1939,control,3,20,new,desktop,0,,0,143.4
8101,control,1,5,returning,mobile,0,,0,274.0
1754,treatment,1,7,returning,desktop,0,,0,201.8
3671,control,3,17,returning,mobile,0,,0,108.0
9645,treatment,1,7,returning,mobile,0,,0,158.7
2362,control,1,5,returning,mobile,0,,0,246.6
4261,treatment,1,5,returning,desktop,0,,0,148.3
5433,treatment,1,4,new,mobile,0,,0,166.3
6286,treatment,2,13,returning,desktop,0,,0,109.5
9461,treatment,1,1,new,desktop,1,149184.62,0,177.5
11355,control,3,16,returning,mobile,0,,0,276.8
9415,treatment,3,17,new,desktop,0,,0,64.5
10261,treatment,2,8,new,mobile,0,,1,155.4
9947,treatment,3,15,new,mobile,0,,0,67.8
5592,treatment,2,10,returning,mobile,0,,0,187.4
1172,treatment,1,3,returning,mobile,1,62070.23,0,67.3
7928,control,2,10,returning,mobile,0,,0,224.1
9662,treatment,3,15,returning,mobile,0,,0,248.3
11220,treatment,1,5,returning,mobile,1,171521.6,0,150.6
11432,control,1,4,returning,mobile,0,,0,92.4
10989,control,2,12,returning,mobile,0,,0,119.4
875,treatment,2,13,new,mobile,1,271740.89,0,91.4
2298,control,2,10,returning,desktop,1,335759.0,0,134.6
11160,control,1,3,new,mobile,0,,0,153.7
2644,treatment,3,16,returning,desktop,1,246502.51,0,160.8
5348,treatment,2,10,returning,desktop,0,,0,223.7
9033,control,1,2,new,mobile,0,,0,218.1
11919,treatment,1,6,returning,mobile,0,,0,100.9
582,treatment,1,7,returning,mobile,1,404083.3,0,205.1
205,control,2,13,returning,desktop,1,110490.45,0,155.8
7897,treatment,3,17,returning,desktop,0,,0,142.5
2015,control,3,16,returning,desktop,0,,0,247.8
906,treatment,3,19,new,mobile,0,,0,109.9
632,treatment,3,15,new,mobile,0,,0,87.4
8462,treatment,2,11,new,desktop,0,,0,127.1
10982,control,3,17,new,mobile,0,,0,213.8
1975,control,1,6,returning,mobile,0,,0,144.9
163,control,1,4,returning,desktop,0,,0,169.9
4999,control,1,5,returning,desktop,0,,0,86.7
4714,treatment,2,8,returning,mobile,1,357213.15,0,88.2
9068,treatment,1,2,returning,mobile,0,,0,164.0
1432,treatment,2,10,returning,mobile,0,,0,97.7
6869,treatment,1,5,returning,mobile,0,,0,163.2
10958,treatment,1,2,returning,mobile,0,,0,132.0
7711,control,2,13,returning,mobile,0,,0,144.2
7737,treatment,2,9,returning,mobile,0,,0,154.4
4284,control,2,9,returning,mobile,0,,0,136.9
7532,control,3,19,returning,desktop,0,,0,176.3
9559,treatment,3,17,returning,mobile,0,,1,104.1
3385,control,1,7,new,mobile,0,,0,164.2
11475,control,1,7,returning,mobile,0,,0,173.9
9751,treatment,3,20,new,mobile,1,321401.26,0,175.0
10001,treatment,2,11,returning,desktop,0,,0,184.6
7463,control,2,13,returning,mobile,1,358336.01,0,139.2
3332,control,3,18,returning,mobile,0,,0,144.8
6405,control,1,4,new,desktop,0,,0,202.5
8896,control,2,14,returning,desktop,0,,0,109.2
2097,control,3,16,new,mobile,0,,0,182.3
10075,control,3,19,new,desktop,0,,0,140.9
8000,treatment,1,2,returning,mobile,0,,0,159.5
5018,control,2,8,new,mobile,0,,0,231.0
8739,treatment,3,20,new,desktop,0,,0,125.8
1450,control,1,4,returning,desktop,0,,0,257.0
6901,control,3,16,returning,desktop,0,,0,159.4
2611,treatment,1,7,returning,desktop,0,,0,139.8
1901,treatment,1,4,returning,mobile,0,,0,182.0
8187,control,1,3,returning,mobile,0,,0,134.3
3921,control,1,3,returning,desktop,1,161798.96,0,191.2
2758,treatment,3,15,new,desktop,0,,0,181.0
6398,control,2,13,returning,desktop,1,188062.03,0,139.8
10777,treatment,3,15,returning,desktop,0,,0,150.3
2098,control,1,3,returning,desktop,0,,0,192.2
8330,control,3,17,returning,desktop,0,,0,227.2
11338,control,1,2,returning,mobile,1,154247.02,1,208.0
5625,control,3,17,returning,mobile,0,,0,103.4
9029,control,3,15,new,mobile,0,,0,152.9
3472,control,2,8,returning,mobile,0,,0,268.1
8267,treatment,1,5,returning,mobile,1,430184.42,0,140.3
2172,control,1,4,new,mobile,0,,0,162.4
11073,treatment,2,9,new,desktop,0,,0,92.9
11014,control,3,20,new,mobile,0,,0,213.3
8591,treatment,2,13,returning,mobile,0,,0,117.5
2011,control,3,19,new,desktop,0,,0,187.6
11746,treatment,2,11,returning,mobile,0,,0,101.2
1284,treatment,1,4,returning,desktop,0,,0,127.3
11520,treatment,2,12,returning,desktop,0,,0,163.9
1020,control,1,2,new,mobile,0,,0,248.3
8668,treatment,3,21,returning,desktop,0,,0,122.4
2811,control,3,20,new,mobile,0,,0,128.5
11036,treatment,1,2,returning,desktop,0,,0,134.8
1652,control,1,2,new,mobile,0,,0,160.5
11536,control,3,18,returning,mobile,0,,0,192.1
1170,control,1,1,returning,mobile,0,,0,122.1
9399,treatment,3,20,returning,mobile,0,,0,103.2
6257,treatment,2,14,new,mobile,0,,0,191.6
5470,control,1,7,returning,desktop,0,,0,166.6
10474,treatment,1,2,returning,desktop,0,,0,163.9
868,treatment,3,18,returning,mobile,0,,0,192.0
5094,control,1,7,returning,mobile,0,,0,212.9
5434,control,1,7,returning,mobile,0,,0,253.3
542,treatment,2,13,returning,desktop,0,,0,110.0
9325,control,2,14,returning,desktop,0,,0,155.3
11803,treatment,2,10,new,desktop,0,,0,200.4
6355,control,1,4,returning,mobile,0,,0,143.5
11199,control,3,17,new,mobile,0,,0,179.4
3391,control,2,14,new,mobile,0,,0,185.2
9649,control,2,9,new,mobile,0,,0,204.5
11918,treatment,2,14,new,desktop,0,,0,78.5
3960,control,1,5,returning,mobile,0,,0,120.6
6644,control,1,6,new,mobile,0,,0,210.1
6842,treatment,2,14,returning,desktop,0,,0,111.9
9940,treatment,2,12,new,mobile,0,,0,78.2
3587,control,1,5,returning,desktop,0,,0,116.5
9692,control,2,10,returning,mobile,0,,0,79.2
2564,treatment,3,20,returning,mobile,0,,0,164.1
5037,treatment,3,18,new,mobile,0,,0,101.5
1081,control,2,11,returning,mobile,0,,0,169.7
5892,treatment,2,10,new,mobile,1,208035.27,0,125.9
4967,control,2,11,returning,mobile,0,,0,137.2
2024,control,2,10,returning,mobile,0,,0,155.0
10776,control,2,11,new,mobile,0,,0,222.9
7910,control,1,5,returning,mobile,0,,0,129.5
10464,treatment,3,15,new,mobile,0,,0,189.9
7322,control,2,11,new,desktop,0,,0,237.3
227,control,1,4,returning,mobile,0,,0,167.2
1014,treatment,1,7,returning,desktop,0,,0,121.6
1930,control,2,10,new,desktop,0,,0,189.5
10058,control,3,19,returning,mobile,0,,0,213.8
5252,control,3,18,returning,desktop,0,,1,104.7
2180,treatment,1,2,new,mobile,0,,0,36.8
698,treatment,3,17,new,mobile,0,,0,95.2
1125,control,3,15,new,desktop,0,,0,197.8
7379,control,2,14,returning,desktop,0,,0,167.8
9840,treatment,3,19,returning,desktop,0,,0,128.3
5111,control,2,12,new,mobile,0,,0,288.0
7903,treatment,3,15,new,desktop,0,,1,110.9
1779,control,1,2,new,desktop,0,,0,220.2
9572,treatment,2,11,new,mobile,0,,0,106.4
2635,treatment,1,5,returning,mobile,0,,0,142.6
7545,treatment,1,6,returning,desktop,1,84863.27,0,98.9
7605,treatment,1,3,returning,mobile,0,,0,133.5
3490,control,3,19,new,mobile,0,,0,149.3
1038,control,2,10,new,mobile,0,,0,193.4
9807,treatment,1,4,returning,mobile,0,,0,107.2
8506,control,3,20,new,mobile,0,,0,179.6
2650,treatment,2,12,returning,desktop,1,353819.91,0,103.7
2980,treatment,2,8,new,desktop,0,,0,100.0
2548,control,1,7,new,desktop,0,,0,178.4
5133,control,3,18,returning,desktop,1,393398.66,0,186.5
2160,control,3,15,returning,mobile,0,,0,178.4
9115,control,2,9,returning,mobile,0,,0,269.6
6446,control,1,4,new,desktop,0,,0,165.9
3968,control,1,2,returning,mobile,0,,0,284.0
1429,treatment,1,5,returning,desktop,0,,0,192.1
10092,control,3,19,new,mobile,1,221081.95,0,156.6
2521,control,1,7,new,desktop,0,,0,170.5
8034,control,1,2,returning,mobile,1,207147.12,1,195.3
11034,treatment,1,4,new,mobile,1,150431.41,0,164.0
11844,treatment,3,18,returning,mobile,0,,0,71.9
449,control,3,19,new,mobile,0,,0,228.0
10173,treatment,3,18,returning,mobile,1,243168.37,0,157.7
9477,treatment,3,21,returning,desktop,0,,0,126.0
5996,control,1,3,new,desktop,0,,0,185.4
11698,treatment,3,15,returning,desktop,0,,0,122.6
3728,control,2,13,returning,mobile,0,,0,126.7
7354,treatment,1,5,new,mobile,0,,0,186.3
8554,treatment,2,10,returning,mobile,0,,0,89.2
6280,control,1,6,returning,mobile,0,,0,188.1
10720,treatment,2,13,returning,mobile,0,,0,163.3
7296,treatment,1,1,returning,desktop,0,,0,99.7
9497,control,2,13,returning,desktop,0,,0,183.0
6252,control,1,1,returning,mobile,0,,0,172.7
5927,treatment,2,12,returning,desktop,0,,0,187.5
2461,treatment,2,14,returning,mobile,0,,1,163.0
23,treatment,1,2,returning,mobile,0,,0,151.9
2067,treatment,3,21,returning,mobile,0,,0,118.0
1654,control,2,13,returning,desktop,1,195999.73,0,202.0
8895,control,2,13,returning,mobile,0,,1,198.0
8707,control,2,13,returning,mobile,1,222024.47,0,98.2
1377,treatment,1,2,returning,mobile,0,,0,115.6
1725,control,3,19,new,mobile,1,1871717.01,0,150.4
3755,control,2,14,new,desktop,0,,0,176.3
8653,treatment,3,15,returning,mobile,0,,0,123.4
4184,control,1,4,new,mobile,0,,0,235.1
4083,treatment,3,20,new,mobile,0,,0,151.7
8475,control,3,18,new,mobile,0,,0,183.7
6580,treatment,1,5,returning,mobile,0,,0,121.1
4559,control,1,1,new,mobile,0,,0,228.8
3538,treatment,1,3,new,mobile,0,,0,174.5
7004,treatment,1,2,returning,mobile,0,,0,174.6
11362,control,3,18,returning,mobile,0,,0,186.4
9869,control,1,6,new,desktop,0,,0,171.0
8790,treatment,2,12,new,mobile,0,,0,123.4
647,control,1,5,returning,mobile,0,,0,178.1
6382,treatment,1,4,new,mobile,0,,0,185.5
7528,treatment,3,18,new,desktop,0,,0,145.0
11635,control,1,5,new,desktop,1,81275.55,0,179.2
7166,control,2,10,new,mobile,0,,0,148.3
10139,control,3,17,returning,mobile,1,96588.72,0,146.3
7698,treatment,1,5,new,desktop,0,,0,166.7
11286,control,1,6,returning,mobile,0,,0,182.5
4876,treatment,1,4,returning,mobile,0,,0,182.8
10303,treatment,1,7,new,mobile,0,,0,82.9
5342,control,2,9,new,mobile,0,,0,171.7
7032,control,3,18,new,mobile,0,,0,211.9
2161,control,2,12,returning,desktop,0,,0,82.9
686,control,2,11,returning,desktop,0,,0,154.3
2462,treatment,2,12,returning,desktop,0,,0,127.0
7129,treatment,1,5,returning,mobile,0,,0,100.4
6268,treatment,2,9,new,desktop,0,,0,97.8
4942,control,2,11,returning,mobile,0,,0,123.1
5947,control,2,13,new,mobile,0,,0,206.1
4584,treatment,3,21,returning,mobile,0,,0,134.6
5785,control,2,9,new,mobile,0,,0,152.7
7570,treatment,3,18,new,mobile,0,,0,152.0
10215,treatment,1,2,returning,mobile,1,75472.74,0,172.9
522,control,2,11,returning,mobile,1,585760.26,0,140.9
8715,control,3,15,new,desktop,0,,0,202.7
10711,treatment,2,10,new,desktop,0,,0,137.6
3984,control,1,1,new,mobile,0,,0,223.0
11471,control,1,2,returning,mobile,0,,0,32.4
781,control,1,4,returning,mobile,0,,0,282.7
9856,control,3,17,returning,mobile,0,,1,180.4
5608,treatment,1,2,returning,desktop,0,,0,209.7
5979,control,3,20,returning,mobile,0,,0,192.8
8844,treatment,2,13,returning,mobile,0,,0,163.8
3748,treatment,3,20,returning,desktop,0,,0,88.3
2197,control,1,1,new,mobile,0,,0,162.1
8562,control,3,16,returning,mobile,1,612081.53,0,191.4
11860,treatment,3,16,new,mobile,0,,1,138.3
4286,control,3,17,returning,desktop,0,,0,173.3
8570,treatment,3,18,new,desktop,0,,0,120.0
6980,treatment,3,19,returning,desktop,1,218847.75,0,190.1
1828,control,2,11,new,mobile,0,,0,221.0
9155,control,2,8,returning,desktop,1,258026.13,0,170.8
11607,treatment,2,14,returning,mobile,0,,0,101.9
2377,treatment,1,5,returning,desktop,0,,0,92.3
8552,treatment,2,12,returning,mobile,0,,0,175.5
3840,control,3,20,returning,mobile,1,88800.39,0,254.0
1247,treatment,3,16,new,mobile,0,,0,136.2
7505,treatment,3,21,returning,mobile,1,228554.53,0,47.8
6512,control,2,11,returning,mobile,0,,0,206.7
5440,control,3,18,returning,desktop,0,,0,221.5
11087,treatment,3,16,returning,desktop,0,,0,43.0
8965,control,3,18,returning,mobile,0,,0,170.2
11662,control,3,19,new,mobile,0,,0,148.0
5511,control,3,17,returning,mobile,0,,0,153.1
5331,treatment,2,8,returning,desktop,0,,0,117.5
4532,control,1,6,returning,mobile,0,,0,259.5
366,control,3,19,returning,mobile,0,,0,217.0
11978,control,1,6,returning,desktop,0,,0,182.3
148,treatment,3,15,returning,desktop,0,,0,145.8
1669,control,2,12,new,desktop,0,,0,240.3
10609,treatment,2,8,returning,desktop,0,,0,133.8
7651,treatment,2,13,returning,desktop,0,,0,109.8
8600,control,2,13,new,mobile,0,,0,174.3
7789,treatment,3,16,returning,mobile,1,126213.28,0,83.7
3457,treatment,3,20,returning,mobile,0,,0,204.3
3272,treatment,3,19,returning,mobile,0,,1,194.4
4941,treatment,3,16,returning,desktop,0,,0,223.4
9224,treatment,3,17,new,desktop,0,,0,49.7
6231,treatment,1,7,new,mobile,0,,0,180.3
10680,control,3,16,new,mobile,0,,0,209.9
9729,treatment,3,19,new,mobile,0,,0,162.2
9048,control,2,12,new,mobile,0,,0,189.0
3927,treatment,3,19,returning,desktop,1,126490.98,0,141.4
10246,treatment,1,7,returning,desktop,0,,0,41.2
8081,control,3,20,returning,mobile,0,,0,80.3
79,treatment,1,5,returning,mobile,0,,0,101.2
7089,control,1,6,returning,mobile,0,,0,197.3
2248,treatment,2,11,returning,desktop,1,657244.77,0,144.6
9897,treatment,1,5,returning,desktop,0,,0,157.7
11934,treatment,3,15,returning,desktop,0,,0,112.5
9936,control,3,20,returning,desktop,0,,0,142.4
7452,control,1,5,new,desktop,0,,0,150.5
8981,treatment,3,20,returning,desktop,0,,0,59.8
2280,treatment,2,13,returning,mobile,1,276584.56,0,126.4
8124,control,3,15,new,mobile,0,,0,86.9
3898,control,1,2,returning,desktop,0,,0,180.1
9666,treatment,1,5,new,desktop,0,,0,188.4
7178,treatment,1,4,new,mobile,0,,0,81.5
9313,control,3,20,new,mobile,1,122672.37,0,203.0
11344,control,3,20,new,mobile,0,,0,229.3
3632,treatment,2,9,returning,mobile,1,174523.8,0,180.5
10340,treatment,2,12,returning,mobile,0,,1,205.4
6273,treatment,1,6,returning,mobile,0,,0,83.6
8617,treatment,2,8,returning,mobile,0,,0,164.3
393,treatment,3,18,returning,desktop,0,,0,157.1
3192,control,1,7,new,desktop,0,,0,250.9
17,treatment,3,21,new,mobile,0,,0,106.0
4201,control,1,7,returning,mobile,0,,0,197.6
2673,control,2,13,new,desktop,1,519456.89,0,206.2
6165,treatment,1,6,returning,mobile,0,,0,109.9
3494,treatment,2,11,returning,mobile,0,,0,93.6
7395,treatment,2,8,new,mobile,1,298969.39,0,46.1
4840,control,3,15,new,mobile,0,,0,226.7
594,treatment,2,9,new,mobile,0,,0,169.0
11173,treatment,3,15,new,mobile,0,,0,108.3
8738,control,2,11,returning,desktop,0,,0,170.9
5828,control,2,8,new,mobile,0,,0,170.4
7962,control,1,2,new,desktop,0,,0,112.0
5888,control,3,20,returning,desktop,0,,0,309.1
2356,treatment,3,20,returning,desktop,0,,0,107.4
6037,treatment,2,9,returning,desktop,0,,0,187.3
4799,treatment,2,12,returning,desktop,0,,0,174.3
10370,treatment,3,17,new,mobile,0,,0,159.3
4593,treatment,1,7,new,desktop,0,,1,175.3
8657,control,3,21,new,mobile,0,,0,165.9
164,control,3,19,returning,desktop,0,,0,162.8
11111,control,1,5,returning,mobile,0,,0,233.3
11319,treatment,1,5,new,mobile,1,134190.04,0,135.2
11730,control,1,6,new,mobile,0,,0,117.8
7381,control,1,4,returning,mobile,1,183982.84,0,231.8
11946,treatment,1,2,returning,mobile,0,,1,173.1
6357,control,1,6,returning,mobile,0,,0,198.2
9093,control,2,14,returning,desktop,1,167167.35,0,161.3
5543,treatment,1,1,new,desktop,0,,0,134.2
6008,treatment,2,14,new,desktop,0,,0,173.3
7994,treatment,1,3,returning,mobile,0,,0,143.6
7639,treatment,2,8,returning,mobile,0,,0,181.6
6794,treatment,3,15,returning,mobile,0,,0,174.4
7759,control,3,19,new,mobile,0,,0,212.8
4838,control,2,9,returning,desktop,0,,0,153.8
2294,control,3,17,returning,desktop,0,,0,206.5
6549,treatment,1,5,new,mobile,0,,0,62.9
7899,treatment,1,6,new,mobile,0,,0,81.8
4482,treatment,3,15,new,mobile,1,203269.65,0,204.0
3717,treatment,1,7,new,mobile,0,,0,129.9
6141,control,2,12,returning,mobile,0,,0,219.6
1550,control,1,6,new,mobile,0,,0,200.0
2045,treatment,3,20,returning,mobile,0,,0,146.1
768,control,1,1,new,desktop,0,,0,184.9
5694,treatment,2,14,returning,mobile,0,,0,139.7
7871,control,2,14,returning,mobile,1,3385727.83,0,167.9
7858,control,3,16,returning,mobile,1,122494.7,0,249.2
3303,control,3,17,returning,desktop,0,,0,253.8
4518,control,2,13,new,desktop,0,,0,105.5
10881,control,2,11,new,mobile,0,,0,220.5
10752,control,3,20,new,mobile,0,,0,210.3
3293,treatment,3,18,returning,mobile,0,,0,160.9
9012,treatment,3,17,returning,desktop,0,,0,117.7
1404,control,3,19,new,mobile,1,116726.32,0,139.8
1383,treatment,1,7,returning,mobile,0,,0,142.4
6929,control,3,18,returning,mobile,1,411572.93,0,151.8
5672,treatment,2,9,new,mobile,0,,0,100.4
1639,control,3,17,returning,desktop,0,,0,163.1
11753,treatment,3,20,new,mobile,0,,0,63.2
6908,treatment,1,2,returning,desktop,0,,0,94.7
8592,control,2,11,returning,desktop,1,381328.27,0,129.0
6407,treatment,2,14,returning,desktop,0,,0,108.7
9075,treatment,1,6,new,mobile,0,,0,156.4
1180,control,3,18,returning,mobile,1,3920134.38,0,186.6
5449,treatment,2,8,returning,desktop,0,,0,219.0
5079,control,3,16,returning,mobile,0,,0,87.9
8649,control,2,8,returning,mobile,0,,0,155.9
5176,control,2,14,returning,mobile,0,,0,155.1
690,treatment,2,11,new,mobile,0,,0,146.1
10620,treatment,2,13,returning,mobile,0,,0,125.4
6526,treatment,2,10,returning,desktop,1,210436.67,0,95.2
11782,treatment,1,6,new,desktop,1,202890.28,0,213.7
6489,control,2,10,returning,mobile,0,,0,195.3
7155,treatment,3,19,returning,mobile,1,139375.84,0,142.8
10733,treatment,1,7,returning,mobile,1,186681.5,0,179.9
6611,treatment,2,13,returning,mobile,0,,0,147.3
10271,treatment,1,4,returning,desktop,0,,0,123.8
4350,treatment,2,8,returning,desktop,1,129121.95,0,86.9
1885,control,2,13,new,desktop,0,,0,114.3
10363,control,1,3,new,mobile,0,,0,219.7
2495,treatment,1,2,new,mobile,0,,0,85.8
5948,treatment,2,10,returning,desktop,0,,0,194.7
3037,treatment,3,17,new,mobile,0,,0,71.5
5778,treatment,1,5,returning,desktop,0,,0,60.8
846,treatment,2,8,returning,mobile,0,,0,110.9
8735,treatment,1,7,returning,desktop,0,,0,124.9
7968,treatment,1,6,new,mobile,1,105907.39,0,74.8
11022,treatment,2,9,returning,mobile,0,,0,177.5
7341,treatment,2,14,new,desktop,0,,0,40.1
10799,treatment,1,2,returning,desktop,0,,0,170.7
9931,control,2,13,new,mobile,0,,0,246.2
7138,control,3,16,new,mobile,0,,0,281.5
2965,control,2,14,new,mobile,0,,0,204.7
2530,treatment,1,4,returning,mobile,0,,0,148.5
5773,control,2,14,returning,mobile,0,,0,138.3
1049,treatment,3,17,new,mobile,0,,0,173.2
7046,treatment,3,21,returning,mobile,0,,0,138.1
1961,treatment,3,19,returning,mobile,0,,0,158.7
2531,treatment,1,3,new,mobile,0,,0,129.7
8430,treatment,1,6,new,mobile,0,,0,140.8
4918,treatment,1,6,returning,desktop,1,104830.48,1,126.3
9326,treatment,3,20,returning,desktop,0,,0,102.3
5902,control,2,14,new,mobile,0,,0,260.4
8287,control,3,20,returning,desktop,0,,0,198.3
4260,control,3,21,returning,mobile,0,,0,179.2
10279,control,1,7,returning,desktop,1,52573.47,0,157.9
5657,treatment,2,8,new,mobile,0,,0,132.7
6098,treatment,2,12,returning,mobile,1,69403.7,0,77.1
5908,treatment,2,10,returning,desktop,0,,0,98.8
7374,treatment,3,15,returning,desktop,0,,0,209.7
2979,treatment,3,19,returning,mobile,1,151564.14,0,169.4
10629,treatment,2,14,returning,mobile,0,,0,112.0
11157,treatment,1,3,returning,desktop,0,,0,182.5
6722,control,3,19,returning,mobile,0,,0,175.8
7843,control,3,17,new,desktop,1,406766.36,0,105.6
8265,treatment,3,20,returning,desktop,1,171837.64,0,140.3
10522,treatment,3,20,new,mobile,0,,0,139.3
3139,treatment,3,17,returning,desktop,0,,0,89.7
8326,control,3,18,new,mobile,0,,0,259.4
11913,treatment,3,18,returning,desktop,0,,0,152.7
1827,treatment,2,11,returning,mobile,1,125930.31,0,88.1
5549,treatment,2,9,returning,mobile,0,,0,120.1
8786,control,2,10,new,desktop,0,,0,206.4
561,control,1,3,returning,mobile,0,,0,131.5
10566,control,1,2,new,mobile,0,,0,213.0
8436,treatment,2,14,new,desktop,1,271923.96,0,95.7
5436,control,3,21,new,mobile,0,,0,165.1
4438,control,3,20,returning,desktop,0,,1,217.1
8598,treatment,2,13,returning,mobile,1,146764.78,0,127.6
1443,control,2,10,returning,mobile,0,,0,191.7
8454,treatment,2,9,new,desktop,0,,0,200.0
4407,treatment,1,5,new,mobile,0,,0,101.2
11436,treatment,1,7,new,mobile,1,116216.19,0,93.3
1690,control,1,1,new,desktop,0,,0,228.8
11842,treatment,2,9,returning,mobile,0,,0,177.5
10784,control,1,6,new,desktop,0,,1,191.6
5963,control,2,14,returning,mobile,1,62807.71,0,100.6
2497,treatment,3,19,new,mobile,0,,0,75.9
9820,treatment,3,18,new,desktop,0,,0,189.2
341,control,2,10,new,mobile,0,,0,181.9
2409,control,2,14,new,desktop,0,,0,163.8
10014,control,1,2,returning,mobile,0,,0,163.6
5783,control,1,5,new,mobile,0,,0,208.4
4577,treatment,1,5,returning,mobile,0,,0,99.6
3726,treatment,1,2,returning,mobile,0,,0,184.8
2786,treatment,2,12,new,mobile,1,86895.21,0,87.1
9716,control,2,11,new,mobile,0,,0,204.3
1013,control,3,15,new,mobile,0,,0,100.4
5281,treatment,1,3,returning,desktop,0,,0,86.8
4896,control,3,19,returning,mobile,0,,0,173.6
7122,control,1,1,new,desktop,0,,0,219.6
6550,control,3,19,returning,desktop,0,,0,227.6
4038,treatment,1,4,returning,mobile,0,,0,173.1
149,control,1,1,returning,mobile,0,,0,194.7
286,control,1,6,returning,mobile,0,,0,173.7
11583,control,1,5,returning,desktop,1,145292.82,0,138.0
8556,control,2,13,new,desktop,0,,0,193.5
10079,treatment,3,15,returning,mobile,0,,0,96.6
9733,treatment,3,16,returning,desktop,0,,0,237.4
6771,control,2,10,returning,mobile,0,,0,212.9
4444,treatment,3,18,new,mobile,0,,0,159.5
7447,treatment,1,6,new,mobile,0,,0,181.9
237,control,3,17,returning,mobile,0,,0,132.9
11833,treatment,1,7,new,mobile,0,,0,115.8
7124,treatment,1,4,returning,mobile,0,,1,136.8
11391,control,2,10,returning,mobile,0,,0,121.1
3084,treatment,3,17,returning,mobile,0,,0,110.3
633,control,3,21,returning,desktop,1,117558.6,0,167.9
6814,control,1,2,returning,desktop,0,,0,166.1
2494,treatment,3,17,new,mobile,0,,0,112.4
2666,treatment,2,9,returning,mobile,1,136267.38,0,144.0
10352,control,2,9,new,desktop,0,,0,230.4
10247,control,1,1,returning,desktop,0,,0,217.4
10095,treatment,3,20,returning,desktop,0,,0,140.8
10154,control,3,20,returning,desktop,0,,0,210.3
4212,control,2,12,returning,desktop,1,163504.47,0,87.0
9687,treatment,3,19,new,desktop,0,,0,130.6
3875,treatment,3,17,returning,mobile,0,,0,107.2
9425,treatment,1,5,returning,mobile,0,,0,181.3
2818,treatment,3,16,returning,mobile,0,,0,184.9
9903,treatment,3,15,returning,mobile,0,,1,132.2
11775,control,1,2,returning,desktop,0,,0,192.3
10769,treatment,2,12,new,desktop,0,,0,130.5
7427,treatment,3,19,new,mobile,0,,0,130.0
10313,treatment,2,8,returning,mobile,0,,0,47.6
10157,control,1,7,new,mobile,0,,0,226.1
11038,control,2,9,new,mobile,0,,0,178.6
9778,treatment,2,12,new,desktop,0,,1,141.0
1736,treatment,3,21,new,desktop,0,,0,117.4
7398,control,1,3,returning,mobile,0,,0,203.2
4256,control,1,2,new,desktop,0,,0,148.8
9928,control,1,4,returning,mobile,0,,0,238.2
2476,control,3,19,returning,mobile,0,,0,203.5
11979,control,1,3,returning,mobile,0,,0,193.3
3714,treatment,3,15,new,desktop,0,,0,228.4
10766,control,2,10,new,desktop,0,,0,138.1
1805,treatment,2,8,returning,mobile,0,,0,114.4
708,treatment,1,5,returning,mobile,0,,0,93.9
11027,control,1,5,new,mobile,0,,0,210.2
5190,treatment,1,4,new,mobile,0,,1,176.0
5473,treatment,2,14,returning,mobile,0,,0,143.4
73,treatment,2,14,returning,desktop,0,,0,168.7
7844,treatment,2,12,new,desktop,0,,0,60.7
5102,control,2,13,returning,desktop,0,,0,233.5
6765,control,2,13,new,desktop,0,,0,217.3
9383,control,1,6,returning,mobile,0,,0,238.0
1126,treatment,1,2,returning,desktop,0,,0,145.7
1242,control,1,7,new,mobile,0,,0,219.8
9927,treatment,2,13,returning,mobile,1,297109.82,0,206.1
2350,control,3,16,returning,desktop,0,,0,168.8
6603,control,1,1,new,mobile,0,,0,225.9
6781,control,2,12,returning,desktop,1,394176.77,0,88.0
9770,control,2,8,returning,mobile,0,,0,219.7
4359,control,2,9,new,desktop,1,128464.72,0,221.2
1344,treatment,1,4,returning,mobile,1,121890.49,0,140.1
11984,control,3,15,returning,mobile,1,223916.58,0,152.2
10415,control,1,2,new,desktop,0,,0,116.0
11492,control,1,6,returning,desktop,0,,0,147.4
8633,control,1,7,returning,desktop,0,,0,132.3
6653,treatment,3,20,returning,mobile,0,,0,84.9
1101,control,1,1,returning,desktop,0,,0,184.2
9161,control,1,3,returning,mobile,0,,0,141.4
8842,control,1,3,new,desktop,0,,0,156.0
9739,treatment,1,6,new,mobile,1,108180.8,0,196.2
7328,control,1,6,new,desktop,0,,0,205.6
7623,control,3,21,returning,mobile,0,,0,203.4
988,control,1,4,new,desktop,0,,0,230.6
2853,treatment,3,16,returning,mobile,0,,1,28.8
8854,treatment,2,11,returning,mobile,0,,0,192.3
631,treatment,1,6,new,desktop,0,,0,85.4
1250,treatment,1,4,new,mobile,0,,0,150.8
3180,treatment,1,7,returning,mobile,1,161162.36,0,216.6
483,treatment,1,7,returning,mobile,0,,0,131.0
9777,control,1,5,returning,mobile,0,,0,165.6
9655,treatment,1,2,returning,mobile,0,,0,139.3
3041,control,2,8,new,mobile,0,,0,175.2
5011,control,1,3,new,desktop,0,,0,217.6
10477,control,2,10,new,desktop,0,,0,171.0
7001,treatment,1,5,new,mobile,0,,0,141.4
3274,treatment,3,18,returning,mobile,1,304570.81,0,125.2
7228,control,2,14,returning,mobile,0,,0,229.1
3684,control,3,19,returning,desktop,0,,0,111.0
6675,treatment,3,18,returning,mobile,0,,0,212.2
6808,treatment,1,3,new,desktop,0,,1,112.0
11683,treatment,2,10,returning,desktop,0,,0,75.1
1317,treatment,1,7,returning,desktop,1,325306.21,0,156.7
3226,treatment,1,5,returning,desktop,0,,0,161.5
1073,control,2,12,returning,mobile,0,,0,184.1
4816,control,2,11,returning,mobile,0,,0,178.5
10135,treatment,1,3,returning,desktop,0,,0,184.3
9853,control,1,7,returning,mobile,0,,0,173.0
5753,treatment,3,19,returning,desktop,0,,0,113.0
11870,control,2,13,returning,mobile,0,,0,187.4
4617,control,2,13,returning,desktop,0,,0,204.6
3098,control,2,9,returning,mobile,0,,0,163.0
11316,control,2,14,returning,mobile,0,,0,174.8
6870,treatment,1,7,new,mobile,0,,0,103.3
1301,control,2,8,new,desktop,0,,0,243.7
7286,treatment,3,21,new,desktop,0,,0,101.6
6285,treatment,3,16,returning,mobile,0,,0,137.4
10635,treatment,2,12,returning,mobile,1,306270.59,0,138.5
5496,control,1,3,returning,desktop,0,,0,145.8
5292,control,1,6,returning,desktop,0,,1,179.0
9601,treatment,2,10,new,mobile,0,,0,148.9
1799,treatment,1,4,returning,desktop,1,87700.25,0,207.5
9668,treatment,3,21,new,mobile,0,,0,196.1
5204,control,1,7,returning,mobile,0,,0,114.4
8228,control,3,16,new,mobile,0,,0,229.1
5048,treatment,3,16,new,mobile,0,,0,136.5
6442,treatment,1,5,returning,mobile,0,,0,79.1
8637,control,1,7,new,mobile,0,,0,192.2
8106,control,2,14,returning,desktop,0,,0,201.8
2360,control,2,10,new,mobile,0,,0,200.0
11254,control,2,10,returning,desktop,0,,0,127.4
3655,control,1,1,new,mobile,0,,0,152.9
7053,control,2,8,new,mobile,1,247085.64,0,115.7
1287,control,3,19,new,mobile,1,108995.59,0,181.3
10942,treatment,1,2,returning,mobile,0,,0,81.4
4446,control,2,11,new,mobile,0,,0,130.0
2138,treatment,3,21,returning,desktop,0,,0,135.8
6788,treatment,1,2,new,mobile,0,,0,180.0
9874,control,3,19,returning,desktop,0,,0,190.0
11699,treatment,2,13,new,desktop,0,,0,99.5
10201,treatment,3,21,returning,desktop,0,,0,156.3
10750,control,1,6,returning,mobile,0,,0,83.6
6895,control,3,18,new,mobile,0,,0,219.9
9885,control,2,14,returning,desktop,1,113313.73,0,293.9
10273,treatment,1,3,new,desktop,0,,0,94.1
8565,control,3,19,new,desktop,0,,0,182.7
7152,treatment,3,20,returning,mobile,1,190013.21,0,273.3
964,control,3,21,returning,desktop,0,,0,198.2
6013,control,2,9,new,mobile,0,,0,255.4
4883,treatment,2,14,returning,mobile,0,,0,139.7
141,control,2,11,new,mobile,0,,0,187.8
10826,treatment,3,21,new,desktop,0,,0,122.3
8907,control,3,19,returning,desktop,0,,0,177.8
6937,treatment,1,4,returning,mobile,0,,0,222.3
6543,treatment,3,18,new,mobile,0,,0,57.7
5244,control,2,12,returning,desktop,0,,0,131.7
4432,treatment,1,7,returning,mobile,0,,0,90.3
10023,control,3,21,new,mobile,0,,0,153.9
407,control,2,8,returning,desktop,1,197167.02,0,233.7
8213,treatment,1,2,returning,desktop,0,,0,206.7
9197,treatment,1,6,returning,mobile,1,131364.99,0,79.8
10036,treatment,2,13,new,desktop,0,,0,138.8
10898,treatment,1,4,returning,mobile,1,591936.4,0,154.6
9136,treatment,2,11,returning,mobile,0,,0,143.6
8235,treatment,1,4,returning,desktop,1,439461.9,0,102.6
4400,treatment,2,11,returning,desktop,0,,0,139.2
5253,control,3,19,new,mobile,0,,0,82.2
12,treatment,1,7,returning,mobile,0,,0,177.9
4761,treatment,3,21,new,desktop,1,193578.98,0,57.2
1178,control,2,12,returning,mobile,0,,0,111.5
2864,control,1,3,returning,mobile,0,,0,181.4
6472,treatment,3,19,new,mobile,0,,0,165.8
6229,control,1,6,returning,mobile,0,,0,136.1
9219,treatment,3,18,new,desktop,0,,0,231.8
2990,treatment,3,20,returning,mobile,0,,0,154.5
9154,treatment,1,6,new,mobile,0,,0,174.9
7118,treatment,1,7,returning,mobile,0,,0,130.0
7011,control,1,3,new,mobile,1,245147.63,0,171.6
10259,control,1,6,new,desktop,0,,0,177.5
8928,treatment,2,14,returning,mobile,0,,1,95.0
1441,control,3,16,returning,mobile,0,,0,184.7
11693,control,2,11,returning,desktop,0,,0,202.2
2876,control,3,20,new,mobile,0,,0,156.7
9109,treatment,2,10,returning,mobile,0,,0,193.9
10906,control,2,8,new,mobile,0,,0,206.8
10547,treatment,1,3,new,mobile,0,,0,202.7
7233,control,2,12,returning,mobile,0,,0,192.5
3727,treatment,1,2,new,desktop,0,,0,142.8
2773,treatment,2,13,returning,mobile,0,,0,47.5
9817,control,1,3,new,mobile,1,355661.98,0,79.8
455,control,2,13,new,mobile,1,188892.17,0,171.5
9014,control,1,3,returning,desktop,0,,1,196.4
8190,treatment,2,12,returning,mobile,0,,0,81.0
1368,control,1,7,new,mobile,0,,0,194.8
3713,treatment,2,8,new,mobile,0,,0,142.1
11822,control,2,8,new,mobile,0,,0,101.3
1389,treatment,2,10,new,mobile,0,,0,180.8
9043,control,3,18,returning,mobile,1,362461.55,0,236.2
1001,control,2,10,new,mobile,0,,0,191.6
7762,treatment,2,14,returning,mobile,0,,0,168.4
3554,treatment,2,8,new,desktop,0,,0,156.6
4115,treatment,1,7,returning,mobile,0,,0,112.3
9830,treatment,2,11,returning,desktop,0,,0,138.1
1668,control,3,21,new,mobile,0,,0,125.4
3174,treatment,3,15,returning,mobile,0,,0,133.1
9540,control,1,5,returning,mobile,0,,0,181.2
11275,control,2,11,returning,mobile,0,,0,151.9
489,treatment,3,17,new,desktop,1,184513.18,0,137.3
3231,control,2,8,returning,desktop,0,,0,127.9
3829,treatment,3,16,returning,mobile,0,,0,186.5
10377,treatment,2,9,returning,mobile,1,417987.74,0,223.7
5209,control,3,15,new,mobile,0,,0,210.5
7849,control,3,19,new,mobile,1,135398.66,0,180.9
5705,treatment,3,17,new,mobile,0,,0,127.4
11568,treatment,2,8,new,mobile,0,,0,165.6
8134,treatment,1,5,returning,desktop,1,82081.5,0,164.1
704,treatment,3,20,new,desktop,0,,0,82.3
5106,control,2,10,new,mobile,0,,0,165.9
10667,control,2,11,returning,mobile,0,,0,189.2
3292,treatment,1,2,returning,mobile,0,,0,147.8
8126,control,3,17,new,mobile,0,,0,135.6
9520,control,3,18,new,mobile,0,,0,267.9
11557,control,3,15,new,mobile,0,,1,243.0
10921,treatment,3,21,returning,mobile,0,,0,163.6
4910,control,3,19,returning,desktop,1,175397.43,0,193.6
4441,control,1,3,new,desktop,0,,1,171.6
987,control,3,21,new,mobile,0,,0,144.8
11078,treatment,3,18,returning,mobile,1,136420.64,0,61.8
10863,control,3,15,returning,mobile,0,,0,173.9
7706,treatment,2,9,returning,mobile,0,,0,131.0
6258,control,2,11,returning,mobile,0,,0,179.3
6090,treatment,2,8,returning,desktop,0,,0,86.9
5239,control,1,1,returning,mobile,0,,0,230.3
1199,control,1,1,returning,desktop,0,,0,206.4
9711,treatment,3,15,returning,desktop,0,,0,160.7
10871,control,3,19,new,desktop,0,,0,136.3
7520,control,2,13,returning,mobile,1,90732.02,0,205.8
6813,control,3,16,new,desktop,0,,0,209.0
9992,control,1,3,returning,desktop,0,,0,164.3
9207,treatment,1,2,returning,desktop,0,,0,103.3
8321,control,1,3,returning,desktop,0,,0,157.9
9557,control,1,3,new,mobile,0,,0,157.0
7176,control,1,5,returning,mobile,0,,0,104.4
4471,treatment,2,13,returning,mobile,0,,0,102.0
892,treatment,3,16,new,mobile,0,,0,171.7
1970,treatment,3,20,new,mobile,0,,1,183.1
5758,control,3,18,returning,mobile,0,,0,194.7
6528,control,1,6,new,desktop,0,,0,186.1
6295,control,3,20,new,mobile,0,,0,207.6
7596,treatment,3,16,new,desktop,0,,0,117.2
9111,treatment,1,2,new,desktop,1,216843.83,1,162.3
3250,control,1,2,new,desktop,1,90411.68,0,187.2
6571,treatment,3,17,new,mobile,0,,0,131.8
6639,treatment,2,14,returning,mobile,0,,0,141.7
7352,control,1,5,returning,desktop,0,,0,238.8
10998,treatment,3,21,returning,mobile,0,,0,228.7
9401,treatment,2,10,returning,mobile,0,,0,99.7
7474,control,1,6,new,mobile,0,,0,180.3
11045,treatment,3,18,returning,desktop,0,,0,60.4
10405,control,2,10,new,mobile,0,,0,130.2
1240,control,1,1,new,mobile,0,,0,219.9
2290,control,2,8,returning,desktop,0,,0,138.9
2741,control,2,9,returning,mobile,1,84599.86,0,230.8
8468,treatment,1,7,returning,desktop,0,,0,173.7
4586,treatment,1,2,returning,desktop,0,,0,175.2
9228,treatment,1,1,new,desktop,0,,0,262.6
1230,control,3,17,returning,desktop,1,139347.8,0,230.6
9201,control,1,5,returning,desktop,1,128958.44,0,156.4
6981,treatment,2,14,returning,desktop,0,,0,177.2
5179,treatment,3,20,new,mobile,0,,0,38.7
4294,treatment,2,10,returning,mobile,0,,0,99.0
1059,treatment,2,10,returning,mobile,0,,0,202.5
6263,control,2,9,new,desktop,0,,0,184.8
282,control,3,17,returning,desktop,0,,0,221.0
9236,control,2,14,new,desktop,0,,0,250.0
9509,treatment,3,20,new,desktop,0,,0,126.9
969,treatment,1,1,new,mobile,0,,0,129.2
3954,treatment,1,1,new,desktop,0,,0,185.8
1940,control,3,17,returning,mobile,0,,0,184.2
10142,treatment,3,18,returning,mobile,0,,0,92.3
1275,control,2,11,returning,mobile,0,,0,242.1
620,control,3,19,returning,desktop,0,,0,243.0
10193,control,1,3,returning,desktop,0,,0,268.0
1743,control,2,8,returning,mobile,1,93536.91,0,206.7
1391,treatment,3,15,new,desktop,0,,0,162.8
2204,control,3,15,returning,mobile,0,,0,240.7
9772,treatment,2,10,new,mobile,0,,0,148.4
9848,control,1,2,new,mobile,0,,0,184.5
3569,treatment,2,14,returning,desktop,0,,0,237.8
6117,control,1,6,returning,desktop,1,85545.92,0,253.6
11963,treatment,2,12,returning,mobile,0,,0,146.0
6053,treatment,3,21,new,desktop,1,190755.8,0,161.7
3179,control,2,14,new,desktop,1,95801.78,0,141.7
3193,treatment,1,6,new,desktop,1,268680.48,0,97.5
9500,control,2,10,returning,mobile,0,,0,161.8
6100,control,2,13,new,mobile,0,,0,257.1
7030,treatment,3,17,returning,mobile,1,162204.16,0,197.1
576,treatment,2,9,returning,mobile,1,220807.88,0,201.0
6657,treatment,3,17,new,mobile,0,,0,182.3
7116,treatment,1,5,returning,desktop,0,,0,151.0
10562,treatment,2,9,new,mobile,0,,0,80.2
6277,control,1,3,returning,mobile,1,258550.98,0,171.3
9473,control,3,17,returning,desktop,0,,0,97.5
10773,control,1,5,returning,desktop,0,,0,136.8
5898,treatment,1,7,new,mobile,1,172121.36,0,94.8
5725,treatment,1,7,returning,mobile,0,,0,162.6
270,control,1,6,returning,desktop,0,,0,131.6
630,treatment,3,20,returning,desktop,0,,0,107.3
3082,control,2,13,returning,mobile,0,,0,180.6
3467,treatment,3,19,returning,mobile,0,,0,135.7
6431,control,2,13,returning,mobile,0,,0,173.5
11171,control,1,4,returning,mobile,0,,0,257.7
7063,control,2,8,new,mobile,0,,0,179.3
11670,treatment,1,4,returning,desktop,0,,0,112.1
5544,treatment,2,10,new,desktop,0,,0,131.6
4357,treatment,3,19,returning,mobile,0,,0,111.6
10930,control,2,8,returning,mobile,0,,0,256.2
2114,treatment,1,2,new,desktop,1,387579.47,0,153.5
8220,treatment,3,15,returning,desktop,0,,0,129.7
3217,control,2,10,new,desktop,0,,0,199.5
3815,control,1,4,returning,mobile,1,1401313.93,0,181.4
8322,treatment,3,18,returning,mobile,0,,0,152.4
10296,treatment,2,12,returning,mobile,0,,0,185.6
2279,treatment,2,13,new,desktop,0,,0,67.6
4600,control,3,18,returning,desktop,0,,0,185.5
14,treatment,1,4,returning,mobile,0,,0,61.5
11067,treatment,2,14,new,mobile,0,,0,154.6
1526,control,1,7,returning,mobile,0,,0,190.5
2366,treatment,3,19,returning,mobile,0,,0,174.5
4649,control,3,19,returning,mobile,1,224208.16,0,139.3
375,control,1,2,new,mobile,1,112344.45,0,164.1
10212,control,3,19,returning,mobile,0,,0,149.4
6478,control,2,13,returning,desktop,0,,0,272.2
526,control,1,5,returning,mobile,0,,0,175.8
9132,treatment,2,14,new,mobile,0,,0,157.1
6896,control,2,13,returning,mobile,0,,0,167.7
3592,control,1,2,new,mobile,0,,0,160.3
7905,treatment,2,10,returning,mobile,0,,0,168.3
2959,control,3,20,new,desktop,0,,0,237.5
530,control,1,1,new,mobile,0,,0,176.6
3715,treatment,2,14,returning,mobile,0,,0,174.8
4733,control,2,14,returning,mobile,0,,0,126.4
9462,control,3,20,returning,desktop,0,,0,207.0
1395,treatment,1,7,returning,mobile,0,,0,114.6
9990,control,1,6,returning,mobile,1,92620.02,0,124.2
9634,control,2,9,returning,mobile,0,,0,127.0
5632,control,3,15,returning,mobile,0,,0,218.6
9466,control,1,7,new,desktop,0,,0,225.0
6564,treatment,1,5,returning,desktop,0,,0,89.0
4704,control,2,13,new,mobile,0,,0,146.3
1713,treatment,3,19,returning,mobile,0,,0,141.1
11704,treatment,1,5,returning,desktop,1,53362.25,0,37.3
956,treatment,1,4,new,mobile,0,,0,162.3
6676,control,1,7,new,mobile,0,,0,187.5
3454,control,1,6,returning,desktop,0,,0,294.7
9580,control,1,5,returning,mobile,1,179781.99,0,147.4
8596,treatment,2,13,new,mobile,0,,0,174.6
2072,control,3,17,new,desktop,0,,0,165.5
11685,treatment,2,10,new,mobile,0,,0,63.0
159,treatment,1,1,new,mobile,0,,0,67.1
7006,control,3,17,new,mobile,0,,0,163.4
9095,control,2,8,returning,desktop,0,,0,243.6
353,treatment,2,12,new,mobile,0,,0,178.5
6079,control,1,2,new,mobile,0,,0,187.8
6237,control,2,9,new,desktop,0,,0,132.7
8947,control,2,8,new,mobile,0,,0,197.8
11971,treatment,3,20,new,mobile,0,,0,208.4
2921,treatment,2,14,returning,mobile,0,,0,187.8
8504,treatment,3,20,new,mobile,0,,0,99.6
4645,control,2,11,returning,desktop,1,84739.48,0,73.1
662,treatment,1,1,new,desktop,1,361852.7,0,157.2
7058,control,1,4,new,mobile,0,,0,165.0
3666,control,3,17,new,mobile,0,,0,173.1
7980,control,1,6,returning,desktop,0,,0,163.6
307,control,1,2,returning,desktop,1,143373.82,1,207.0
4791,control,2,10,new,mobile,0,,0,192.6
2357,control,1,7,new,mobile,0,,0,189.2
1928,treatment,1,7,returning,mobile,0,,0,194.0
11197,control,1,2,returning,mobile,0,,0,185.3
3428,treatment,3,18,returning,mobile,1,82443.41,0,151.0
8942,control,2,13,new,mobile,0,,0,185.6
3639,treatment,2,8,returning,mobile,0,,0,70.4
1267,control,2,13,new,mobile,0,,0,133.0
1561,treatment,1,2,returning,mobile,0,,0,209.4
7180,control,1,1,returning,mobile,0,,0,247.0
4110,treatment,3,19,returning,mobile,1,153185.56,0,177.9
7868,control,1,4,new,mobile,0,,0,239.6
4905,treatment,1,3,new,desktop,0,,0,166.4
7295,treatment,1,6,new,mobile,1,178444.45,0,71.1
515,control,2,12,new,mobile,0,,0,142.6
895,treatment,2,9,returning,desktop,0,,0,162.1
8602,control,3,15,returning,desktop,0,,0,70.1
22,control,2,11,returning,mobile,0,,0,219.6
900,treatment,2,8,new,desktop,0,,0,229.5
208,treatment,1,6,new,mobile,0,,0,103.8
459,treatment,3,18,new,mobile,0,,0,174.9
2431,treatment,1,2,new,mobile,0,,0,79.1
8443,control,2,8,returning,mobile,1,164223.26,0,127.8
9300,control,1,5,returning,desktop,0,,0,166.8
3390,control,1,6,returning,mobile,0,,0,185.2
9906,treatment,2,9,new,desktop,0,,0,138.1
3912,control,2,10,returning,mobile,0,,0,159.2
5384,control,3,20,returning,desktop,0,,0,259.1
8908,treatment,3,18,new,mobile,1,277404.01,0,117.6
553,control,2,12,new,mobile,0,,0,227.5
9632,treatment,1,6,returning,desktop,1,184922.53,0,150.1
3145,treatment,2,11,new,mobile,0,,0,205.6
6918,treatment,3,17,returning,mobile,0,,1,232.8
2057,treatment,2,13,new,mobile,0,,0,164.9
1926,control,2,10,returning,mobile,0,,0,254.3
635,control,1,3,returning,mobile,0,,0,179.5
6083,treatment,3,18,new,desktop,0,,0,150.9
8509,treatment,3,16,returning,desktop,1,44427.72,0,119.9
11121,treatment,3,16,returning,desktop,0,,0,145.2
11614,treatment,3,15,new,mobile,0,,0,122.3
8620,treatment,2,13,returning,mobile,0,,0,158.3
10463,control,2,13,new,mobile,0,,0,213.3
106,treatment,2,11,returning,mobile,0,,0,170.7
3042,treatment,3,21,returning,mobile,0,,0,120.2
1710,control,1,7,new,desktop,0,,0,71.3
90,treatment,2,14,returning,mobile,0,,1,117.6
7015,control,1,3,returning,mobile,0,,0,67.1
3175,treatment,1,5,returning,mobile,0,,0,112.4
918,control,3,15,returning,mobile,0,,0,234.6
7834,treatment,1,1,new,mobile,0,,0,159.7
6733,treatment,3,20,returning,mobile,0,,0,79.1
1950,treatment,2,10,returning,desktop,0,,0,55.1
6369,treatment,1,5,new,desktop,0,,0,188.4
2,control,2,14,returning,mobile,0,,0,190.2
8033,treatment,3,21,returning,desktop,0,,0,92.0
6048,control,2,14,new,mobile,0,,0,169.4
9128,treatment,2,11,returning,desktop,0,,0,164.0
11051,control,2,11,returning,mobile,0,,0,184.9
2721,treatment,3,17,new,desktop,0,,0,63.7
8784,control,2,12,new,mobile,1,483220.95,0,182.7
11771,control,1,7,new,mobile,0,,0,350.3
3118,treatment,3,16,new,mobile,0,,0,124.8
11358,treatment,2,9,new,mobile,1,67280.01,0,104.3
9769,treatment,3,21,returning,desktop,0,,0,69.4
3763,control,2,10,new,mobile,0,,0,242.6
214,treatment,3,15,returning,mobile,0,,0,249.4
779,treatment,2,9,new,desktop,0,,0,183.5
3497,treatment,3,18,returning,mobile,0,,0,112.3
10578,control,3,18,returning,mobile,0,,0,206.6
2044,treatment,3,19,new,desktop,0,,0,103.7
8921,control,2,8,returning,desktop,0,,0,193.4
5421,control,2,12,returning,desktop,0,,0,203.4
6155,control,2,14,returning,mobile,1,119912.14,0,236.6
9760,control,3,16,new,mobile,0,,0,111.9
8358,control,3,15,returning,desktop,0,,0,88.5
10449,control,1,6,returning,desktop,1,86215.6,0,251.1
10206,treatment,3,21,returning,mobile,0,,0,179.0
8466,treatment,3,15,returning,mobile,0,,1,116.5
4168,control,3,19,returning,desktop,0,,0,178.5
3789,control,2,12,returning,mobile,0,,0,91.6
8587,control,1,4,returning,desktop,1,1577406.24,0,172.8
584,control,3,15,new,mobile,0,,0,124.6
11891,control,2,10,new,mobile,1,262858.37,0,252.7
11981,treatment,1,4,returning,mobile,0,,0,112.4
117,treatment,2,8,returning,desktop,0,,0,123.9
6645,treatment,2,14,returning,desktop,0,,0,144.3
10827,treatment,2,8,returning,desktop,0,,0,69.3
11937,treatment,3,19,new,mobile,0,,0,167.3
11717,control,1,6,new,mobile,0,,0,134.3
10741,treatment,2,12,new,desktop,0,,0,121.8
8713,treatment,2,12,returning,mobile,0,,0,107.1
1764,control,1,3,returning,desktop,0,,0,173.5
1876,treatment,1,7,returning,mobile,0,,0,141.2
3225,control,2,11,returning,mobile,0,,0,293.8
527,treatment,3,17,returning,desktop,0,,0,168.6
7726,control,2,11,returning,mobile,0,,0,190.3
2947,control,1,5,returning,mobile,0,,0,162.7
4474,control,3,17,returning,mobile,0,,0,144.8
5656,control,3,21,new,desktop,0,,0,233.9
8885,control,2,13,returning,desktop,1,146718.87,0,219.2
6060,treatment,3,19,returning,mobile,0,,0,107.4
960,treatment,3,19,returning,mobile,0,,0,233.2
6343,treatment,1,7,returning,mobile,0,,0,63.4
3634,control,3,21,new,mobile,0,,0,162.8
1051,treatment,1,2,returning,mobile,1,98158.04,0,137.5
8783,treatment,3,17,new,mobile,0,,0,132.4
8712,control,2,12,new,desktop,0,,0,115.6
3381,control,1,6,returning,desktop,0,,0,209.4
3677,control,3,19,new,mobile,0,,0,171.8
5777,treatment,2,11,new,desktop,0,,0,111.1
10840,treatment,2,11,new,desktop,0,,1,124.2
6574,treatment,3,17,returning,desktop,0,,0,120.3
5180,treatment,1,6,returning,mobile,0,,0,158.3
1608,control,3,16,new,desktop,0,,0,179.2
3611,treatment,1,3,returning,desktop,1,109052.18,0,135.1
11707,treatment,1,4,new,mobile,0,,0,155.1
6636,control,3,16,returning,mobile,0,,0,133.8
11998,control,3,21,returning,mobile,0,,0,228.6
10002,treatment,1,6,new,desktop,1,228061.88,1,135.9
792,control,1,7,new,desktop,0,,0,196.4
8985,treatment,2,9,returning,desktop,0,,0,139.1
3057,treatment,3,18,returning,mobile,0,,0,207.0
10048,control,1,5,new,mobile,0,,0,214.6
1981,treatment,2,14,new,mobile,0,,0,143.3
3599,treatment,3,21,returning,mobile,0,,0,133.6
934,treatment,3,21,new,desktop,0,,0,143.2
7425,treatment,2,11,new,desktop,0,,0,144.5
5627,treatment,2,14,new,mobile,0,,0,151.5
1683,treatment,1,2,returning,mobile,1,79479.93,0,132.8
4180,treatment,3,16,new,desktop,0,,0,179.8
6447,treatment,2,9,returning,mobile,0,,0,129.8
4117,treatment,1,2,returning,mobile,0,,0,170.2
989,control,2,14,returning,desktop,0,,0,154.2
2897,treatment,1,1,new,mobile,0,,0,155.0
3779,treatment,2,14,returning,mobile,0,,0,112.9
5659,control,1,1,returning,mobile,0,,0,194.7
3094,treatment,3,15,returning,desktop,0,,0,113.4
3156,control,3,19,new,mobile,0,,0,136.3
1824,treatment,3,20,new,desktop,0,,0,164.4
11548,control,3,15,new,desktop,0,,0,221.7
1099,treatment,3,18,returning,mobile,0,,0,142.5
2845,control,1,4,returning,desktop,0,,0,149.8
9079,control,3,20,returning,desktop,1,97180.2,0,213.8
3343,control,2,9,returning,desktop,0,,0,169.9
39,control,3,17,new,mobile,0,,0,220.7
6541,treatment,3,15,new,desktop,0,,0,237.8
11217,treatment,1,2,new,mobile,0,,0,137.2
8708,control,1,6,returning,desktop,0,,0,179.5
3357,treatment,1,1,new,mobile,1,95801.53,0,137.0
9646,control,2,12,new,mobile,0,,0,224.9
7814,control,1,7,new,mobile,0,,0,189.6
9099,treatment,3,17,new,mobile,0,,0,91.0
8221,control,1,4,new,mobile,0,,1,197.2
11069,control,1,1,returning,mobile,0,,0,104.1
2429,treatment,2,12,returning,desktop,0,,0,160.6
5044,control,1,6,returning,mobile,0,,0,121.8
5347,treatment,2,8,returning,mobile,1,147481.96,0,104.4
8955,control,1,4,new,mobile,0,,0,172.5
4812,treatment,3,15,returning,mobile,0,,0,112.6
8477,treatment,3,19,returning,mobile,0,,1,122.3
687,control,3,21,new,mobile,1,339286.85,0,256.2
4800,treatment,2,11,new,mobile,1,86848.11,0,140.4
7438,control,2,9,returning,mobile,1,253048.96,0,170.2
2354,treatment,1,1,new,desktop,0,,0,26.0
6354,control,2,9,returning,mobile,0,,0,279.5
4570,treatment,1,1,new,mobile,1,61899.26,0,178.1
8214,treatment,3,18,returning,mobile,0,,0,58.1
2753,treatment,2,8,returning,desktop,0,,0,132.5
9078,treatment,1,6,new,mobile,0,,0,125.7
8074,control,1,2,returning,mobile,0,,1,209.7
9110,control,1,7,returning,mobile,0,,1,242.6
1041,control,3,19,returning,mobile,0,,0,202.8
7492,treatment,3,19,new,mobile,0,,0,111.4
1266,treatment,2,11,new,desktop,1,183927.97,0,127.9
11115,treatment,1,7,returning,mobile,1,223343.41,0,99.6
7060,control,1,3,new,mobile,0,,0,198.8
278,treatment,2,10,new,mobile,0,,0,52.7
5085,treatment,3,19,returning,desktop,0,,0,160.6
10277,treatment,2,11,new,desktop,0,,0,61.4
9438,treatment,1,6,returning,mobile,0,,0,96.2
2383,control,3,17,returning,desktop,1,211445.38,0,185.3
572,treatment,3,19,returning,mobile,0,,0,180.9
1436,treatment,2,14,new,mobile,0,,0,152.7
9440,control,2,8,new,mobile,0,,0,236.9
5353,treatment,2,12,new,desktop,0,,0,139.1
5446,control,2,9,returning,mobile,0,,0,204.1
1008,control,2,11,new,mobile,0,,0,224.0
4544,control,3,16,new,mobile,0,,0,120.7
10577,treatment,2,12,returning,mobile,0,,0,192.7
2065,control,2,12,returning,desktop,0,,0,134.8
1137,control,1,2,new,desktop,0,,0,159.9
9883,treatment,3,17,returning,mobile,1,332208.32,0,54.7
5344,treatment,2,10,returning,desktop,0,,0,182.2
10178,treatment,1,6,returning,desktop,0,,0,141.3
295,treatment,2,8,returning,mobile,1,187659.01,0,128.0
9740,treatment,3,15,returning,mobile,0,,0,169.5
10205,treatment,1,1,returning,mobile,1,194973.09,0,64.7
8781,treatment,3,21,new,mobile,0,,0,127.8
2404,treatment,3,17,returning,mobile,0,,0,79.3
10322,treatment,1,2,new,mobile,0,,0,175.6
3999,control,3,20,returning,mobile,0,,0,147.5
11187,treatment,1,4,new,desktop,0,,0,117.4
3742,control,2,12,returning,mobile,0,,0,186.5
11064,control,3,16,new,desktop,0,,0,159.8
2720,treatment,1,7,new,desktop,0,,0,111.8
11039,treatment,1,1,returning,desktop,0,,0,58.4
5151,treatment,3,20,new,desktop,0,,0,131.3
2809,control,2,10,returning,mobile,0,,0,104.7
9018,control,3,21,new,desktop,0,,0,220.7
557,control,1,7,returning,mobile,0,,0,204.7
10702,control,2,12,new,mobile,0,,0,140.8
4796,control,2,8,returning,mobile,0,,0,239.9
2470,control,3,20,new,mobile,0,,0,122.4
3739,treatment,1,4,new,mobile,0,,0,175.4
4287,treatment,2,14,new,mobile,0,,0,290.1
9909,control,2,12,returning,mobile,0,,0,196.1
2605,control,3,16,returning,desktop,0,,0,179.0
363,control,1,5,new,desktop,1,99109.53,0,170.4
6925,control,1,6,new,desktop,0,,0,184.9
1705,control,1,2,returning,desktop,0,,0,187.2
2140,treatment,3,21,new,mobile,0,,0,159.8
3240,control,1,6,returning,desktop,1,243537.4,0,187.5
2384,control,1,7,new,mobile,0,,0,105.1
7315,control,2,9,returning,desktop,1,459475.86,0,200.3
4312,treatment,3,16,new,mobile,0,,0,120.1
9478,treatment,1,1,returning,mobile,1,90174.04,0,160.9
1313,treatment,1,2,returning,desktop,0,,0,119.2
11306,treatment,3,18,new,mobile,1,174263.32,0,212.3
3931,treatment,2,11,new,mobile,0,,0,98.6
6184,treatment,3,16,new,mobile,0,,0,209.1
1592,control,2,14,returning,mobile,0,,1,187.5
11441,control,1,6,new,mobile,0,,0,151.0
2163,control,3,17,returning,mobile,0,,0,151.8
2397,control,2,11,new,mobile,0,,0,186.7
318,treatment,2,12,returning,mobile,0,,0,203.7
9517,treatment,3,19,new,mobile,0,,1,150.3
5234,control,3,16,returning,mobile,0,,0,142.5
5069,control,1,2,new,desktop,0,,0,127.9
4037,control,1,4,returning,mobile,0,,0,159.8
8988,treatment,1,7,returning,mobile,0,,0,162.5
3021,control,3,16,returning,desktop,0,,1,230.8
9904,treatment,3,21,returning,desktop,0,,0,74.3
8229,treatment,1,6,returning,mobile,0,,0,242.7
9106,treatment,1,2,new,mobile,0,,0,145.9
5296,treatment,3,19,returning,mobile,0,,0,138.3
3973,treatment,3,15,new,mobile,0,,0,130.7
5371,control,2,14,new,desktop,0,,0,200.6
4134,treatment,1,1,returning,desktop,1,65990.56,0,150.5
975,control,1,3,returning,desktop,1,412548.61,1,194.5
7292,control,3,18,new,desktop,0,,0,242.5
9176,treatment,3,16,returning,mobile,0,,0,113.3
955,treatment,3,20,returning,mobile,0,,0,97.0
9611,treatment,1,4,new,mobile,0,,0,168.6
9753,control,3,17,new,mobile,0,,0,160.1
9548,treatment,2,11,returning,desktop,0,,0,117.4
11164,treatment,2,12,returning,mobile,0,,0,212.0
5017,treatment,3,18,new,desktop,0,,0,105.5
11675,control,2,14,new,mobile,0,,0,285.0
9180,control,3,21,returning,mobile,0,,0,182.7
7491,treatment,2,9,new,desktop,0,,0,98.5
1641,treatment,1,6,returning,desktop,1,181411.68,0,103.0
1291,control,3,19,new,desktop,0,,0,193.7
1381,control,1,6,new,desktop,0,,0,114.5
1934,treatment,2,8,returning,mobile,0,,0,165.0
4676,control,3,19,new,desktop,0,,0,221.3
10223,treatment,1,2,returning,mobile,0,,0,165.4
893,control,1,6,new,mobile,0,,0,152.0
7288,control,2,9,returning,mobile,0,,1,173.6
4877,control,3,16,returning,mobile,0,,1,222.8
7907,treatment,2,8,returning,desktop,0,,0,128.4
8195,treatment,2,8,new,desktop,0,,0,137.8
11827,control,2,14,new,mobile,0,,0,173.3
10302,treatment,1,4,new,mobile,0,,0,174.4
9042,control,2,11,returning,mobile,0,,0,196.8
2467,treatment,1,4,new,mobile,1,195021.82,0,112.5
7658,treatment,1,5,new,desktop,0,,0,113.2
10107,control,2,9,returning,desktop,1,121610.98,0,231.7
9789,control,3,16,returning,mobile,0,,0,198.7
1914,treatment,1,5,new,desktop,0,,0,181.8
2737,control,3,21,new,mobile,0,,0,201.0
727,control,3,16,returning,desktop,0,,0,173.0
7215,treatment,2,11,new,desktop,0,,0,174.8
8246,control,1,7,new,mobile,0,,0,198.5
1797,treatment,1,1,returning,desktop,0,,0,157.0
3846,treatment,1,4,new,mobile,1,176817.44,0,70.8
6403,control,1,5,returning,mobile,0,,0,181.4
937,treatment,1,1,new,mobile,0,,0,104.7
2266,control,2,12,new,mobile,1,170845.22,0,284.8
825,treatment,2,13,new,mobile,0,,1,152.2
7275,treatment,1,5,returning,desktop,1,362831.59,0,124.2
1390,control,3,18,new,mobile,0,,0,187.8
3565,treatment,2,14,returning,mobile,0,,0,77.9
9077,treatment,2,8,new,mobile,0,,0,193.2
5430,treatment,1,6,returning,desktop,0,,0,142.9
7828,control,1,6,returning,desktop,0,,0,167.4
5691,treatment,1,2,returning,mobile,0,,0,184.6
7879,treatment,1,7,new,mobile,0,,0,148.7
1869,treatment,1,7,returning,mobile,0,,0,180.1
8203,control,3,19,returning,desktop,1,62253.01,0,183.8
7487,control,3,17,returning,mobile,1,286520.35,0,176.5
9656,treatment,1,2,returning,desktop,0,,0,129.1
807,treatment,3,15,returning,mobile,1,188288.4,0,126.4
4806,treatment,3,18,new,mobile,1,165122.21,0,128.7
10587,treatment,3,20,new,mobile,0,,0,197.5
10301,control,3,19,returning,mobile,0,,0,117.4
10974,control,1,2,returning,mobile,0,,0,163.0
11945,control,2,8,new,mobile,0,,0,186.5
10427,control,3,21,returning,desktop,0,,0,140.3
9156,treatment,1,4,returning,desktop,1,129200.03,1,130.8
7512,treatment,1,7,returning,mobile,0,,0,162.9
8057,treatment,3,20,returning,desktop,0,,0,231.8
4495,control,1,6,returning,mobile,0,,0,163.1
2633,treatment,3,18,new,mobile,0,,0,208.2
10674,treatment,3,16,new,desktop,0,,0,184.6
8897,control,2,12,returning,desktop,0,,0,242.2
8624,treatment,3,18,returning,mobile,0,,0,143.4
7833,control,2,11,returning,mobile,0,,0,225.8
4389,treatment,2,12,new,mobile,0,,0,102.0
146,control,1,4,new,mobile,1,62397.09,0,126.0
6468,treatment,1,6,new,desktop,0,,0,174.1
2034,control,2,14,new,mobile,0,,0,224.4
10943,control,1,4,returning,mobile,1,291863.55,0,165.5
1166,treatment,2,12,returning,mobile,0,,0,240.0
2051,treatment,1,7,returning,mobile,0,,1,147.6
3761,treatment,1,2,returning,desktop,0,,0,105.8
4436,treatment,3,19,returning,desktop,0,,0,109.0
3431,treatment,3,19,returning,mobile,0,,0,35.3
8191,treatment,1,2,new,desktop,1,103249.42,0,37.3
10508,control,3,21,returning,mobile,0,,0,147.2
7070,treatment,2,8,returning,desktop,1,202430.45,0,55.7
4362,treatment,1,1,returning,mobile,0,,0,144.7
9455,treatment,3,20,returning,mobile,0,,0,133.9
1772,treatment,2,11,new,mobile,0,,0,118.0
3512,treatment,2,13,new,mobile,0,,0,139.9
272,control,1,5,returning,mobile,0,,0,95.5
8437,control,3,16,returning,mobile,0,,0,215.2
2033,control,1,6,new,mobile,0,,0,169.0
9006,treatment,1,1,returning,mobile,0,,0,164.6
11597,control,2,9,new,mobile,0,,0,138.8
3811,treatment,2,12,new,mobile,0,,0,164.6
9997,control,1,3,new,mobile,0,,0,189.0
4347,treatment,2,11,returning,mobile,1,233853.73,0,115.1
546,control,3,16,new,mobile,0,,1,212.8
3242,treatment,3,15,returning,mobile,0,,0,132.5
8931,treatment,3,17,new,mobile,0,,0,71.5
8503,control,1,7,new,desktop,0,,0,232.6
9324,treatment,1,6,returning,mobile,0,,0,156.7
11898,control,3,20,new,desktop,0,,0,74.5
7565,control,1,1,new,mobile,0,,0,228.2
921,control,2,12,returning,mobile,1,123184.04,0,220.0
10933,treatment,3,15,returning,mobile,1,211816.44,0,142.4
6641,control,1,1,new,desktop,0,,0,181.6
7695,control,3,20,new,desktop,0,,0,177.2
8231,control,1,5,returning,desktop,0,,0,190.6
7127,control,1,7,returning,mobile,0,,0,141.5
4279,control,3,19,new,mobile,0,,0,173.4
2984,treatment,2,8,returning,desktop,1,1334174.55,0,127.7
131,control,2,11,new,mobile,1,325615.74,0,107.2
7981,control,1,6,new,desktop,1,141421.3,0,196.1
2668,control,3,15,new,desktop,0,,0,168.8
7139,treatment,1,5,returning,desktop,1,124774.7,0,186.1
3224,treatment,2,14,new,desktop,0,,0,99.6
9375,treatment,2,9,returning,mobile,0,,0,31.4
7694,control,2,12,returning,mobile,0,,0,239.6
5393,treatment,2,8,new,mobile,0,,0,123.3
615,control,1,3,new,desktop,0,,0,224.9
11882,treatment,1,5,returning,mobile,0,,0,155.2
1467,control,1,5,new,mobile,0,,0,184.9
4498,control,3,21,new,mobile,0,,1,216.3
3043,treatment,1,3,returning,mobile,1,95718.15,0,154.1
9127,control,3,18,new,mobile,0,,0,199.7
2420,treatment,1,4,returning,mobile,0,,1,186.8
5086,control,2,8,new,mobile,0,,0,216.3
3295,control,3,17,returning,mobile,0,,0,192.8
6738,treatment,3,15,new,mobile,0,,0,118.5
1501,treatment,3,18,new,mobile,0,,0,128.6
9019,treatment,1,5,returning,mobile,0,,0,96.2
1522,treatment,3,21,new,desktop,0,,0,277.6
10932,treatment,3,19,new,mobile,0,,0,172.5
4233,treatment,1,6,returning,desktop,0,,0,40.4
7687,control,2,13,new,desktop,1,188807.46,0,273.3
8821,control,2,9,returning,mobile,0,,0,247.7
4431,control,3,18,returning,mobile,0,,0,220.8
391,treatment,2,9,returning,mobile,0,,0,159.8
11832,control,2,14,returning,mobile,0,,0,201.4
7125,control,1,7,new,mobile,0,,0,158.1
5914,control,3,19,returning,desktop,1,129902.89,0,183.4
8593,treatment,2,10,new,mobile,0,,0,178.2
4807,control,2,8,returning,mobile,0,,0,135.7
10735,control,3,17,new,desktop,0,,0,173.2
8239,treatment,3,16,returning,mobile,1,173751.41,0,130.4
8045,treatment,2,11,new,desktop,0,,0,189.1
11735,treatment,2,10,new,mobile,1,146072.12,0,164.2
3994,control,2,14,new,desktop,0,,0,174.1
11460,control,3,18,new,desktop,0,,0,221.9
6610,control,3,15,returning,mobile,0,,0,179.1
5320,control,3,15,returning,mobile,0,,0,238.9
11808,treatment,2,8,returning,desktop,0,,0,145.1
7120,treatment,1,2,returning,mobile,0,,0,101.8
2422,control,2,14,new,mobile,0,,0,218.8
5605,treatment,1,7,returning,desktop,1,966474.69,0,157.4
1751,treatment,2,13,returning,desktop,0,,0,141.9
10808,control,3,19,returning,mobile,0,,0,145.3
11660,treatment,2,10,returning,mobile,0,,0,82.3
339,control,3,21,new,mobile,0,,0,205.6
8408,treatment,3,21,new,desktop,0,,0,82.6
1342,treatment,1,5,returning,desktop,0,,0,143.3
11452,treatment,1,1,new,desktop,0,,0,137.8
7983,treatment,3,18,returning,desktop,0,,0,148.5
3641,control,1,3,returning,desktop,0,,0,191.3
330,control,2,8,returning,mobile,0,,0,235.1
10591,control,1,3,returning,mobile,0,,0,152.7
3005,control,2,12,returning,desktop,0,,0,181.4
6961,control,1,4,returning,desktop,0,,0,129.8
4091,control,1,7,new,mobile,0,,0,197.5
9829,control,3,21,new,desktop,0,,0,140.5
2323,control,3,17,returning,mobile,0,,0,222.8
6668,control,3,20,returning,mobile,1,131969.54,0,101.3
7010,treatment,3,15,returning,mobile,0,,0,175.3
4198,treatment,1,4,new,mobile,0,,0,166.0
3550,treatment,3,17,new,mobile,1,55781.93,0,162.6
9651,treatment,3,15,returning,desktop,0,,0,68.8
8364,control,1,5,new,mobile,0,,0,199.5
4204,treatment,3,17,returning,mobile,0,,0,88.3
11170,treatment,3,20,returning,mobile,0,,0,135.8
10714,control,2,13,new,mobile,0,,0,236.5
6186,treatment,1,6,returning,mobile,0,,0,106.3
1640,treatment,1,1,returning,desktop,0,,0,49.1
9131,control,3,15,returning,mobile,0,,0,148.5
61,treatment,1,3,returning,mobile,1,158505.45,0,151.6
1241,treatment,1,2,new,mobile,0,,0,158.0
5761,control,2,14,returning,mobile,0,,0,273.7
5137,control,2,11,returning,mobile,0,,0,162.2
2344,control,2,11,new,mobile,0,,0,134.4
2121,control,2,12,new,desktop,0,,0,95.2
1525,treatment,1,1,returning,mobile,0,,0,181.4
7618,treatment,2,11,returning,mobile,0,,0,153.2
154,treatment,2,14,new,mobile,0,,0,143.2
482,control,2,10,returning,mobile,0,,0,218.6
6123,treatment,2,11,new,desktop,0,,0,158.6
7675,control,3,17,returning,mobile,0,,0,144.2
7102,control,2,8,returning,mobile,0,,0,165.4
1763,control,1,3,returning,mobile,0,,0,75.9
8943,control,3,21,returning,desktop,0,,0,195.8
7716,control,1,6,returning,desktop,0,,0,223.3
9978,treatment,1,2,new,mobile,0,,0,190.7
10886,control,2,14,new,mobile,0,,0,230.1
7480,treatment,2,14,new,mobile,0,,0,197.3
6213,control,1,6,new,desktop,1,49942.72,0,171.6
4854,control,2,10,new,desktop,0,,0,194.4
2712,control,2,10,new,desktop,0,,0,138.2
6767,treatment,1,3,new,desktop,0,,0,78.1
4151,control,1,1,returning,mobile,1,365771.27,0,201.2
1334,treatment,1,1,returning,mobile,0,,0,59.7
11288,treatment,1,1,new,mobile,0,,0,244.9
8379,control,2,9,returning,desktop,0,,0,127.2
9329,control,2,14,new,desktop,0,,0,196.8
11264,control,2,8,returning,mobile,0,,0,238.3
11647,treatment,1,7,returning,desktop,0,,0,120.3
10251,treatment,2,11,returning,mobile,0,,0,183.5
10936,control,1,7,new,desktop,0,,0,111.7
3851,control,2,11,returning,mobile,0,,0,228.5
8341,control,2,10,returning,desktop,0,,0,211.6
4125,treatment,2,13,returning,mobile,0,,0,144.4
10746,treatment,2,9,returning,mobile,1,114120.71,0,140.5
4789,control,3,17,returning,mobile,0,,0,216.7
2867,control,2,11,new,mobile,0,,0,193.7
1387,treatment,1,5,new,desktop,0,,0,137.4
5942,treatment,1,1,returning,desktop,1,107823.02,0,161.6
3068,control,3,18,new,desktop,1,238942.81,0,138.0
10859,treatment,3,20,returning,mobile,0,,0,166.1
3630,control,1,6,returning,desktop,0,,0,166.0
11347,treatment,1,4,new,mobile,0,,0,147.5
10729,treatment,1,6,returning,mobile,0,,0,193.2
3029,treatment,2,11,returning,desktop,0,,0,111.6
2970,control,3,15,returning,mobile,0,,0,192.9
9901,control,1,4,returning,mobile,0,,1,227.9
8647,treatment,3,17,returning,mobile,0,,0,55.8
6137,treatment,1,2,new,mobile,0,,0,134.7
8802,control,3,15,returning,mobile,0,,1,187.2
4264,treatment,1,6,new,desktop,0,,0,120.5
646,treatment,3,20,new,mobile,0,,0,196.3
11585,treatment,1,3,returning,mobile,1,421435.94,0,115.7
2075,control,2,14,new,desktop,0,,0,30.1
342,treatment,3,19,returning,desktop,0,,0,103.0
8042,control,1,6,new,mobile,0,,0,146.0
1623,treatment,3,19,returning,mobile,0,,0,183.0
7142,treatment,3,20,returning,desktop,0,,0,127.2
5797,treatment,3,16,new,mobile,0,,0,124.4
7185,control,3,21,new,mobile,0,,0,168.0
11190,control,3,18,returning,mobile,1,277838.33,0,221.0
8233,treatment,2,14,returning,mobile,0,,0,121.5
5476,control,2,9,returning,mobile,0,,0,157.9
10282,treatment,3,21,returning,mobile,1,266450.02,0,223.1
10368,control,1,5,returning,mobile,0,,0,185.8
11101,treatment,1,2,new,mobile,0,,0,166.3
75,control,2,12,returning,mobile,0,,0,157.2
11872,treatment,3,19,new,mobile,0,,0,119.2
10269,treatment,2,8,returning,mobile,0,,0,128.3
8634,treatment,3,15,new,mobile,0,,0,145.6
11071,treatment,3,19,new,mobile,1,484637.04,0,78.2
2052,control,3,17,returning,mobile,0,,0,208.6
2542,control,3,18,new,desktop,0,,0,152.9
1302,treatment,3,16,returning,mobile,0,,0,149.5
5878,control,3,16,new,mobile,0,,0,117.9
7369,treatment,3,17,returning,mobile,1,157996.28,0,107.9
1305,treatment,2,9,returning,mobile,0,,1,165.1
8429,treatment,2,9,returning,mobile,0,,0,119.4
10901,control,1,7,returning,mobile,0,,0,143.9
2600,treatment,3,18,new,desktop,0,,0,155.9
2574,treatment,1,5,returning,mobile,0,,0,116.6
3187,treatment,1,3,new,mobile,0,,0,76.1
2769,treatment,1,5,returning,desktop,0,,0,98.3
4832,control,3,19,new,mobile,0,,0,197.1
4224,control,3,18,returning,mobile,0,,0,207.5
11581,control,1,5,returning,mobile,0,,0,143.1
2107,treatment,3,15,returning,mobile,1,179745.25,0,138.7
2680,control,2,8,new,mobile,0,,0,152.8
1388,control,3,17,new,mobile,0,,0,210.6
10708,treatment,1,3,returning,desktop,1,163370.23,0,186.2
11592,control,2,9,returning,desktop,1,318329.43,0,195.3
7084,control,1,5,returning,desktop,1,320705.33,0,233.5
1280,treatment,2,12,new,mobile,0,,1,150.8
805,control,2,9,returning,desktop,0,,0,205.9
1556,treatment,1,5,returning,mobile,0,,0,67.2
11382,control,3,16,returning,mobile,1,161338.61,0,139.4
4567,treatment,1,5,new,desktop,1,199510.46,0,163.2
11603,control,2,10,new,desktop,0,,0,132.1
4842,control,2,9,returning,desktop,1,340448.35,0,184.8
3595,control,2,9,new,mobile,0,,0,149.7
6036,treatment,1,7,new,mobile,0,,0,107.7
6853,treatment,2,9,new,mobile,0,,0,189.5
10113,control,1,5,returning,mobile,0,,0,250.7
8706,control,3,16,new,desktop,0,,0,258.6
4178,treatment,3,17,new,mobile,0,,0,116.9
1309,control,1,2,new,mobile,0,,0,198.9
9107,control,3,16,returning,mobile,0,,0,170.0
3453,control,3,20,returning,desktop,0,,0,188.0
3696,control,3,18,new,mobile,0,,0,84.5
4243,control,3,15,returning,mobile,0,,0,155.8
2199,control,3,19,new,desktop,0,,0,200.4
8967,treatment,2,8,returning,mobile,1,293843.42,0,60.3
4426,control,1,3,returning,desktop,0,,0,194.4
6151,treatment,3,21,returning,mobile,0,,0,102.8
944,control,3,20,returning,mobile,0,,0,254.6
823,control,1,7,new,mobile,0,,0,199.8
5006,control,1,7,new,mobile,0,,0,218.8
6613,treatment,2,12,new,mobile,0,,0,185.6
8357,treatment,1,7,returning,mobile,0,,0,88.3
5620,control,1,4,returning,desktop,0,,0,175.9
4548,control,2,11,returning,mobile,0,,0,171.1
2539,control,3,16,returning,desktop,1,171448.61,0,157.2
9504,control,3,15,new,mobile,0,,0,165.2
5208,treatment,1,7,returning,desktop,0,,0,227.3
11414,treatment,2,11,new,desktop,0,,0,149.0
10801,control,1,5,new,desktop,0,,0,232.1
3055,treatment,3,18,returning,desktop,0,,0,205.5
3676,treatment,1,6,returning,mobile,1,58175.39,0,195.8
7777,control,1,7,returning,mobile,0,,0,139.0
7219,control,3,18,new,mobile,0,,0,143.4
6723,control,3,18,returning,mobile,0,,0,168.4
3301,treatment,1,2,returning,desktop,0,,0,97.6
3311,treatment,2,8,returning,mobile,0,,0,83.4
7222,control,1,2,new,desktop,1,297330.79,0,88.4
8520,control,3,19,new,desktop,1,404190.47,0,150.3
10683,treatment,2,10,returning,mobile,0,,1,161.4
5955,control,3,19,new,desktop,0,,0,242.1
833,control,1,3,new,desktop,0,,0,175.5
3463,control,3,20,returning,mobile,0,,0,59.9
11191,control,2,14,new,desktop,0,,0,195.0
7644,treatment,1,1,returning,desktop,0,,0,124.3
55,treatment,3,18,new,mobile,0,,0,123.0
3452,treatment,2,8,new,mobile,1,135693.09,0,212.8
6306,control,3,16,returning,mobile,0,,0,210.6
10094,treatment,2,12,returning,desktop,0,,1,140.0
1482,control,1,3,returning,mobile,0,,0,233.7
4874,treatment,3,19,returning,desktop,0,,0,148.0
8039,control,1,6,new,mobile,0,,0,215.3
3336,control,1,7,returning,mobile,0,,0,273.1
6017,control,3,16,returning,desktop,0,,0,193.4
4927,control,3,15,returning,mobile,0,,0,208.6
9139,control,1,5,returning,mobile,1,208654.25,0,146.9
5798,treatment,2,9,returning,mobile,0,,0,152.4
10354,treatment,3,20,returning,mobile,0,,0,192.0
11796,treatment,2,12,returning,desktop,0,,0,124.1
5084,control,3,21,new,mobile,1,229409.06,0,112.5
6646,control,2,12,new,mobile,0,,0,124.3
5491,control,3,20,returning,mobile,0,,0,200.5
769,control,2,14,returning,mobile,1,231849.34,0,212.2
2066,treatment,2,10,returning,desktop,0,,0,171.0
11398,treatment,2,9,returning,mobile,0,,0,52.8
7312,control,3,19,new,mobile,0,,0,221.8
8478,control,2,8,returning,desktop,0,,0,149.2
11921,treatment,1,6,new,mobile,0,,0,118.5
4525,treatment,2,9,returning,desktop,0,,0,199.0
10525,treatment,3,19,new,mobile,0,,0,139.5
2718,treatment,3,17,returning,mobile,1,96848.29,0,93.8
2080,control,2,12,returning,desktop,0,,0,225.2
8915,control,2,14,new,mobile,0,,0,182.1
952,control,1,3,new,desktop,0,,0,187.2
8059,treatment,2,8,returning,mobile,0,,0,139.6
2483,control,3,16,new,mobile,0,,0,211.4
10455,control,1,3,returning,mobile,0,,0,182.6
9182,control,1,3,returning,desktop,0,,1,165.5
1760,treatment,2,14,new,desktop,0,,0,116.8
9985,treatment,1,1,new,desktop,0,,0,218.6
4423,treatment,2,11,returning,mobile,0,,0,184.7
6705,control,1,7,returning,desktop,1,381820.97,0,128.4
9917,treatment,2,10,returning,mobile,0,,0,120.0
5183,control,3,19,returning,desktop,0,,0,198.9
8534,treatment,1,6,returning,desktop,0,,0,139.4
3702,control,3,17,returning,mobile,0,,0,304.6
4244,treatment,1,6,new,mobile,0,,0,173.2
689,treatment,1,7,new,desktop,0,,0,131.9
3433,treatment,3,21,returning,mobile,0,,0,100.1
4945,treatment,3,15,returning,mobile,0,,0,122.3
967,treatment,2,9,returning,desktop,0,,0,162.8
11379,treatment,1,7,returning,mobile,0,,0,129.3
10396,control,1,4,new,desktop,0,,0,207.6
2714,control,1,6,new,desktop,0,,0,168.1
4758,treatment,2,12,returning,desktop,0,,0,130.7
11567,control,1,6,new,mobile,0,,0,159.3
6321,control,3,15,returning,mobile,0,,1,293.4
5976,control,3,16,returning,desktop,0,,0,219.2
3573,control,1,1,returning,mobile,0,,0,173.2
5300,control,1,1,new,desktop,0,,0,128.8
1991,control,3,19,new,desktop,0,,0,216.8
1206,control,2,12,returning,mobile,1,269722.79,0,166.2
4972,control,3,15,new,mobile,0,,0,257.3
11669,control,2,9,returning,mobile,0,,0,164.3
6784,control,1,3,new,mobile,0,,0,219.0
3601,control,1,3,returning,mobile,0,,0,145.0
6491,control,1,6,returning,desktop,1,265127.56,0,144.6
8610,control,3,15,returning,mobile,1,79819.5,0,179.3
11972,control,2,13,new,mobile,0,,0,214.2
8071,control,1,5,returning,desktop,0,,0,212.1
8578,control,3,21,returning,mobile,0,,0,125.0
7974,control,3,15,returning,mobile,0,,0,198.3
11167,control,2,12,new,mobile,0,,0,200.6
1626,treatment,2,11,returning,mobile,0,,0,132.5
537,treatment,1,4,returning,desktop,0,,0,166.9
8767,treatment,3,21,returning,mobile,1,144921.91,0,131.1
7971,treatment,3,17,new,desktop,1,227862.94,0,184.8
4213,control,1,3,returning,mobile,0,,0,232.2
6457,control,3,17,new,mobile,0,,0,208.4
3508,treatment,3,18,new,mobile,0,,0,181.0
8394,treatment,2,10,returning,mobile,1,164898.84,0,110.2
9525,control,3,18,returning,mobile,0,,1,233.1
7113,treatment,2,8,new,mobile,0,,0,39.5
2709,control,2,12,new,mobile,0,,0,166.7
5032,treatment,1,5,returning,desktop,0,,0,99.1
6515,control,2,14,new,desktop,0,,1,187.1
4663,control,1,7,returning,mobile,0,,0,254.0
4022,control,3,15,returning,desktop,1,139606.22,0,169.7
1855,treatment,1,6,returning,mobile,0,,0,142.1
11308,treatment,2,9,returning,desktop,0,,0,186.6
2873,control,3,20,returning,mobile,0,,0,206.7
3031,treatment,3,19,new,mobile,0,,0,158.5
9398,treatment,1,1,new,mobile,0,,0,97.3
1646,control,3,19,returning,mobile,0,,0,52.7
3418,treatment,3,19,returning,desktop,0,,0,121.7
3477,treatment,1,4,returning,desktop,0,,0,76.6
11461,control,1,3,new,desktop,0,,0,224.7
1793,control,1,2,returning,mobile,0,,0,239.0
3798,treatment,3,21,returning,mobile,1,167838.01,0,74.4
3369,control,1,6,returning,mobile,0,,0,144.3
7197,control,1,5,new,desktop,0,,0,196.3
11570,treatment,1,6,new,mobile,0,,0,122.9
5110,treatment,2,12,returning,mobile,0,,1,158.8
6025,treatment,3,20,returning,mobile,0,,1,43.3
8796,treatment,2,13,returning,mobile,0,,1,107.4
11147,control,2,10,returning,mobile,0,,0,153.4
127,control,1,4,returning,mobile,0,,0,199.3
5960,control,2,8,new,mobile,0,,0,199.1
3877,control,3,15,returning,mobile,0,,0,220.1
4452,treatment,3,19,returning,mobile,0,,0,209.1
7148,treatment,3,16,returning,mobile,1,112298.66,0,142.1
3532,control,3,18,returning,mobile,0,,0,171.8
828,control,1,6,returning,mobile,0,,0,182.4
9832,control,3,18,returning,desktop,0,,0,184.0
7791,treatment,1,7,new,mobile,1,258622.11,0,118.7
985,control,2,13,new,mobile,0,,0,247.6
7784,control,1,7,new,desktop,0,,0,111.6
10381,treatment,2,9,returning,desktop,0,,0,192.1
11497,control,1,5,returning,mobile,0,,0,167.9
2444,treatment,1,1,returning,mobile,0,,0,110.0
8555,treatment,1,7,returning,mobile,0,,0,176.1
10542,control,3,17,returning,mobile,0,,0,173.5
346,treatment,2,10,returning,mobile,0,,0,145.5
815,control,1,5,new,mobile,0,,0,142.3
6167,treatment,3,16,returning,mobile,0,,0,128.9
10879,control,3,20,returning,mobile,0,,0,175.1
5780,control,1,6,returning,mobile,0,,0,229.6
2117,control,3,15,new,desktop,0,,1,148.9
10027,treatment,2,13,returning,mobile,0,,0,122.2
794,control,1,5,new,desktop,1,152764.86,0,235.7
11931,treatment,3,16,new,desktop,1,155429.51,0,132.3
6899,treatment,3,17,new,desktop,0,,0,144.3
2675,treatment,3,18,new,desktop,0,,0,160.8
95,control,2,12,returning,mobile,0,,0,158.2
4226,treatment,2,14,returning,desktop,0,,1,106.8
3757,control,1,7,returning,mobile,0,,0,202.3
2892,treatment,2,8,returning,mobile,0,,0,213.4
2372,control,2,9,returning,desktop,0,,0,157.5
11263,treatment,2,9,returning,desktop,0,,0,126.3
3229,treatment,1,4,returning,mobile,0,,0,85.5
7864,control,3,20,returning,mobile,0,,0,192.2
6360,control,1,4,new,mobile,0,,0,123.4
11033,treatment,1,2,new,mobile,0,,0,122.4
7327,treatment,3,18,new,desktop,0,,0,161.4
6029,treatment,2,13,returning,mobile,0,,0,82.6
1866,treatment,1,6,new,mobile,0,,0,57.6
4613,treatment,1,2,returning,desktop,0,,0,181.5
10050,treatment,3,21,returning,mobile,0,,0,175.6
2646,treatment,3,16,new,mobile,0,,0,113.5
2244,control,1,3,new,mobile,0,,0,135.0
5374,treatment,2,11,new,desktop,0,,0,120.0
2337,treatment,2,10,new,desktop,0,,0,110.6
951,treatment,2,14,returning,mobile,1,179071.25,0,165.0
1121,treatment,1,1,returning,desktop,1,3829313.73,0,133.2
10790,control,2,12,returning,mobile,1,375495.07,0,153.6
2205,control,3,17,new,mobile,0,,0,176.3
420,treatment,1,1,new,desktop,0,,0,109.1
923,treatment,1,5,returning,mobile,0,,0,68.1
9447,treatment,1,7,returning,mobile,0,,0,148.7
8670,treatment,2,10,returning,mobile,1,161848.86,0,116.8
10228,control,3,19,returning,mobile,1,109933.85,0,261.4
5409,control,3,15,returning,desktop,1,387186.7,0,174.7
5789,treatment,3,18,returning,mobile,0,,0,149.2
5743,treatment,1,3,new,mobile,0,,0,149.6
7668,control,1,1,new,mobile,0,,1,214.3
5568,control,2,10,new,mobile,0,,0,162.1
8136,control,1,2,new,mobile,0,,0,182.9
1203,treatment,2,13,new,mobile,0,,0,66.8
10819,control,3,15,returning,desktop,0,,0,189.2
5766,control,1,3,new,mobile,0,,0,226.1
8390,treatment,2,10,returning,mobile,0,,0,160.6
1971,control,3,21,returning,desktop,0,,0,198.0
4019,control,3,21,returning,mobile,0,,0,212.8
10344,treatment,3,20,new,mobile,0,,0,91.2
3688,treatment,1,6,returning,mobile,1,275944.04,0,150.5
1998,control,2,12,returning,mobile,1,93497.17,0,140.4
4034,treatment,1,2,new,desktop,0,,0,113.8
1249,treatment,3,21,returning,mobile,0,,0,128.2
2193,treatment,3,20,returning,mobile,0,,1,168.2
2713,control,3,21,returning,mobile,0,,0,172.8
9185,treatment,2,9,returning,desktop,0,,1,153.7
2191,control,1,5,returning,mobile,1,206630.61,0,204.5
4671,control,3,20,returning,mobile,1,143293.87,0,269.1
5143,control,2,14,new,mobile,0,,0,145.2
5985,treatment,2,12,new,mobile,0,,0,137.7
6566,treatment,2,14,returning,mobile,1,391405.32,0,104.8
7805,control,1,4,returning,mobile,0,,0,155.9
6944,treatment,2,13,returning,desktop,0,,0,231.2
9511,treatment,3,19,new,mobile,0,,0,73.5
10056,control,1,1,new,mobile,0,,0,239.0
10536,control,2,12,returning,desktop,1,117485.69,0,145.4
10642,treatment,2,11,new,mobile,0,,0,87.5
2137,control,2,10,returning,desktop,0,,1,222.5
1066,treatment,1,6,returning,desktop,0,,0,131.2
601,control,3,16,returning,mobile,0,,0,180.5
4228,control,3,18,returning,desktop,1,191826.33,1,100.4
10814,treatment,2,8,returning,mobile,1,3920989.65,1,143.3
7578,control,2,10,returning,mobile,1,246582.3,0,226.9
78,treatment,3,17,returning,desktop,0,,0,102.9
7547,treatment,2,12,returning,mobile,0,,0,243.7
2899,treatment,1,1,new,mobile,0,,0,135.7
4821,treatment,1,7,returning,mobile,0,,0,128.1
9507,treatment,2,12,new,desktop,0,,0,205.3
11159,control,1,3,new,mobile,1,126619.43,0,139.5
6414,treatment,1,4,returning,mobile,0,,0,118.3
9445,treatment,3,17,new,mobile,0,,0,82.2
9065,control,2,10,new,mobile,0,,0,185.7
8008,treatment,2,9,new,mobile,0,,0,79.9
5469,treatment,3,18,new,mobile,0,,0,93.2
5952,control,3,17,returning,desktop,0,,0,177.6
3392,treatment,1,3,returning,mobile,1,89641.38,0,180.6
5416,control,2,11,returning,mobile,0,,0,142.7
2561,treatment,2,10,new,desktop,0,,0,247.3
11868,treatment,1,1,new,desktop,0,,0,126.4
8163,control,2,12,returning,mobile,0,,0,222.9
2636,control,2,12,returning,mobile,0,,0,182.8
5257,treatment,2,10,returning,mobile,0,,1,31.9
3531,control,3,20,new,desktop,0,,0,168.8
8568,control,2,10,new,desktop,0,,0,116.4
1909,treatment,2,8,returning,mobile,1,127089.34,0,132.6
11110,control,1,1,new,desktop,0,,0,166.0
236,treatment,3,18,returning,mobile,0,,0,185.3
1605,control,1,6,returning,desktop,0,,0,157.3
7985,treatment,2,13,returning,mobile,0,,0,80.7
9311,control,3,20,returning,mobile,0,,0,189.7
3491,treatment,3,21,new,mobile,0,,0,100.9
11819,control,2,9,new,mobile,0,,0,189.8
1995,control,2,14,returning,mobile,0,,0,251.1
2825,treatment,2,12,new,mobile,0,,0,60.9
11137,treatment,3,18,new,desktop,0,,1,110.6
10569,control,3,15,returning,desktop,0,,0,182.1
1343,control,1,7,returning,desktop,0,,0,158.3
8513,treatment,2,8,returning,mobile,0,,0,131.2
1620,control,3,19,returning,mobile,0,,0,212.7
5288,treatment,3,18,new,mobile,0,,0,93.0
2061,treatment,1,6,returning,desktop,0,,0,200.3
11941,treatment,2,13,new,mobile,1,189807.9,0,112.1
2220,control,1,6,new,mobile,0,,0,210.9
9866,control,1,4,returning,mobile,0,,0,210.6
6039,control,3,18,returning,mobile,0,,0,148.5
261,control,2,11,new,desktop,0,,0,215.8
11236,treatment,1,6,returning,mobile,0,,0,148.5
10232,treatment,2,8,new,mobile,0,,0,138.6
9094,control,3,15,new,desktop,0,,0,182.0
3745,control,1,5,new,mobile,0,,0,144.8
2027,treatment,2,11,returning,desktop,0,,0,130.3
6989,control,2,14,returning,mobile,1,127367.53,0,180.1
4235,control,3,15,new,desktop,0,,0,258.1
1918,treatment,2,10,returning,mobile,0,,0,139.0
1829,treatment,2,9,new,mobile,0,,0,20.0
9766,treatment,2,13,new,mobile,0,,0,117.0
6234,control,3,17,returning,mobile,1,97598.62,0,175.2
11198,control,1,6,new,desktop,0,,1,174.9
6284,control,2,10,returning,desktop,0,,0,166.6
4209,control,2,11,new,mobile,0,,0,295.6
225,control,1,4,new,mobile,0,,0,200.2
8916,control,2,14,returning,mobile,0,,0,133.7
10003,control,1,3,returning,mobile,0,,0,286.7
9334,treatment,3,18,new,desktop,0,,0,142.6
6470,treatment,2,10,returning,desktop,1,89823.02,0,92.1
11295,control,1,3,new,mobile,0,,0,183.4
10955,treatment,2,11,returning,mobile,0,,0,51.5
847,control,2,9,new,mobile,0,,0,247.6
4290,treatment,2,14,new,mobile,0,,0,158.4
5561,treatment,1,4,returning,desktop,0,,0,130.3
2552,control,1,4,new,mobile,0,,0,229.0
118,treatment,3,18,new,mobile,0,,0,158.7
8838,treatment,2,13,returning,desktop,0,,0,181.5
5967,treatment,3,20,returning,desktop,0,,0,138.4
8196,treatment,3,21,returning,mobile,0,,0,197.3
8660,control,3,17,returning,desktop,0,,0,201.6
7490,control,3,19,new,mobile,0,,0,93.5
6,treatment,1,1,returning,desktop,0,,0,192.8
5343,treatment,1,5,returning,mobile,0,,0,253.0
9112,control,2,11,new,mobile,0,,0,104.2
10788,control,2,12,returning,mobile,0,,0,264.2
4325,control,1,3,new,desktop,0,,0,216.1
1064,treatment,3,16,returning,mobile,0,,1,125.7
2591,treatment,3,15,returning,desktop,0,,0,139.8
8435,treatment,2,14,new,mobile,0,,0,211.4
9353,control,2,11,returning,mobile,0,,0,182.9
3736,treatment,3,21,new,mobile,0,,0,134.4
10590,treatment,2,11,returning,desktop,0,,0,134.4
3518,control,2,9,returning,desktop,0,,0,177.1
6987,treatment,1,2,returning,desktop,0,,0,153.2
10756,control,2,12,returning,desktop,0,,0,196.0
6768,control,3,15,new,desktop,0,,0,182.5
5623,treatment,3,21,new,mobile,0,,0,271.6
1606,control,2,12,returning,mobile,0,,0,175.3
1734,control,3,21,returning,mobile,1,173717.95,0,207.6
10517,control,2,9,new,mobile,0,,1,150.0
10902,control,1,1,returning,mobile,0,,0,183.7
11208,treatment,3,19,returning,mobile,0,,0,125.0
9505,treatment,2,12,new,mobile,0,,0,161.3
3813,treatment,1,1,returning,desktop,1,154937.46,0,72.9
11550,treatment,1,5,returning,mobile,0,,0,224.4
10555,treatment,1,2,returning,mobile,0,,0,193.8
10168,treatment,3,16,returning,mobile,0,,0,177.9
1762,control,2,10,returning,mobile,0,,0,104.1
5402,control,3,15,returning,mobile,0,,0,221.2
2740,treatment,3,20,returning,desktop,1,188213.26,0,103.7
11558,treatment,1,6,new,mobile,0,,0,73.6
2473,treatment,1,7,returning,mobile,0,,0,20.0
6739,treatment,1,4,returning,mobile,1,189073.04,0,129.9
6892,control,2,14,returning,desktop,0,,0,188.6
7944,treatment,1,1,returning,mobile,1,298822.01,0,97.9
9686,control,3,17,new,mobile,0,,0,221.7
4207,control,3,15,new,desktop,0,,0,280.1
6372,control,1,5,returning,mobile,1,61811.84,0,179.7
10351,control,1,2,new,mobile,0,,0,126.5
9362,control,3,20,returning,mobile,0,,0,126.5
10349,control,3,15,returning,mobile,0,,0,169.2
233,treatment,1,4,returning,desktop,1,296739.32,0,74.1
8259,treatment,1,2,returning,mobile,0,,0,146.0
7562,control,3,17,new,mobile,0,,0,240.1
9796,treatment,1,6,new,mobile,0,,0,90.0
6169,control,3,21,new,mobile,1,157010.61,0,180.9
3597,treatment,1,5,returning,desktop,0,,0,156.4
6289,control,1,4,returning,desktop,1,93872.29,0,109.6
4633,control,1,2,returning,mobile,0,,0,156.7
126,control,3,19,returning,mobile,0,,0,205.4
7642,treatment,2,9,new,mobile,0,,0,151.3
6230,control,3,16,returning,desktop,0,,0,127.4
1297,control,2,8,returning,mobile,0,,0,155.6
1977,control,1,3,new,mobile,0,,0,185.9
11374,treatment,2,11,returning,mobile,1,241917.04,0,210.1
11321,control,2,14,returning,mobile,0,,0,190.1
10268,control,1,7,new,mobile,0,,0,144.3
5751,control,2,14,new,mobile,1,115576.44,0,166.0
8153,treatment,3,16,new,mobile,0,,0,88.9
3087,control,1,3,new,desktop,0,,0,108.5
11127,control,1,4,returning,mobile,0,,0,107.1
6883,control,2,14,returning,mobile,0,,0,107.2
11163,control,2,14,new,mobile,0,,0,184.5
7674,control,1,5,returning,mobile,0,,1,202.3
3346,treatment,3,18,new,mobile,0,,0,109.7
8173,treatment,2,12,returning,desktop,0,,0,163.6
11303,treatment,1,1,returning,mobile,0,,0,185.8
5871,treatment,3,19,new,mobile,1,52455.39,0,178.9
6507,treatment,3,17,returning,desktop,1,164043.27,0,208.8
2798,control,1,6,returning,desktop,0,,1,138.4
919,control,1,2,returning,desktop,1,250317.42,0,105.6
1647,control,2,10,new,mobile,0,,1,206.9
5123,control,2,14,new,mobile,0,,0,107.9
5127,control,1,1,returning,mobile,0,,0,185.3
4622,treatment,2,13,returning,desktop,0,,0,182.5
6810,treatment,2,9,returning,desktop,0,,1,164.9
365,treatment,3,15,returning,desktop,1,160854.8,0,134.5
2126,control,3,20,returning,desktop,0,,0,232.7
8151,treatment,2,13,new,desktop,0,,0,133.8
8718,control,3,15,new,mobile,0,,0,156.2
56,treatment,2,10,returning,mobile,0,,0,204.6
639,treatment,2,10,new,desktop,0,,0,27.3
303,treatment,3,21,returning,desktop,1,115285.47,0,177.4
10959,control,2,8,returning,mobile,1,103575.08,0,278.3
5812,control,3,15,returning,desktop,0,,0,199.0
1277,control,2,9,new,desktop,0,,0,267.5
10248,control,1,5,returning,desktop,0,,0,229.1
4433,treatment,3,15,new,mobile,0,,0,95.5
3645,control,3,17,new,mobile,0,,0,119.0
4144,control,3,20,returning,mobile,0,,0,118.6
2879,treatment,1,5,returning,mobile,0,,0,151.2
6494,control,3,20,new,mobile,0,,0,108.9
10479,control,2,13,new,mobile,0,,1,179.7
10454,control,2,8,returning,mobile,0,,0,206.7
5241,control,1,6,returning,mobile,0,,0,144.2
11287,treatment,1,2,returning,mobile,1,144925.53,0,166.2
10489,treatment,3,20,returning,desktop,0,,0,180.2
6938,treatment,3,16,returning,mobile,0,,0,91.0
7241,treatment,3,20,new,desktop,0,,0,220.5
9946,control,3,19,new,desktop,0,,0,190.0
10161,control,1,6,returning,desktop,0,,0,159.3
2594,control,3,18,new,desktop,0,,0,171.9
2394,control,3,21,returning,mobile,0,,0,168.8
524,treatment,1,7,new,mobile,0,,0,127.3
6377,control,3,16,new,mobile,0,,0,191.7
6982,treatment,2,9,new,desktop,0,,0,189.2
6678,treatment,1,1,new,mobile,0,,0,119.1
3901,control,1,2,new,mobile,1,347730.06,1,253.7
11561,treatment,1,2,returning,mobile,0,,0,145.7
5586,treatment,3,20,returning,desktop,0,,0,138.7
11231,control,1,6,returning,mobile,0,,0,259.4
7957,control,1,6,returning,mobile,0,,0,220.4
7571,treatment,3,16,returning,mobile,0,,0,219.8
6778,treatment,1,3,new,mobile,0,,0,223.5
10162,treatment,2,14,new,mobile,0,,0,108.1
672,treatment,3,15,new,desktop,0,,0,90.3
4189,control,3,18,new,mobile,0,,0,119.7
667,treatment,1,3,returning,mobile,1,94389.33,0,148.7
3267,control,2,10,returning,mobile,1,148412.72,0,254.4
1888,control,3,19,returning,mobile,0,,1,148.7
8473,control,1,1,new,mobile,0,,0,224.1
9912,treatment,2,11,returning,desktop,0,,0,172.3
9092,treatment,3,18,returning,desktop,1,74260.81,0,89.6
7688,treatment,2,8,new,mobile,0,,0,116.8
6032,control,3,19,new,mobile,0,,0,146.8
6091,control,3,19,new,mobile,0,,0,227.0
6239,treatment,2,9,returning,mobile,0,,0,101.4
7351,control,1,7,new,mobile,0,,0,156.1
7831,treatment,2,13,new,desktop,0,,0,141.7
761,treatment,3,19,returning,mobile,0,,0,69.9
6255,treatment,3,17,returning,mobile,0,,0,118.6
1907,control,2,13,returning,mobile,1,212724.13,0,147.1
3819,treatment,1,4,returning,desktop,0,,0,181.5
6270,control,3,18,new,mobile,0,,0,190.4
4301,control,1,4,returning,mobile,0,,0,222.2
5570,treatment,3,19,returning,desktop,0,,0,136.3
7942,control,3,20,new,desktop,1,529633.14,0,207.3
10786,treatment,2,12,new,mobile,0,,0,215.2
4165,treatment,1,7,returning,mobile,0,,0,68.6
5972,control,2,9,returning,desktop,0,,0,148.2
3580,control,2,10,new,mobile,0,,0,213.9
2833,control,3,19,returning,desktop,0,,0,243.0
5450,control,2,11,new,mobile,0,,0,132.4
3473,treatment,2,12,new,desktop,0,,0,146.0
6328,treatment,2,10,returning,mobile,1,179741.1,0,135.4
138,control,3,18,new,mobile,0,,0,113.5
7044,control,2,8,new,desktop,0,,0,168.2
4893,control,2,11,returning,mobile,0,,0,139.7
2181,treatment,2,14,returning,mobile,0,,0,47.7
10321,treatment,3,21,returning,mobile,0,,0,99.5
7731,treatment,2,14,returning,mobile,0,,0,229.0
3178,control,1,5,returning,mobile,0,,0,196.9
4855,control,3,21,returning,desktop,0,,0,206.2
4638,treatment,3,17,returning,mobile,0,,0,176.7
5116,treatment,3,16,new,mobile,0,,0,173.0
11158,treatment,2,14,returning,desktop,0,,0,182.4
7649,control,2,13,new,mobile,0,,0,238.9
4262,treatment,3,19,new,mobile,0,,0,170.5
1332,control,2,9,returning,mobile,0,,0,165.4
10210,control,3,17,returning,desktop,0,,0,182.0
10675,treatment,1,3,returning,desktop,1,87565.17,0,140.4
7003,treatment,3,15,new,desktop,0,,0,52.1
9551,treatment,1,2,new,desktop,0,,0,237.8
6942,control,1,6,returning,mobile,0,,0,219.3
8018,treatment,2,13,returning,mobile,0,,0,179.0
6242,control,1,2,returning,desktop,0,,0,231.6
9522,treatment,3,21,returning,desktop,0,,0,115.8
11982,control,2,13,returning,desktop,0,,0,188.1
6882,treatment,2,8,new,mobile,0,,0,207.7
10343,control,1,6,returning,mobile,0,,0,138.7
4531,treatment,2,14,new,mobile,0,,0,159.0
10315,treatment,2,11,returning,mobile,0,,0,190.6
4674,control,2,11,new,mobile,0,,0,177.5
6997,treatment,2,11,returning,mobile,0,,0,208.6
1253,control,2,11,new,mobile,0,,0,250.9
3375,treatment,3,21,new,mobile,0,,0,105.9
2815,control,1,2,new,desktop,0,,1,228.4
4720,control,2,14,returning,desktop,0,,0,136.9
6545,control,3,18,returning,desktop,0,,0,195.7
10041,control,2,9,returning,mobile,0,,0,189.7
4859,control,1,4,new,mobile,0,,0,134.5
7902,treatment,2,8,returning,mobile,0,,0,151.2
8581,treatment,1,4,new,desktop,0,,0,113.5
8428,control,3,15,returning,mobile,0,,0,168.8
1078,control,3,19,returning,mobile,0,,0,122.3
10177,control,3,19,returning,mobile,0,,0,172.5
4364,treatment,2,13,returning,desktop,0,,0,147.1
771,control,2,11,new,mobile,0,,0,280.2
10358,treatment,1,3,new,mobile,0,,0,198.2
8866,control,1,5,new,mobile,1,179755.47,0,149.8
250,control,2,11,returning,desktop,0,,0,187.6
9767,control,2,9,returning,mobile,0,,0,175.9
7240,treatment,2,10,returning,mobile,0,,0,181.5
3420,treatment,1,4,returning,desktop,0,,0,102.1
10274,control,1,7,new,mobile,0,,0,154.9
10016,control,2,10,returning,desktop,1,368609.33,0,168.8
4977,control,1,5,new,mobile,0,,0,206.6
4545,control,3,18,returning,desktop,0,,0,152.3
5566,control,2,13,new,desktop,1,132661.25,0,217.4
7940,treatment,2,14,new,mobile,0,,0,142.8
717,treatment,2,12,new,mobile,1,114675.73,0,59.9
11584,control,2,14,new,mobile,0,,0,177.8
2049,control,2,8,returning,mobile,0,,0,168.2
5998,treatment,2,14,new,desktop,0,,0,227.0
6601,control,3,21,returning,mobile,0,,0,190.7
7246,treatment,1,2,new,mobile,0,,0,175.5
4179,treatment,1,5,returning,desktop,1,393483.83,0,184.8
4810,treatment,2,10,returning,mobile,0,,0,74.3
10917,control,3,16,returning,mobile,1,299504.44,0,209.9
11377,treatment,3,17,new,desktop,0,,0,126.2
7141,control,3,16,returning,desktop,1,141586.1,1,247.8
7191,treatment,3,16,returning,mobile,0,,0,125.6
1461,treatment,1,5,returning,desktop,1,162016.2,0,137.3
5990,control,3,18,new,mobile,0,,0,135.4
9861,control,2,11,returning,desktop,0,,0,127.0
10949,control,2,11,returning,mobile,0,,1,127.6
2001,treatment,2,9,returning,mobile,1,213068.7,0,117.3
8176,treatment,3,19,new,desktop,0,,0,251.0
405,treatment,3,15,returning,mobile,0,,0,161.8
385,control,2,9,new,desktop,0,,1,183.5
11336,control,2,11,new,desktop,0,,0,114.2
11383,control,1,1,new,mobile,0,,0,203.3
10345,control,1,1,returning,desktop,0,,0,173.3
1634,treatment,1,6,new,desktop,0,,0,139.6
11464,control,3,20,new,mobile,0,,0,131.3
4785,treatment,2,13,returning,mobile,0,,0,219.6
11348,control,3,19,new,mobile,0,,0,169.7
6971,treatment,2,14,new,mobile,0,,0,199.1
3926,treatment,3,21,returning,desktop,0,,0,117.8
4159,control,3,16,returning,mobile,0,,0,289.7
7450,control,3,15,new,mobile,0,,0,212.9
8416,treatment,3,19,returning,mobile,0,,0,69.2
2194,control,3,17,returning,desktop,1,145944.52,1,167.5
10017,treatment,1,1,new,mobile,0,,0,137.2
1016,control,1,6,new,desktop,0,,0,214.0
5125,treatment,1,7,returning,mobile,0,,0,127.6
7419,control,1,7,new,mobile,0,,0,206.4
7410,control,3,21,returning,desktop,0,,0,131.5
8990,control,1,2,returning,desktop,0,,0,213.2
2872,control,3,20,returning,mobile,0,,0,200.1
10,control,2,12,new,desktop,0,,0,211.3
10137,treatment,3,17,new,mobile,1,140236.64,0,111.6
1839,treatment,2,9,returning,desktop,0,,0,146.5
4805,treatment,1,7,returning,mobile,0,,0,134.1
256,treatment,3,21,returning,mobile,0,,0,86.2
7027,treatment,1,3,new,mobile,1,177175.67,1,137.7
5714,treatment,2,13,returning,mobile,0,,0,96.4
3325,treatment,3,15,new,mobile,0,,0,119.1
7715,control,1,7,returning,mobile,0,,0,159.5
1582,control,1,4,returning,mobile,1,121103.84,0,124.7
11149,control,2,8,returning,mobile,0,,0,194.7
925,control,3,16,new,mobile,1,248589.02,0,148.2
2780,control,1,1,returning,desktop,0,,0,173.1
10701,treatment,1,4,new,mobile,0,,0,214.0
7892,treatment,3,15,returning,desktop,0,,0,191.3
6133,treatment,1,1,returning,desktop,0,,0,219.0
5321,control,1,3,new,mobile,0,,0,240.2
7313,control,3,18,returning,desktop,1,209394.21,1,223.9
7103,treatment,2,9,returning,mobile,0,,0,143.7
6043,treatment,2,14,returning,mobile,0,,0,65.3
3776,control,3,15,new,mobile,0,,0,260.7
4836,treatment,2,12,returning,desktop,0,,0,146.4
4965,control,2,9,new,mobile,0,,0,217.9
10972,treatment,2,9,new,mobile,0,,0,165.0
540,treatment,2,12,new,mobile,0,,0,128.8
7484,treatment,3,16,returning,mobile,0,,0,134.4
2746,treatment,3,17,returning,desktop,0,,0,20.0
3720,control,3,19,new,mobile,0,,0,181.1
6820,treatment,3,19,new,mobile,0,,0,181.0
9338,treatment,2,11,new,mobile,0,,0,162.6
4469,treatment,2,9,returning,mobile,0,,0,114.4
668,treatment,3,15,returning,mobile,0,,0,148.5
7576,treatment,1,1,new,mobile,0,,0,147.5
11212,treatment,2,10,new,mobile,0,,0,189.3
8550,treatment,3,21,new,desktop,1,484295.25,0,154.6
5064,control,2,14,returning,mobile,0,,0,257.4
11024,treatment,2,13,returning,desktop,0,,0,140.2
10976,control,2,13,new,mobile,0,,0,180.2
1354,control,3,15,returning,desktop,0,,0,190.1
7115,treatment,1,7,new,desktop,0,,0,143.1
11725,control,3,17,returning,mobile,1,143700.07,0,223.3
8663,treatment,2,14,new,mobile,0,,0,154.0
2704,treatment,1,6,returning,desktop,0,,1,216.9
3331,treatment,3,16,returning,mobile,0,,0,122.3
8054,treatment,1,2,new,mobile,0,,0,216.4
9589,treatment,3,19,new,mobile,0,,0,219.6
3585,treatment,3,15,new,mobile,0,,0,90.2
11328,control,1,4,returning,mobile,0,,0,134.9
5646,control,1,1,new,desktop,0,,0,228.5
3377,control,3,18,returning,mobile,0,,0,145.3
1257,treatment,2,11,returning,desktop,1,243352.43,0,174.4
6191,treatment,3,20,new,mobile,0,,0,148.1
9443,treatment,1,6,returning,mobile,0,,0,171.8
5349,treatment,1,1,returning,mobile,0,,0,70.6
11004,treatment,1,2,new,desktop,0,,0,183.6
11126,control,1,3,returning,desktop,1,151237.98,0,115.9
4176,treatment,3,18,returning,mobile,0,,0,135.1
4911,control,2,14,returning,mobile,1,165611.4,0,230.7
1853,treatment,1,7,new,mobile,0,,0,154.2
6317,treatment,1,7,returning,mobile,0,,0,123.7
11825,treatment,3,20,returning,desktop,0,,0,191.4
2106,treatment,1,2,new,desktop,0,,0,108.2
134,control,3,21,returning,desktop,0,,0,169.1
5030,control,3,21,returning,mobile,1,334183.76,0,219.8
929,treatment,1,6,returning,mobile,1,143956.32,0,88.3
824,treatment,2,13,returning,mobile,1,322897.54,0,233.0
7577,treatment,3,15,new,mobile,0,,0,138.9
1532,control,1,3,returning,mobile,0,,0,152.8
1215,control,3,16,returning,mobile,0,,0,221.1
505,treatment,2,11,returning,mobile,0,,0,117.1
10189,control,1,1,new,mobile,0,,0,230.2
6531,control,3,17,new,mobile,0,,0,154.7
3073,treatment,1,5,new,mobile,0,,0,86.5
10151,control,3,19,returning,mobile,0,,0,136.5
9577,control,2,14,returning,mobile,0,,1,237.7
9087,control,2,11,returning,desktop,0,,0,199.5
8648,control,3,21,new,desktop,0,,0,170.4
6620,control,3,19,returning,mobile,0,,0,176.4
9274,treatment,1,4,returning,mobile,0,,0,212.2
3710,treatment,1,3,new,desktop,0,,0,128.1
11503,control,1,5,returning,mobile,0,,0,153.4
4850,treatment,2,12,returning,desktop,1,188661.72,0,163.5
4749,treatment,2,14,new,mobile,0,,0,109.4
4269,treatment,3,16,returning,desktop,0,,0,143.2
11854,treatment,2,9,new,mobile,0,,0,103.5
8906,control,1,1,returning,desktop,0,,0,169.2
4187,control,2,9,returning,desktop,0,,0,124.2
10407,treatment,3,17,new,mobile,0,,0,126.5
5302,treatment,2,10,returning,mobile,0,,0,160.2
2924,treatment,1,3,new,mobile,0,,0,146.0
6589,treatment,1,5,returning,mobile,1,290753.44,0,54.0
1811,control,1,5,returning,mobile,1,211326.61,0,131.3
3487,treatment,1,6,new,mobile,0,,0,219.8
7420,control,3,19,returning,mobile,1,234598.21,0,185.8
3142,control,3,17,returning,mobile,1,229172.3,0,115.0
10020,treatment,2,10,returning,mobile,0,,0,141.2
9348,treatment,3,19,returning,mobile,0,,0,173.1
1325,control,2,12,new,desktop,1,227151.16,0,227.1
4313,control,3,17,returning,desktop,0,,0,138.4
7495,treatment,3,19,returning,mobile,0,,0,152.0
8703,control,2,10,returning,mobile,0,,0,192.7
9873,treatment,2,11,returning,mobile,0,,0,161.9
8692,control,1,4,new,desktop,0,,0,145.3
11401,treatment,2,14,returning,mobile,1,520591.21,0,20.0
10049,treatment,3,20,returning,mobile,1,125629.41,0,114.2
9581,treatment,2,14,new,mobile,0,,0,123.1
10579,control,1,7,returning,desktop,0,,0,90.2
5542,treatment,1,3,returning,desktop,0,,0,141.5
6173,control,3,20,new,mobile,0,,0,112.6
1541,treatment,1,2,returning,mobile,0,,0,101.9
9410,treatment,2,12,new,desktop,0,,0,131.2
2682,treatment,3,15,returning,desktop,0,,0,57.9
11858,treatment,2,14,new,mobile,0,,0,146.3
11186,control,1,1,new,mobile,0,,0,145.7
6314,control,1,1,new,desktop,0,,0,263.9
1192,control,3,20,returning,desktop,0,,0,130.1
5294,treatment,1,7,returning,desktop,0,,0,103.3
1543,control,1,2,returning,mobile,0,,0,143.5
7057,treatment,2,11,returning,mobile,0,,0,167.4
2540,treatment,3,21,returning,desktop,0,,0,177.7
954,control,2,8,new,mobile,0,,0,143.0
7242,control,3,19,returning,mobile,0,,0,91.0
6732,treatment,1,4,returning,mobile,0,,0,132.7
4847,control,1,5,returning,mobile,0,,0,247.8
6802,treatment,1,4,new,mobile,0,,0,205.2
8011,treatment,2,12,returning,mobile,0,,0,20.0
4331,control,1,6,returning,mobile,0,,0,179.2
8925,control,2,13,new,mobile,1,297959.53,0,219.2
5335,control,1,2,returning,mobile,0,,0,217.3
7331,control,3,17,returning,desktop,0,,0,250.5
9349,treatment,2,14,returning,mobile,0,,0,105.9
4730,control,3,15,returning,desktop,0,,0,187.7
6542,control,3,16,returning,desktop,0,,0,233.6
11175,treatment,2,9,new,desktop,0,,0,99.8
5306,treatment,3,16,new,mobile,0,,0,100.3
5162,treatment,2,8,new,mobile,0,,0,164.5
7861,treatment,1,3,returning,mobile,0,,1,102.3
2157,control,3,15,returning,desktop,0,,0,247.9
1063,control,2,14,returning,desktop,0,,0,189.8
10809,control,1,7,returning,desktop,0,,0,220.1
1168,treatment,1,3,new,desktop,0,,0,130.9
3637,treatment,3,16,returning,mobile,0,,0,87.6
7652,control,1,3,new,mobile,1,106280.8,0,202.0
5589,control,2,12,returning,desktop,0,,0,133.7
11131,control,3,19,returning,desktop,0,,0,159.1
7193,treatment,2,9,returning,desktop,0,,0,149.6
4492,treatment,1,2,returning,mobile,1,4248867.95,0,61.0
7267,control,3,16,returning,desktop,0,,0,119.8
11333,control,3,16,returning,mobile,0,,0,121.8
4981,treatment,3,17,returning,mobile,0,,0,148.8
8336,treatment,2,8,new,desktop,0,,0,183.2
11938,treatment,1,2,new,desktop,0,,0,197.4
4947,treatment,3,17,returning,mobile,0,,0,151.8
2783,treatment,2,9,returning,desktop,1,192673.71,0,196.4
718,control,3,15,returning,desktop,0,,0,144.6
10012,treatment,2,10,returning,desktop,0,,0,228.2
2503,treatment,2,13,returning,mobile,0,,0,156.9
4361,control,1,2,returning,mobile,0,,0,94.9
4172,treatment,1,3,returning,mobile,0,,0,151.2
8083,control,3,21,returning,mobile,0,,0,244.5
11710,treatment,3,21,returning,desktop,0,,0,155.6
396,control,2,14,returning,mobile,1,206300.61,0,238.3
7187,control,3,16,returning,mobile,0,,0,271.0
11784,treatment,3,17,returning,mobile,0,,0,192.8
4493,treatment,2,8,returning,desktop,0,,0,132.2
1366,treatment,1,3,new,desktop,0,,0,128.7
11686,treatment,1,3,returning,mobile,0,,0,44.4
8788,treatment,1,7,returning,mobile,1,51966.11,1,154.1
5918,treatment,2,10,returning,mobile,0,,0,88.8
4969,control,1,4,new,desktop,0,,0,158.1
2915,control,1,3,new,mobile,0,,0,205.1
10519,treatment,1,1,new,mobile,0,,0,195.6
5645,treatment,1,5,new,desktop,0,,0,68.3
3767,treatment,1,2,returning,desktop,1,295681.7,0,101.8
3441,control,1,1,returning,desktop,0,,0,218.9
7358,control,1,7,returning,mobile,0,,0,237.5
6807,treatment,3,20,returning,mobile,0,,0,126.2
9880,control,3,20,returning,mobile,0,,0,149.7
2144,treatment,3,21,returning,mobile,1,380367.63,0,134.4
5105,treatment,1,6,new,mobile,1,225512.28,0,116.2
5074,treatment,1,1,returning,desktop,0,,0,138.5
1572,treatment,1,4,returning,mobile,0,,1,131.0
4080,control,1,2,new,mobile,0,,0,127.1
1123,treatment,2,13,new,mobile,0,,0,150.7
2787,treatment,3,18,returning,mobile,0,,0,118.6
2968,control,2,9,returning,desktop,0,,0,142.6
2505,control,2,12,new,mobile,0,,0,161.5
5989,treatment,3,19,new,mobile,0,,0,73.9
8868,control,1,4,returning,mobile,0,,0,153.4
11001,treatment,3,16,returning,mobile,0,,0,135.1
7165,treatment,3,21,returning,mobile,0,,0,185.7
729,control,2,13,returning,mobile,1,54518.29,1,185.0
7588,treatment,1,5,returning,desktop,0,,0,147.1
7544,treatment,2,14,new,mobile,0,,0,130.1
413,control,3,17,new,mobile,0,,0,187.0
11339,treatment,3,21,returning,mobile,0,,0,78.6
9709,treatment,1,2,returning,desktop,1,132943.28,0,55.4
5746,control,2,13,returning,desktop,0,,1,127.5
7669,treatment,3,20,new,mobile,0,,0,109.9
826,control,3,18,returning,desktop,1,428871.56,0,186.0
3268,treatment,1,2,returning,mobile,1,151796.41,0,166.1
3975,control,2,12,new,desktop,0,,0,164.4
8809,treatment,1,2,returning,desktop,0,,0,105.3
8307,treatment,1,4,new,mobile,1,173965.51,0,184.7
418,treatment,1,2,returning,desktop,1,244455.98,0,167.6
11262,treatment,3,20,new,desktop,0,,0,165.9
9818,control,3,15,returning,mobile,0,,0,227.8
6749,control,1,3,new,mobile,0,,0,224.7
8968,control,2,8,new,desktop,0,,0,146.8
11089,treatment,3,15,new,mobile,0,,1,134.4
11573,control,3,21,new,mobile,0,,0,137.4
2083,treatment,1,7,returning,desktop,0,,1,151.7
8946,treatment,2,14,returning,mobile,1,673704.72,0,106.1
10739,treatment,1,2,returning,mobile,0,,0,164.7
3374,control,1,6,new,mobile,0,,0,110.0
5727,treatment,1,6,returning,desktop,0,,0,159.5
4108,treatment,3,16,returning,desktop,0,,0,84.8
10637,treatment,1,1,returning,desktop,0,,0,138.0
4381,treatment,3,20,new,mobile,0,,0,101.0
7724,control,2,9,returning,mobile,0,,0,186.2
1067,control,3,20,returning,mobile,0,,0,202.8
3914,control,2,11,new,desktop,0,,0,173.7
5537,control,3,19,new,mobile,0,,1,179.7
8003,control,1,4,returning,desktop,0,,0,115.2
5388,control,3,20,returning,mobile,0,,0,150.0
5733,treatment,3,15,returning,mobile,0,,0,140.6
2739,treatment,2,11,new,mobile,1,187621.32,0,171.8
5053,treatment,3,19,returning,desktop,0,,0,86.9
4001,treatment,2,12,new,mobile,0,,0,167.2
9761,treatment,1,4,returning,desktop,0,,0,103.0
2428,treatment,1,2,returning,desktop,0,,1,239.8
6834,treatment,2,14,new,desktop,0,,0,117.3
10124,control,1,2,returning,desktop,0,,0,150.9
1688,treatment,1,7,new,mobile,0,,0,190.3
852,control,3,18,returning,desktop,1,121292.57,0,165.5
6304,control,2,8,returning,desktop,0,,0,105.6
9088,treatment,1,5,new,desktop,0,,0,135.8
5879,treatment,1,3,returning,mobile,0,,1,170.7
8528,treatment,1,6,returning,desktop,0,,0,137.4
2840,control,1,4,returning,desktop,0,,0,170.2
11280,control,1,7,returning,mobile,0,,0,148.1
4612,control,2,10,new,desktop,0,,0,204.2
9541,treatment,3,16,new,mobile,0,,0,155.9
9208,control,3,21,returning,mobile,0,,0,115.7
11009,control,3,16,new,desktop,0,,0,188.5
9824,control,2,12,returning,mobile,0,,0,200.7
2490,treatment,1,6,returning,desktop,1,210228.75,0,95.2
6906,treatment,3,20,returning,mobile,0,,0,171.6
7391,control,1,6,returning,mobile,0,,0,183.4
11444,control,1,5,new,mobile,0,,0,242.3
2850,control,1,6,returning,desktop,0,,0,165.7
6666,treatment,2,11,new,mobile,0,,0,147.5
5882,control,1,2,returning,desktop,0,,0,195.1
10263,control,3,19,returning,mobile,0,,0,143.3
4453,treatment,1,5,returning,mobile,0,,0,124.1
9950,treatment,3,20,new,mobile,0,,0,166.7
7422,control,3,19,new,mobile,0,,0,148.1
9828,control,1,1,new,mobile,0,,0,179.6
6485,treatment,3,16,returning,desktop,1,4024107.36,0,125.5
2480,treatment,2,12,new,desktop,0,,0,76.7
6618,treatment,2,11,returning,mobile,1,305644.58,0,182.0
10458,control,1,4,returning,mobile,0,,0,132.6
11152,control,3,16,returning,desktop,1,53343.58,0,172.1
11252,treatment,3,19,returning,mobile,1,273965.35,0,127.1
2142,control,1,2,returning,mobile,0,,0,191.4
11311,control,1,3,returning,desktop,0,,0,179.5
5189,treatment,1,2,returning,desktop,0,,0,136.9
11644,treatment,1,7,returning,mobile,0,,0,136.0
2745,control,3,18,new,desktop,0,,0,189.0
7254,treatment,2,13,new,desktop,0,,0,168.7
3507,control,3,21,new,desktop,1,432874.45,0,158.4
1680,treatment,1,2,returning,mobile,0,,0,208.7
4250,treatment,3,21,returning,mobile,1,87000.09,0,180.7
3148,treatment,3,15,returning,desktop,1,199930.33,0,166.1
8131,treatment,2,8,returning,mobile,1,201874.79,0,202.2
10487,control,1,5,returning,mobile,0,,0,158.6
7005,treatment,2,13,new,mobile,0,,0,181.2
581,control,1,5,new,mobile,0,,0,227.1
9663,control,2,8,new,mobile,0,,0,189.6
4071,control,1,2,new,desktop,1,208573.47,0,294.1
3344,control,1,6,new,mobile,0,,0,116.8
7405,treatment,2,11,new,desktop,0,,0,205.5
3673,control,2,8,returning,mobile,0,,0,190.3
560,control,1,7,returning,desktop,0,,0,211.1
5238,control,2,14,new,mobile,0,,0,149.6
7806,treatment,3,16,returning,desktop,0,,0,114.3
11042,control,2,8,returning,mobile,1,1706190.89,0,234.8
513,control,1,5,new,mobile,1,109979.96,0,163.5
1082,treatment,2,11,returning,desktop,0,,0,130.5
1665,treatment,3,16,new,mobile,0,,0,69.9
9205,control,3,20,returning,mobile,0,,0,181.4
1932,treatment,2,14,returning,desktop,0,,0,123.0
11599,treatment,3,18,new,desktop,0,,0,119.6
1151,control,3,15,returning,desktop,0,,0,143.7
2839,control,2,11,returning,mobile,0,,0,182.9
5950,treatment,3,19,new,mobile,0,,0,134.4
8309,control,3,19,new,mobile,1,116095.33,0,139.8
8933,control,3,17,returning,mobile,0,,0,221.5
11742,control,3,15,returning,mobile,0,,0,128.7
5178,control,3,18,returning,mobile,0,,0,242.6
831,treatment,2,12,returning,desktop,1,121072.14,0,275.7
8312,control,1,6,new,desktop,1,397607.77,0,186.9
4753,control,2,10,returning,desktop,0,,0,280.1
11708,control,1,7,returning,mobile,0,,0,121.2
11664,control,2,10,new,desktop,0,,0,150.6
636,control,2,11,returning,mobile,0,,0,202.9
4466,control,3,20,returning,desktop,0,,0,215.4
6800,control,2,11,new,mobile,0,,0,216.9
7988,treatment,2,10,returning,mobile,1,254372.16,0,154.6
7080,treatment,2,9,returning,desktop,1,119997.33,0,177.0
6967,treatment,3,15,returning,mobile,0,,1,264.8
4143,control,1,2,new,desktop,0,,0,202.6
7028,control,1,4,returning,mobile,1,228581.89,0,163.0
9184,treatment,1,1,new,mobile,0,,0,225.5
877,control,3,16,returning,mobile,0,,0,172.3
4870,treatment,2,9,returning,desktop,0,,0,143.5
5316,control,3,19,returning,desktop,0,,0,281.7
5223,control,1,6,returning,mobile,0,,0,160.3
5,control,1,6,returning,mobile,1,278062.02,0,209.0
3052,control,3,16,new,mobile,0,,0,210.3
5692,control,1,5,returning,desktop,0,,0,121.4
3125,control,2,11,returning,desktop,0,,0,164.6
10853,treatment,2,12,new,desktop,0,,0,140.0
2492,control,3,16,returning,desktop,1,426149.06,0,180.1
3855,treatment,3,19,new,desktop,0,,0,109.7
4778,control,2,11,returning,desktop,0,,0,228.2
9908,treatment,2,8,returning,mobile,0,,0,20.0
7510,treatment,2,9,returning,mobile,0,,0,89.5
6458,treatment,1,5,returning,mobile,0,,0,156.3
6294,treatment,1,2,returning,mobile,0,,0,140.2
1149,control,2,8,new,desktop,0,,0,169.0
11454,control,3,16,new,mobile,0,,0,188.3
575,treatment,2,14,returning,mobile,1,122020.49,0,179.0
3770,treatment,3,16,returning,mobile,0,,0,141.5
4147,control,1,1,returning,mobile,0,,0,169.3
854,treatment,1,7,returning,mobile,1,118274.03,0,163.1
10175,control,1,4,new,mobile,0,,0,182.9
10967,treatment,2,11,new,desktop,0,,0,103.5
5920,control,2,14,returning,desktop,0,,0,65.9
9359,treatment,1,7,returning,desktop,0,,0,99.3
6615,treatment,2,11,returning,mobile,0,,1,154.8
6003,treatment,3,19,new,mobile,0,,0,96.1
9164,treatment,1,4,returning,desktop,0,,0,53.5
10894,control,2,13,returning,desktop,0,,0,241.5
4496,control,1,3,returning,mobile,1,136437.38,0,208.0
8174,treatment,2,11,returning,desktop,1,151568.94,0,125.0
6656,control,2,11,new,mobile,0,,0,210.4
2369,control,3,18,returning,mobile,0,,0,186.6
4781,control,2,8,returning,desktop,1,436985.2,0,109.9
7993,control,2,10,new,mobile,1,120209.18,0,266.8
2951,control,3,20,new,mobile,0,,0,187.1
5626,treatment,3,18,returning,mobile,0,,1,262.2
6972,control,1,4,new,mobile,0,,0,218.2
8717,control,2,9,new,mobile,0,,0,197.1
10648,treatment,1,2,returning,desktop,0,,0,213.5
1842,treatment,2,12,new,mobile,0,,0,140.1
5987,control,1,6,returning,desktop,1,215227.36,0,205.5
538,control,2,11,returning,mobile,0,,0,195.6
2807,control,2,9,returning,mobile,0,,0,298.7
5802,treatment,3,17,returning,desktop,0,,0,150.4
5597,treatment,1,3,new,desktop,0,,0,82.6
7207,treatment,1,5,returning,desktop,0,,0,102.2
7344,control,3,15,returning,mobile,0,,0,190.9
7561,treatment,1,1,returning,desktop,0,,0,182.8
8097,control,3,19,returning,desktop,1,100506.64,0,110.2
11368,treatment,2,10,new,desktop,1,123768.0,0,179.6
785,treatment,2,11,new,desktop,0,,0,118.1
1410,treatment,1,6,new,desktop,0,,0,172.5
10730,treatment,3,21,returning,desktop,1,135729.86,0,183.2
155,control,3,21,returning,mobile,1,253218.48,0,214.8
7807,treatment,1,7,new,mobile,1,99172.79,0,119.5
3010,treatment,2,10,new,mobile,0,,0,75.2
1687,treatment,2,13,new,mobile,0,,0,139.8
11094,control,2,9,new,desktop,0,,0,192.4
4015,treatment,2,8,new,desktop,0,,0,177.3
7456,treatment,3,18,new,desktop,0,,0,184.5
3864,control,3,18,returning,mobile,0,,0,208.5
2734,control,3,16,new,desktop,0,,0,243.3
1896,control,3,20,new,mobile,0,,0,175.2
5443,treatment,2,14,new,desktop,0,,0,137.2
570,treatment,2,9,new,desktop,0,,0,121.2
6710,control,3,15,returning,mobile,0,,0,144.5
5855,control,3,18,returning,desktop,1,112485.26,0,115.4
1817,treatment,2,10,returning,mobile,0,,0,151.4
10258,control,1,7,returning,mobile,1,181664.39,0,234.9
8320,control,1,4,returning,mobile,0,,0,252.3
3395,treatment,1,2,returning,mobile,1,163266.62,0,201.5
3328,treatment,1,4,new,desktop,0,,0,141.0
11977,control,3,19,new,desktop,0,,0,207.2
6103,treatment,1,4,new,desktop,0,,0,212.7
2976,treatment,3,17,new,desktop,0,,0,105.3
981,treatment,1,5,returning,mobile,0,,0,85.6
10493,treatment,3,17,new,desktop,0,,0,129.2
191,treatment,2,9,new,mobile,0,,0,131.0
9332,control,1,5,new,mobile,0,,1,176.0
5089,treatment,2,13,returning,desktop,0,,1,182.3
700,control,2,13,new,desktop,0,,0,216.3
11709,control,3,21,returning,mobile,0,,0,182.1
607,treatment,2,14,new,mobile,0,,0,125.3
302,control,2,10,returning,mobile,1,221829.08,0,189.0
3421,treatment,2,10,returning,mobile,0,,0,145.3
11761,control,2,13,returning,mobile,0,,0,153.2
1061,treatment,1,4,new,desktop,0,,0,114.3
10758,control,3,20,returning,mobile,0,,0,205.8
3445,treatment,3,15,returning,mobile,0,,0,151.9
1070,control,2,13,returning,mobile,0,,0,166.6
10717,treatment,2,11,new,mobile,0,,0,134.9
2206,treatment,1,3,returning,mobile,0,,0,203.7
9436,treatment,3,20,returning,mobile,0,,0,211.1
7340,treatment,3,15,new,mobile,0,,0,195.2
8209,treatment,1,3,returning,mobile,1,278513.36,0,85.1
7680,treatment,1,1,returning,mobile,0,,0,63.8
11313,treatment,1,5,returning,mobile,0,,0,181.6
4643,control,2,11,new,mobile,0,,0,145.8
7684,treatment,1,1,returning,desktop,1,190776.32,0,135.2
9008,treatment,3,15,returning,mobile,0,,0,121.9
7997,control,2,13,new,mobile,0,,0,159.4
11260,control,2,11,returning,mobile,0,,1,234.5
5601,treatment,2,14,returning,mobile,0,,0,120.4
9152,control,3,15,new,mobile,0,,0,243.3
7023,control,2,14,new,desktop,0,,0,115.7
4894,control,1,4,returning,desktop,0,,0,167.4
226,treatment,1,2,returning,mobile,1,119300.85,0,149.2
3355,control,1,4,new,desktop,0,,0,250.2
5896,treatment,3,17,returning,desktop,0,,0,123.4
10678,treatment,2,13,returning,desktop,0,,0,133.3
8755,control,2,13,returning,mobile,0,,0,174.1
3437,control,2,14,returning,mobile,1,289350.84,0,196.9
1694,treatment,1,4,new,desktop,0,,0,163.5
6894,control,1,4,returning,desktop,1,260295.67,0,230.9
1046,control,3,16,new,mobile,0,,0,214.9
3447,treatment,2,11,returning,mobile,0,,0,147.1
8051,control,1,3,new,mobile,0,,0,213.0
9147,control,1,5,returning,desktop,1,108318.41,0,280.0
11976,control,1,4,returning,desktop,0,,0,294.5
10928,treatment,3,20,new,mobile,0,,0,129.3
11297,treatment,2,13,new,desktop,0,,0,126.4
4736,treatment,3,18,returning,desktop,0,,0,95.0
4497,control,3,19,new,mobile,0,,0,182.1
1219,treatment,2,13,returning,mobile,0,,0,120.6
6016,control,2,9,new,desktop,1,176056.01,0,269.9
9720,control,2,13,returning,mobile,0,,0,192.4
3988,control,2,11,new,mobile,0,,1,122.5
4912,control,2,11,returning,mobile,0,,0,206.3
9493,treatment,3,20,returning,mobile,0,,0,128.0
4494,control,2,10,new,desktop,0,,0,130.1
6945,control,2,13,returning,mobile,0,,0,79.0
5700,control,2,14,returning,desktop,0,,0,168.0
8353,treatment,2,11,new,desktop,0,,0,60.3
957,treatment,1,3,returning,mobile,0,,1,109.5
11427,treatment,1,6,returning,desktop,1,100582.68,0,128.9
2870,control,1,1,new,mobile,0,,0,168.3
4434,control,3,17,new,mobile,0,,0,232.6
4974,treatment,1,6,returning,desktop,0,,0,79.2
2962,treatment,1,3,returning,mobile,0,,0,167.0
2201,control,2,11,new,mobile,0,,0,218.7
99,control,3,18,new,mobile,0,,0,230.0
11818,control,1,4,new,mobile,0,,0,169.5
2558,control,3,19,new,desktop,0,,0,176.5
11376,control,2,10,returning,mobile,0,,1,234.9
8446,control,2,12,returning,desktop,1,166229.04,0,217.6
4200,control,1,1,returning,mobile,0,,0,159.4
9638,treatment,3,21,returning,mobile,0,,0,182.7
5540,control,3,15,returning,desktop,0,,0,199.4
1649,treatment,1,7,returning,mobile,1,141618.03,1,194.2
9889,control,2,14,new,mobile,0,,0,153.5
11384,treatment,1,7,new,mobile,0,,0,183.6
6198,control,1,2,new,mobile,0,,0,247.5
6296,treatment,3,21,returning,mobile,0,,0,203.0
4500,treatment,1,1,new,desktop,0,,0,307.9
1155,treatment,3,20,new,desktop,0,,0,125.3
2256,treatment,3,18,returning,mobile,0,,0,89.0
9875,control,1,3,returning,mobile,0,,0,231.6
3171,treatment,2,14,new,desktop,0,,0,93.5
7401,treatment,2,9,new,mobile,0,,0,167.2
10249,control,3,16,returning,desktop,1,613526.55,0,206.1
7159,control,1,3,returning,mobile,0,,0,180.6
3109,control,2,8,new,mobile,0,,0,174.2
4549,treatment,1,1,new,desktop,0,,0,152.6
5424,control,1,4,new,desktop,0,,0,93.0
2050,control,1,6,returning,mobile,0,,0,199.8
9209,control,3,16,new,mobile,0,,0,136.6
8816,control,3,20,returning,desktop,0,,1,145.4
11754,treatment,2,13,new,desktop,0,,0,97.0
263,control,2,10,new,mobile,0,,0,223.7
11562,treatment,3,20,returning,desktop,0,,0,176.9
4062,treatment,1,6,returning,desktop,1,162241.46,0,198.6
5535,treatment,1,1,new,desktop,0,,1,179.2
6617,control,1,2,new,mobile,1,148095.32,0,159.5
8121,control,3,20,returning,mobile,1,134368.96,0,227.7
8156,treatment,3,16,new,mobile,0,,0,129.5
1803,control,1,2,new,mobile,0,,0,170.0
4737,treatment,3,17,returning,mobile,0,,0,179.6
11987,control,3,21,returning,mobile,0,,0,197.9
2386,treatment,2,14,new,mobile,0,,1,102.4
6695,control,2,11,returning,mobile,1,117383.91,0,241.8
5760,control,1,6,new,mobile,0,,1,119.4
1960,treatment,1,7,returning,mobile,0,,0,73.4
2977,treatment,2,11,new,mobile,1,328277.4,0,146.2
8681,control,2,14,returning,desktop,1,169866.06,0,278.7
1844,treatment,2,10,returning,mobile,0,,0,175.9
1735,treatment,3,19,returning,mobile,0,,0,146.9
2912,control,2,13,new,mobile,1,99063.03,0,242.0
11412,control,2,8,returning,desktop,1,197018.18,0,220.7
8339,control,2,13,new,desktop,0,,0,187.0
1987,control,1,1,returning,desktop,0,,0,182.2
9562,control,3,15,returning,mobile,0,,0,107.0
6547,control,1,4,returning,mobile,0,,0,212.6
7099,control,1,7,returning,desktop,0,,1,191.4
2812,treatment,1,2,returning,mobile,0,,0,236.7
660,control,1,4,returning,mobile,0,,0,194.5
9987,treatment,1,1,new,desktop,0,,0,171.8
2512,control,3,21,returning,desktop,1,195380.03,0,204.9
11590,control,2,11,new,mobile,1,50084.45,0,179.5
4283,treatment,1,3,returning,mobile,0,,0,160.0
9340,control,1,2,new,mobile,0,,0,200.2
11465,treatment,2,8,returning,mobile,0,,0,165.4
8801,control,1,4,new,mobile,0,,0,223.7
6288,treatment,3,20,returning,desktop,0,,0,63.2
1931,treatment,3,16,returning,desktop,0,,0,107.6
7126,treatment,3,18,returning,mobile,1,220734.42,0,137.8
198,treatment,1,5,new,desktop,0,,0,117.4
7778,treatment,1,3,new,desktop,0,,0,150.3
2932,control,1,2,new,mobile,0,,0,210.7
8005,treatment,2,8,new,desktop,0,,0,98.3
2328,control,1,4,returning,mobile,0,,0,187.9
4390,treatment,2,11,returning,desktop,0,,0,80.9
8959,control,2,12,returning,mobile,0,,0,237.9
4219,treatment,2,14,returning,desktop,0,,0,165.4
11448,control,2,10,new,desktop,0,,0,142.8
203,treatment,2,14,returning,mobile,0,,0,96.7
3511,treatment,1,5,new,desktop,0,,0,123.7
4932,treatment,1,5,new,desktop,0,,1,91.0
5536,treatment,3,16,returning,mobile,0,,0,39.0
9926,treatment,1,5,returning,mobile,0,,0,152.2
5792,treatment,1,7,returning,mobile,0,,0,103.3
10970,control,2,9,returning,desktop,0,,0,189.7
1708,control,2,10,returning,mobile,0,,0,75.6
5173,treatment,2,13,returning,desktop,0,,0,136.2
5250,treatment,3,21,returning,mobile,0,,0,123.6
11667,treatment,2,9,returning,mobile,0,,0,136.4
6529,treatment,2,12,new,desktop,1,522645.02,0,144.8
11815,control,2,8,new,mobile,0,,0,204.6
5856,treatment,1,1,new,mobile,0,,0,176.2
8165,control,2,11,new,mobile,0,,0,193.3
855,control,3,19,new,mobile,0,,0,146.3
4738,control,3,15,returning,desktop,0,,0,217.6
10353,treatment,1,1,returning,mobile,0,,0,177.4
699,treatment,3,16,returning,desktop,0,,0,143.1
11345,treatment,1,5,returning,desktop,0,,0,130.8
11192,control,2,10,returning,mobile,0,,0,176.1
3697,control,3,15,returning,mobile,0,,0,165.7
1637,control,1,6,returning,desktop,0,,0,129.4
7281,treatment,2,11,new,desktop,0,,0,202.7
7555,treatment,1,4,returning,mobile,0,,0,176.9
11650,treatment,1,5,new,mobile,0,,0,185.4
3582,treatment,1,6,new,desktop,0,,0,177.7
1292,treatment,2,13,new,desktop,0,,0,94.0
6586,control,1,2,returning,desktop,1,156863.54,0,155.4
1854,treatment,2,10,new,desktop,0,,0,194.0
5233,control,3,19,new,desktop,1,135235.88,0,150.7
3764,control,2,14,new,desktop,0,,0,247.6
3305,treatment,1,1,returning,mobile,0,,0,187.6
1496,treatment,2,11,returning,desktop,0,,0,141.7
11638,treatment,3,15,returning,mobile,0,,0,131.3
7995,control,3,20,returning,mobile,0,,0,169.8
1999,treatment,1,1,returning,desktop,0,,0,150.7
664,control,3,17,returning,desktop,0,,0,176.1
3749,control,2,14,returning,desktop,0,,0,151.3
4414,control,3,16,returning,desktop,0,,0,129.7
5531,control,3,18,new,mobile,0,,0,264.5
5576,control,2,8,new,mobile,0,,0,151.2
8902,treatment,2,10,new,mobile,0,,0,194.3
7527,treatment,1,5,returning,desktop,1,106234.53,0,129.6
9475,control,2,10,returning,mobile,0,,0,153.6
5865,treatment,3,16,new,mobile,0,,0,234.9
10868,control,2,9,new,mobile,0,,0,154.3
6777,control,1,5,returning,mobile,0,,0,208.9
1307,treatment,3,21,new,desktop,0,,0,130.5
7393,control,2,11,returning,mobile,0,,0,196.2
10430,treatment,3,21,returning,mobile,0,,1,167.8
11495,treatment,1,6,returning,mobile,0,,0,155.5
5593,treatment,1,3,new,mobile,0,,0,166.9
10231,treatment,3,17,returning,mobile,0,,0,241.6
9722,treatment,2,8,returning,mobile,0,,0,164.5
1664,control,2,8,new,desktop,1,77833.87,0,223.3
5451,control,1,5,new,mobile,0,,0,151.0
11916,treatment,3,19,returning,desktop,0,,0,70.7
11940,treatment,2,9,new,mobile,0,,0,154.8
3628,treatment,2,11,new,mobile,0,,0,129.4
2694,treatment,1,6,new,mobile,0,,0,105.7
11253,control,1,2,new,desktop,0,,0,154.6
9790,treatment,3,19,new,desktop,0,,0,33.8
10922,treatment,1,6,new,mobile,0,,0,171.6
10818,treatment,2,13,new,mobile,0,,0,58.5
5916,treatment,2,9,returning,mobile,0,,0,80.4
3158,control,2,13,returning,mobile,0,,0,121.9
11507,control,3,19,returning,mobile,0,,0,172.6
9915,control,1,6,returning,desktop,0,,0,218.9
6669,control,2,11,returning,desktop,0,,0,145.1
1060,treatment,2,11,returning,desktop,0,,0,141.6
4637,control,3,21,new,mobile,0,,0,194.4
3243,treatment,1,5,returning,desktop,0,,0,204.8
1679,treatment,2,12,returning,mobile,0,,0,192.5
6893,control,3,19,returning,mobile,1,107668.51,0,184.9
6375,control,1,1,returning,desktop,1,132727.97,0,226.0
7575,control,3,16,returning,desktop,0,,0,171.1
1758,treatment,2,11,new,mobile,0,,0,94.4
6020,treatment,2,8,returning,mobile,0,,0,123.6
5117,treatment,2,10,new,mobile,0,,0,107.6
8756,control,1,1,new,desktop,0,,0,157.8
7409,treatment,2,14,new,mobile,0,,0,145.9
2791,treatment,3,19,new,mobile,0,,0,113.7
864,treatment,1,3,new,mobile,0,,0,133.9
7859,treatment,3,20,new,mobile,0,,0,123.5
1485,treatment,2,13,returning,mobile,0,,0,78.8
7036,treatment,2,14,returning,desktop,0,,0,161.1
7722,treatment,3,20,returning,mobile,0,,0,76.4
5978,control,3,21,new,desktop,0,,0,203.7
5135,treatment,1,5,new,desktop,0,,0,92.4
207,control,2,9,returning,desktop,0,,0,224.6
4489,control,2,11,new,mobile,0,,0,118.8
6939,control,1,6,returning,mobile,0,,0,185.5
9063,control,2,9,returning,mobile,0,,0,179.9
6911,treatment,1,7,returning,desktop,0,,0,151.1
503,treatment,1,5,new,mobile,0,,0,159.7
7386,treatment,3,21,new,desktop,1,58980.67,0,154.3
1029,treatment,1,2,returning,desktop,0,,0,141.3
3841,treatment,2,10,new,mobile,0,,0,112.8
10883,treatment,2,13,returning,desktop,0,,0,162.3
8111,control,3,16,returning,mobile,0,,0,156.7
5057,treatment,3,20,new,desktop,0,,0,170.6
9763,treatment,1,7,returning,mobile,0,,0,134.4
8155,treatment,3,17,new,desktop,0,,0,149.1
10966,control,2,12,returning,desktop,0,,0,165.9
2732,control,1,1,new,mobile,0,,0,147.6
8997,treatment,3,18,returning,desktop,0,,0,119.9
11838,treatment,3,21,returning,desktop,0,,0,69.4
2455,treatment,3,17,returning,mobile,0,,0,122.3
7216,control,3,20,new,desktop,0,,0,186.4
3105,treatment,2,12,returning,desktop,0,,1,173.5
8393,control,1,6,new,desktop,0,,0,172.4
6279,treatment,1,5,returning,desktop,0,,0,142.5
3100,control,1,5,returning,mobile,0,,0,224.1
6185,control,2,13,returning,mobile,0,,0,155.8
10471,control,1,1,returning,desktop,0,,1,188.5
3562,treatment,3,15,returning,mobile,1,278605.49,0,102.1
5893,treatment,3,21,new,mobile,0,,0,105.0
392,control,2,12,returning,mobile,1,605322.62,0,204.1
6737,control,1,1,returning,mobile,0,,0,150.8
5619,treatment,3,18,new,mobile,0,,0,207.7
5259,control,2,9,new,desktop,0,,0,226.3
9688,treatment,3,17,new,mobile,0,,0,67.7
2696,control,3,21,new,mobile,1,188247.25,0,234.9
2028,control,3,17,returning,desktop,1,208844.9,0,209.4
5464,treatment,1,7,returning,desktop,1,97170.43,0,94.5
2569,treatment,1,3,returning,mobile,0,,0,79.0
8007,treatment,2,11,new,mobile,0,,1,100.7
65,treatment,1,5,new,mobile,0,,0,65.9
2063,treatment,3,17,returning,mobile,0,,0,118.1
5277,treatment,3,15,returning,mobile,0,,0,93.9
7209,control,1,4,returning,mobile,0,,0,156.8
8685,control,1,5,returning,mobile,0,,0,141.0
8572,treatment,1,6,returning,desktop,0,,0,119.8
6332,treatment,3,19,returning,mobile,0,,0,52.8
4860,control,3,20,returning,mobile,0,,0,289.0
4888,treatment,3,15,returning,mobile,0,,0,126.6
9269,treatment,3,20,new,mobile,0,,0,135.4
879,treatment,2,12,new,mobile,0,,0,159.6
8530,control,3,18,returning,mobile,0,,0,187.7
7917,treatment,1,5,returning,mobile,0,,0,126.1
6864,control,3,21,new,mobile,0,,0,161.9
7893,control,3,21,returning,desktop,0,,0,196.5
6440,treatment,1,2,new,desktop,0,,0,107.7
7870,treatment,2,10,new,desktop,0,,0,103.6
1017,treatment,3,15,new,mobile,0,,0,118.7
9468,treatment,3,17,returning,mobile,0,,0,246.9
7630,treatment,3,16,new,mobile,0,,0,159.3
11535,control,3,17,returning,mobile,0,,0,137.0
996,control,2,12,returning,mobile,0,,0,243.8
10174,control,1,4,returning,mobile,0,,0,164.7
4298,treatment,3,18,returning,mobile,0,,1,59.5
162,treatment,2,9,returning,desktop,0,,0,102.5
5676,treatment,1,3,returning,mobile,0,,0,97.2
6874,control,2,9,returning,desktop,0,,0,209.1
9693,treatment,3,19,new,desktop,1,75728.85,0,154.0
7990,treatment,2,9,returning,mobile,0,,0,190.6
3844,treatment,1,5,new,desktop,0,,0,143.2
10806,treatment,2,8,new,desktop,0,,0,107.2
11654,treatment,2,12,returning,mobile,0,,0,31.7
1022,treatment,2,8,returning,mobile,0,,0,180.0
3074,treatment,2,10,new,mobile,0,,0,154.8
7556,treatment,1,6,new,mobile,0,,0,96.1
3944,treatment,3,20,returning,mobile,0,,0,219.4
1586,treatment,3,17,new,desktop,0,,0,93.5
10148,control,1,5,new,desktop,0,,0,222.0
3153,control,3,19,returning,mobile,0,,0,172.7
8227,treatment,3,20,new,desktop,1,93679.43,0,183.4
776,treatment,1,6,returning,mobile,0,,0,99.7
10749,control,2,8,new,desktop,0,,0,127.7
9671,control,2,11,returning,desktop,1,243968.59,0,242.4
7100,control,1,4,new,mobile,0,,1,150.3
5487,treatment,2,13,returning,mobile,0,,0,123.2
6236,control,3,20,returning,mobile,0,,0,183.1
9556,control,2,8,returning,mobile,0,,0,178.8
7042,control,1,1,new,mobile,0,,0,144.9
2613,control,2,14,returning,desktop,0,,0,172.0
7514,treatment,3,17,returning,mobile,0,,0,131.3
11017,treatment,1,7,returning,mobile,0,,0,96.2
10234,control,2,8,returning,desktop,0,,0,227.9
8434,treatment,3,19,returning,mobile,0,,0,148.9
10254,control,3,15,returning,mobile,0,,0,185.2
10556,treatment,1,7,returning,mobile,0,,1,159.0
8793,control,3,20,returning,desktop,1,84013.43,0,140.3
10628,control,2,8,new,mobile,0,,0,130.5
5394,control,1,5,new,desktop,0,,0,142.8
11081,treatment,2,8,new,desktop,0,,0,132.0
8839,control,3,19,returning,desktop,0,,0,110.1
3891,control,2,8,returning,mobile,0,,0,215.6
3557,control,3,19,returning,mobile,0,,0,278.7
11395,treatment,1,3,new,desktop,0,,0,86.8
1529,control,2,12,returning,mobile,0,,0,173.5
1268,treatment,2,8,new,mobile,0,,0,163.3
7735,treatment,2,13,returning,desktop,0,,0,74.0
1900,control,2,10,returning,mobile,1,328832.69,0,238.7
4659,treatment,2,13,new,desktop,0,,0,251.2
3006,treatment,1,2,returning,mobile,0,,0,49.1
2735,control,3,21,new,mobile,0,,0,161.3
190,control,1,5,returning,mobile,0,,0,198.5
9999,control,2,10,new,mobile,0,,0,184.8
9168,control,3,17,returning,mobile,0,,0,129.8
2748,control,2,9,new,mobile,1,240050.69,0,140.2
2048,treatment,3,21,new,mobile,0,,0,161.8
7850,treatment,3,20,new,mobile,0,,1,97.2
2559,control,1,5,new,mobile,0,,0,186.6
9275,treatment,2,12,returning,mobile,1,216480.93,0,129.6
8667,control,3,17,new,desktop,0,,0,127.2
11097,control,3,15,returning,mobile,0,,0,280.3
6397,treatment,2,10,returning,mobile,0,,0,191.8
3386,treatment,2,14,returning,desktop,0,,0,83.4
4556,treatment,1,1,returning,mobile,0,,0,102.1
1185,control,2,13,new,mobile,0,,1,225.0
6421,control,3,16,returning,desktop,0,,0,208.8
5052,control,1,6,returning,mobile,0,,0,136.7
5312,control,1,4,returning,mobile,0,,0,131.8
2434,control,3,18,new,mobile,0,,0,167.9
6950,treatment,3,20,returning,desktop,0,,0,121.0
10584,control,3,20,new,mobile,0,,0,247.4
770,treatment,1,3,returning,mobile,0,,0,83.3
1686,control,1,1,returning,mobile,0,,0,207.0
8323,control,3,18,returning,mobile,0,,0,257.6
11112,treatment,2,14,returning,mobile,0,,0,119.6
11364,control,3,16,returning,mobile,0,,0,116.1
11637,treatment,1,3,returning,mobile,0,,0,230.1
5579,treatment,2,14,returning,mobile,0,,0,179.6
4427,control,1,5,new,desktop,1,151326.82,0,173.4
467,treatment,1,2,returning,mobile,1,77980.19,0,90.8
6266,treatment,3,16,returning,desktop,0,,0,180.7
5735,control,3,17,returning,mobile,0,,0,184.3
11285,treatment,1,7,returning,mobile,0,,0,163.1
11965,control,2,8,returning,desktop,0,,0,136.5
5192,treatment,2,14,returning,mobile,0,,0,160.8
5391,treatment,2,14,returning,mobile,0,,0,195.8
861,treatment,2,9,new,mobile,0,,0,230.2
7271,treatment,1,5,new,mobile,0,,0,188.9
